[sudo] password for ubuntu: 
[0;32mUbuntu version 22.04 and Kria-PYNQ v3.0 version match[0m
[0;32mInstalling PYNQ, this process takes around 25 minutes [0m
[1;33m Extracting archive pynq-v3.0-binaries.tar.gz[0m
--2026-08-12 03:53:59--  https://www.xilinx.com/bin/public/openDownload?filename=pynq-v3.0-binaries.tar.gz
Resolving www.xilinx.com (www.xilinx.com)... 23.11.207.240, 23.11.207.228
Connecting to www.xilinx.com (www.xilinx.com)|23.11.207.240|:443... connected.
HTTP request sent, awaiting response... 301 Moved Permanently
Location: https://download.amd.com/opendownload/xlnx/pynq-v3.0-binaries.tar.gz [following]
--2026-08-12 03:53:59--  https://download.amd.com/opendownload/xlnx/pynq-v3.0-binaries.tar.gz
Resolving download.amd.com (download.amd.com)... 23.203.222.190
Connecting to download.amd.com (download.amd.com)|23.203.222.190|:443... connected.
HTTP request sent, awaiting response... 200 OK
Length: 145090287 (138M) [application/x-gzip]
Saving to: ‘/tmp/pynq-v3.0-binaries.tar.gz’

     0K .......... .......... .......... .......... ..........  0% 8.83M 16s
    50K .......... .......... .......... .......... ..........  0% 10.1M 15s
   100K .......... .......... .......... .......... ..........  0% 3.43M 23s
   150K .......... .......... .......... .......... ..........  0% 12.8M 20s
   200K .......... .......... .......... .......... ..........  0% 13.1M 18s
   250K .......... .......... .......... .......... ..........  0% 12.1M 17s
   300K .......... .......... .......... .......... ..........  0% 11.6M 16s
   350K .......... .......... .......... .......... ..........  0% 13.3M 16s
   400K .......... .......... .......... .......... ..........  0% 15.7M 15s
   450K .......... .......... .......... .......... ..........  0% 12.5M 14s
   500K .......... .......... .......... .......... ..........  0% 10.1M 14s
   550K .......... .......... .......... .......... ..........  0% 15.9M 14s
   600K .......... .......... .......... .......... ..........  0% 13.1M 14s
   650K .......... .......... .......... .......... ..........  0% 11.2M 14s
   700K .......... .......... .......... .......... ..........  0% 13.7M 13s
   750K .......... .......... .......... .......... ..........  0% 13.0M 13s
   800K .......... .......... .......... .......... ..........  0% 12.1M 13s
   850K .......... .......... .......... .......... ..........  0% 12.2M 13s
   900K .......... .......... .......... .......... ..........  0% 11.8M 13s
   950K .......... .......... .......... .......... ..........  0% 15.5M 13s
  1000K .......... .......... .......... .......... ..........  0% 11.5M 13s
  1050K .......... .......... .......... .......... ..........  0% 12.1M 13s
  1100K .......... .......... .......... .......... ..........  0% 13.3M 12s
  1150K .......... .......... .......... .......... ..........  0% 14.0M 12s
  1200K .......... .......... .......... .......... ..........  0% 11.1M 12s
  1250K .......... .......... .......... .......... ..........  0% 13.2M 12s
  1300K .......... .......... .......... .......... ..........  0% 13.5M 12s
  1350K .......... .......... .......... .......... ..........  0% 10.6M 12s
  1400K .......... .......... .......... .......... ..........  1% 15.1M 12s
  1450K .......... .......... .......... .......... ..........  1% 12.0M 12s
  1500K .......... .......... .......... .......... ..........  1% 13.3M 12s
  1550K .......... .......... .......... .......... ..........  1% 12.6M 12s
  1600K .......... .......... .......... .......... ..........  1% 13.3M 12s
  1650K .......... .......... .......... .......... ..........  1% 11.9M 12s
  1700K .......... .......... .......... .......... ..........  1% 11.5M 12s
  1750K .......... .......... .......... .......... ..........  1% 13.3M 12s
  1800K .......... .......... .......... .......... ..........  1% 15.5M 12s
  1850K .......... .......... .......... .......... ..........  1% 13.7M 12s
  1900K .......... .......... .......... .......... ..........  1% 10.5M 12s
  1950K .......... .......... .......... .......... ..........  1% 15.4M 12s
  2000K .......... .......... .......... .......... ..........  1% 10.9M 12s
  2050K .......... .......... .......... .......... ..........  1% 16.6M 12s
  2100K .......... .......... .......... .......... ..........  1% 15.1M 11s
  2150K .......... .......... .......... .......... ..........  1% 16.1M 11s
  2200K .......... .......... .......... .......... ..........  1% 17.0M 11s
  2250K .......... .......... .......... .......... ..........  1% 17.2M 11s
  2300K .......... .......... .......... .......... ..........  1% 14.7M 11s
  2350K .......... .......... .......... .......... ..........  1% 15.2M 11s
  2400K .......... .......... .......... .......... ..........  1% 5.92M 11s
  2450K .......... .......... .......... .......... ..........  1% 15.6M 11s
  2500K .......... .......... .......... .......... ..........  1% 11.5M 11s
  2550K .......... .......... .......... .......... ..........  1% 12.0M 11s
  2600K .......... .......... .......... .......... ..........  1% 16.5M 11s
  2650K .......... .......... .......... .......... ..........  1% 5.43M 12s
  2700K .......... .......... .......... .......... ..........  1% 15.7M 11s
  2750K .......... .......... .......... .......... ..........  1% 13.3M 11s
  2800K .......... .......... .......... .......... ..........  2% 13.4M 11s
  2850K .......... .......... .......... .......... ..........  2% 12.1M 11s
  2900K .......... .......... .......... .......... ..........  2% 7.06M 12s
  2950K .......... .......... .......... .......... ..........  2% 12.4M 12s
  3000K .......... .......... .......... .......... ..........  2% 13.2M 12s
  3050K .......... .......... .......... .......... ..........  2% 13.6M 11s
  3100K .......... .......... .......... .......... ..........  2% 12.3M 11s
  3150K .......... .......... .......... .......... ..........  2% 13.0M 11s
  3200K .......... .......... .......... .......... ..........  2% 11.1M 11s
  3250K .......... .......... .......... .......... ..........  2% 15.9M 11s
  3300K .......... .......... .......... .......... ..........  2% 13.3M 11s
  3350K .......... .......... .......... .......... ..........  2% 12.5M 11s
  3400K .......... .......... .......... .......... ..........  2% 11.1M 11s
  3450K .......... .......... .......... .......... ..........  2% 15.7M 11s
  3500K .......... .......... .......... .......... ..........  2% 12.2M 11s
  3550K .......... .......... .......... .......... ..........  2% 13.2M 11s
  3600K .......... .......... .......... .......... ..........  2% 13.5M 11s
  3650K .......... .......... .......... .......... ..........  2% 13.3M 11s
  3700K .......... .......... .......... .......... ..........  2% 11.8M 11s
  3750K .......... .......... .......... .......... ..........  2% 12.1M 11s
  3800K .......... .......... .......... .......... ..........  2% 13.4M 11s
  3850K .......... .......... .......... .......... ..........  2% 19.5M 11s
  3900K .......... .......... .......... .......... ..........  2% 4.98M 11s
  3950K .......... .......... .......... .......... ..........  2% 12.3M 11s
  4000K .......... .......... .......... .......... ..........  2% 15.5M 11s
  4050K .......... .......... .......... .......... ..........  2% 10.8M 11s
  4100K .......... .......... .......... .......... ..........  2% 15.8M 11s
  4150K .......... .......... .......... .......... ..........  2% 11.5M 11s
  4200K .......... .......... .......... .......... ..........  2% 12.9M 11s
  4250K .......... .......... .......... .......... ..........  3% 13.2M 11s
  4300K .......... .......... .......... .......... ..........  3% 13.5M 11s
  4350K .......... .......... .......... .......... ..........  3% 11.6M 11s
  4400K .......... .......... .......... .......... ..........  3% 11.8M 11s
  4450K .......... .......... .......... .......... ..........  3% 13.3M 11s
  4500K .......... .......... .......... .......... ..........  3% 13.0M 11s
  4550K .......... .......... .......... .......... ..........  3% 13.6M 11s
  4600K .......... .......... .......... .......... ..........  3% 12.0M 11s
  4650K .......... .......... .......... .......... ..........  3% 15.3M 11s
  4700K .......... .......... .......... .......... ..........  3% 10.5M 11s
  4750K .......... .......... .......... .......... ..........  3% 15.7M 11s
  4800K .......... .......... .......... .......... ..........  3% 13.4M 11s
  4850K .......... .......... .......... .......... ..........  3% 10.3M 11s
  4900K .......... .......... .......... .......... ..........  3% 15.5M 11s
  4950K .......... .......... .......... .......... ..........  3% 13.5M 11s
  5000K .......... .......... .......... .......... ..........  3% 11.9M 11s
  5050K .......... .......... .......... .......... ..........  3% 12.8M 11s
  5100K .......... .......... .......... .......... ..........  3% 13.5M 11s
  5150K .......... .......... .......... .......... ..........  3% 12.1M 11s
  5200K .......... .......... .......... .......... ..........  3% 12.2M 11s
  5250K .......... .......... .......... .......... ..........  3% 11.9M 11s
  5300K .......... .......... .......... .......... ..........  3% 15.4M 11s
  5350K .......... .......... .......... .......... ..........  3% 13.3M 11s
  5400K .......... .......... .......... .......... ..........  3% 10.5M 11s
  5450K .......... .......... .......... .......... ..........  3% 13.3M 11s
  5500K .......... .......... .......... .......... ..........  3% 15.0M 11s
  5550K .......... .......... .......... .......... ..........  3% 11.6M 11s
  5600K .......... .......... .......... .......... ..........  3% 13.4M 11s
  5650K .......... .......... .......... .......... ..........  4% 13.3M 11s
  5700K .......... .......... .......... .......... ..........  4% 10.4M 11s
  5750K .......... .......... .......... .......... ..........  4% 15.7M 11s
  5800K .......... .......... .......... .......... ..........  4% 12.2M 11s
  5850K .......... .......... .......... .......... ..........  4% 13.1M 11s
  5900K .......... .......... .......... .......... ..........  4% 12.9M 11s
  5950K .......... .......... .......... .......... ..........  4% 13.7M 11s
  6000K .......... .......... .......... .......... ..........  4% 12.0M 11s
  6050K .......... .......... .......... .......... ..........  4% 11.4M 11s
  6100K .......... .......... .......... .......... ..........  4% 14.3M 11s
  6150K .......... .......... .......... .......... ..........  4% 11.9M 11s
  6200K .......... .......... .......... .......... ..........  4% 15.6M 11s
  6250K .......... .......... .......... .......... ..........  4% 12.5M 11s
  6300K .......... .......... .......... .......... ..........  4% 13.2M 11s
  6350K .......... .......... .......... .......... ..........  4% 10.4M 11s
  6400K .......... .......... .......... .......... ..........  4% 15.6M 11s
  6450K .......... .......... .......... .......... ..........  4% 11.9M 11s
  6500K .......... .......... .......... .......... ..........  4% 12.9M 11s
  6550K .......... .......... .......... .......... ..........  4% 13.3M 11s
  6600K .......... .......... .......... .......... ..........  4% 13.2M 11s
  6650K .......... .......... .......... .......... ..........  4% 12.1M 11s
  6700K .......... .......... .......... .......... ..........  4% 11.7M 11s
  6750K .......... .......... .......... .......... ..........  4% 13.0M 11s
  6800K .......... .......... .......... .......... ..........  4% 15.7M 11s
  6850K .......... .......... .......... .......... ..........  4% 11.0M 11s
  6900K .......... .......... .......... .......... ..........  4% 12.1M 11s
  6950K .......... .......... .......... .......... ..........  4% 15.2M 11s
  7000K .......... .......... .......... .......... ..........  4% 13.4M 11s
  7050K .......... .......... .......... .......... ..........  5% 11.6M 11s
  7100K .......... .......... .......... .......... ..........  5% 13.2M 11s
  7150K .......... .......... .......... .......... ..........  5% 13.3M 11s
  7200K .......... .......... .......... .......... ..........  5% 11.8M 11s
  7250K .......... .......... .......... .......... ..........  5% 12.6M 11s
  7300K .......... .......... .......... .......... ..........  5% 12.1M 11s
  7350K .......... .......... .......... .......... ..........  5% 16.3M 11s
  7400K .......... .......... .......... .......... ..........  5% 11.2M 11s
  7450K .......... .......... .......... .......... ..........  5% 12.1M 11s
  7500K .......... .......... .......... .......... ..........  5% 13.4M 11s
  7550K .......... .......... .......... .......... ..........  5% 11.4M 11s
  7600K .......... .......... .......... .......... ..........  5% 15.1M 11s
  7650K .......... .......... .......... .......... ..........  5% 13.3M 11s
  7700K .......... .......... .......... .......... ..........  5% 13.4M 11s
  7750K .......... .......... .......... .......... ..........  5% 10.5M 11s
  7800K .......... .......... .......... .......... ..........  5% 15.6M 11s
  7850K .......... .......... .......... .......... ..........  5% 12.1M 11s
  7900K .......... .......... .......... .......... ..........  5% 12.8M 11s
  7950K .......... .......... .......... .......... ..........  5% 13.5M 11s
  8000K .......... .......... .......... .......... ..........  5% 13.2M 11s
  8050K .......... .......... .......... .......... ..........  5% 12.1M 11s
  8100K .......... .......... .......... .......... ..........  5% 11.5M 11s
  8150K .......... .......... .......... .......... ..........  5% 14.4M 11s
  8200K .......... .......... .......... .......... ..........  5% 11.9M 11s
  8250K .......... .......... .......... .......... ..........  5% 15.1M 11s
  8300K .......... .......... .......... .......... ..........  5% 12.4M 11s
  8350K .......... .......... .......... .......... ..........  5% 10.5M 11s
  8400K .......... .......... .......... .......... ..........  5% 13.5M 11s
  8450K .......... .......... .......... .......... ..........  5% 15.1M 11s
  8500K .......... .......... .......... .......... ..........  6% 11.5M 11s
  8550K .......... .......... .......... .......... ..........  6% 13.6M 11s
  8600K .......... .......... .......... .......... ..........  6% 13.0M 11s
  8650K .......... .......... .......... .......... ..........  6% 13.3M 11s
  8700K .......... .......... .......... .......... ..........  6% 11.6M 11s
  8750K .......... .......... .......... .......... ..........  6% 11.8M 11s
  8800K .......... .......... .......... .......... ..........  6% 13.3M 11s
  8850K .......... .......... .......... .......... ..........  6% 13.0M 11s
  8900K .......... .......... .......... .......... ..........  6% 13.3M 10s
  8950K .......... .......... .......... .......... ..........  6% 12.0M 10s
  9000K .......... .......... .......... .......... ..........  6% 15.4M 10s
  9050K .......... .......... .......... .......... ..........  6% 10.4M 10s
  9100K .......... .......... .......... .......... ..........  6% 15.1M 10s
  9150K .......... .......... .......... .......... ..........  6% 13.4M 10s
  9200K .......... .......... .......... .......... ..........  6% 10.4M 10s
  9250K .......... .......... .......... .......... ..........  6% 15.2M 10s
  9300K .......... .......... .......... .......... ..........  6% 12.6M 10s
  9350K .......... .......... .......... .......... ..........  6% 11.8M 10s
  9400K .......... .......... .......... .......... ..........  6% 13.0M 10s
  9450K .......... .......... .......... .......... ..........  6% 13.0M 10s
  9500K .......... .......... .......... .......... ..........  6% 12.2M 10s
  9550K .......... .......... .......... .......... ..........  6% 12.8M 10s
  9600K .......... .......... .......... .......... ..........  6% 11.6M 10s
  9650K .......... .......... .......... .......... ..........  6% 15.3M 10s
  9700K .......... .......... .......... .......... ..........  6% 13.2M 10s
  9750K .......... .......... .......... .......... ..........  6% 10.3M 10s
  9800K .......... .......... .......... .......... ..........  6% 13.4M 10s
  9850K .......... .......... .......... .......... ..........  6% 15.5M 10s
  9900K .......... .......... .......... .......... ..........  7% 12.1M 10s
  9950K .......... .......... .......... .......... ..........  7% 13.4M 10s
 10000K .......... .......... .......... .......... ..........  7% 13.5M 10s
 10050K .......... .......... .......... .......... ..........  7% 13.2M 10s
 10100K .......... .......... .......... .......... ..........  7% 11.4M 10s
 10150K .......... .......... .......... .......... ..........  7% 13.0M 10s
 10200K .......... .......... .......... .......... ..........  7% 17.6M 10s
 10250K .......... .......... .......... .......... ..........  7% 14.2M 10s
 10300K .......... .......... .......... .......... ..........  7% 15.5M 10s
 10350K .......... .......... .......... .......... ..........  7% 11.0M 10s
 10400K .......... .......... .......... .......... ..........  7% 11.8M 10s
 10450K .......... .......... .......... .......... ..........  7% 13.7M 10s
 10500K .......... .......... .......... .......... ..........  7% 11.5M 10s
 10550K .......... .......... .......... .......... ..........  7% 15.4M 10s
 10600K .......... .......... .......... .......... ..........  7% 13.4M 10s
 10650K .......... .......... .......... .......... ..........  7% 13.2M 10s
 10700K .......... .......... .......... .......... ..........  7% 10.6M 10s
 10750K .......... .......... .......... .......... ..........  7% 15.6M 10s
 10800K .......... .......... .......... .......... ..........  7% 11.1M 10s
 10850K .......... .......... .......... .......... ..........  7% 12.2M 10s
 10900K .......... .......... .......... .......... ..........  7% 12.5M 10s
 10950K .......... .......... .......... .......... ..........  7% 11.4M 10s
 11000K .......... .......... .......... .......... ..........  7% 11.2M 10s
 11050K .......... .......... .......... .......... ..........  7% 11.2M 10s
 11100K .......... .......... .......... .......... ..........  7% 12.8M 10s
 11150K .......... .......... .......... .......... ..........  7% 15.4M 10s
 11200K .......... .......... .......... .......... ..........  7% 10.3M 10s
 11250K .......... .......... .......... .......... ..........  7% 11.8M 10s
 11300K .......... .......... .......... .......... ..........  8% 14.3M 10s
 11350K .......... .......... .......... .......... ..........  8% 11.9M 10s
 11400K .......... .......... .......... .......... ..........  8% 11.1M 10s
 11450K .......... .......... .......... .......... ..........  8% 12.8M 10s
 11500K .......... .......... .......... .......... ..........  8% 12.4M 10s
 11550K .......... .......... .......... .......... ..........  8% 10.9M 10s
 11600K .......... .......... .......... .......... ..........  8% 12.8M 10s
 11650K .......... .......... .......... .......... ..........  8% 11.1M 10s
 11700K .......... .......... .......... .......... ..........  8% 14.7M 10s
 11750K .......... .......... .......... .......... ..........  8% 11.0M 10s
 11800K .......... .......... .......... .......... ..........  8% 11.6M 10s
 11850K .......... .......... .......... .......... ..........  8% 12.9M 10s
 11900K .......... .......... .......... .......... ..........  8% 11.1M 10s
 11950K .......... .......... .......... .......... ..........  8% 15.5M 10s
 12000K .......... .......... .......... .......... ..........  8% 12.6M 10s
 12050K .......... .......... .......... .......... ..........  8% 12.2M 10s
 12100K .......... .......... .......... .......... ..........  8% 9.79M 10s
 12150K .......... .......... .......... .......... ..........  8% 14.6M 10s
 12200K .......... .......... .......... .......... ..........  8% 11.1M 10s
 12250K .......... .......... .......... .......... ..........  8% 12.4M 10s
 12300K .......... .......... .......... .......... ..........  8% 11.9M 10s
 12350K .......... .......... .......... .......... ..........  8% 11.9M 10s
 12400K .......... .......... .......... .......... ..........  8% 12.2M 10s
 12450K .......... .......... .......... .......... ..........  8% 11.8M 10s
 12500K .......... .......... .......... .......... ..........  8% 13.8M 10s
 12550K .......... .......... .......... .......... ..........  8% 11.2M 10s
 12600K .......... .......... .......... .......... ..........  8% 13.1M 10s
 12650K .......... .......... .......... .......... ..........  8% 14.2M 10s
 12700K .......... .......... .......... .......... ..........  8% 10.6M 10s
 12750K .......... .......... .......... .......... ..........  9% 13.8M 10s
 12800K .......... .......... .......... .......... ..........  9% 16.0M 10s
 12850K .......... .......... .......... .......... ..........  9% 11.8M 10s
 12900K .......... .......... .......... .......... ..........  9% 13.8M 10s
 12950K .......... .......... .......... .......... ..........  9% 13.4M 10s
 13000K .......... .......... .......... .......... ..........  9% 13.7M 10s
 13050K .......... .......... .......... .......... ..........  9% 12.1M 10s
 13100K .......... .......... .......... .......... ..........  9% 12.0M 10s
 13150K .......... .......... .......... .......... ..........  9% 14.0M 10s
 13200K .......... .......... .......... .......... ..........  9% 15.9M 10s
 13250K .......... .......... .......... .......... ..........  9% 11.9M 10s
 13300K .......... .......... .......... .......... ..........  9% 12.3M 10s
 13350K .......... .......... .......... .......... ..........  9% 15.1M 10s
 13400K .......... .......... .......... .......... ..........  9% 9.73M 10s
 13450K .......... .......... .......... .......... ..........  9% 15.3M 10s
 13500K .......... .......... .......... .......... ..........  9% 14.1M 10s
 13550K .......... .......... .......... .......... ..........  9% 11.1M 10s
 13600K .......... .......... .......... .......... ..........  9% 14.9M 10s
 13650K .......... .......... .......... .......... ..........  9% 13.4M 10s
 13700K .......... .......... .......... .......... ..........  9% 12.1M 10s
 13750K .......... .......... .......... .......... ..........  9% 12.9M 10s
 13800K .......... .......... .......... .......... ..........  9% 14.0M 10s
 13850K .......... .......... .......... .......... ..........  9% 12.3M 10s
 13900K .......... .......... .......... .......... ..........  9% 13.1M 10s
 13950K .......... .......... .......... .......... ..........  9% 12.4M 10s
 14000K .......... .......... .......... .......... ..........  9% 15.3M 10s
 14050K .......... .......... .......... .......... ..........  9% 14.0M 10s
 14100K .......... .......... .......... .......... ..........  9% 9.61M 10s
 14150K .......... .......... .......... .......... .......... 10% 11.8M 10s
 14200K .......... .......... .......... .......... .......... 10% 15.2M 10s
 14250K .......... .......... .......... .......... .......... 10% 11.0M 10s
 14300K .......... .......... .......... .......... .......... 10% 14.2M 10s
 14350K .......... .......... .......... .......... .......... 10% 11.9M 10s
 14400K .......... .......... .......... .......... .......... 10% 13.2M 10s
 14450K .......... .......... .......... .......... .......... 10% 11.9M 10s
 14500K .......... .......... .......... .......... .......... 10% 11.0M 10s
 14550K .......... .......... .......... .......... .......... 10% 12.4M 10s
 14600K .......... .......... .......... .......... .......... 10% 11.9M 10s
 14650K .......... .......... .......... .......... .......... 10% 14.7M 10s
 14700K .......... .......... .......... .......... .......... 10% 11.7M 10s
 14750K .......... .......... .......... .......... .......... 10% 10.8M 10s
 14800K .......... .......... .......... .......... .......... 10% 11.6M 10s
 14850K .......... .......... .......... .......... .......... 10% 14.9M 10s
 14900K .......... .......... .......... .......... .......... 10% 11.1M 10s
 14950K .......... .......... .......... .......... .......... 10% 12.7M 10s
 15000K .......... .......... .......... .......... .......... 10% 12.9M 10s
 15050K .......... .......... .......... .......... .......... 10% 10.1M 10s
 15100K .......... .......... .......... .......... .......... 10% 14.8M 10s
 15150K .......... .......... .......... .......... .......... 10% 11.8M 10s
 15200K .......... .......... .......... .......... .......... 10% 13.1M 10s
 15250K .......... .......... .......... .......... .......... 10% 12.2M 10s
 15300K .......... .......... .......... .......... .......... 10% 13.1M 10s
 15350K .......... .......... .......... .......... .......... 10% 11.8M 10s
 15400K .......... .......... .......... .......... .......... 10% 11.4M 10s
 15450K .......... .......... .......... .......... .......... 10% 11.3M 10s
 15500K .......... .......... .......... .......... .......... 10% 14.1M 10s
 15550K .......... .......... .......... .......... .......... 11% 13.1M 10s
 15600K .......... .......... .......... .......... .......... 11% 10.4M 10s
 15650K .......... .......... .......... .......... .......... 11% 14.7M 10s
 15700K .......... .......... .......... .......... .......... 11% 12.7M 10s
 15750K .......... .......... .......... .......... .......... 11% 11.0M 10s
 15800K .......... .......... .......... .......... .......... 11% 13.3M 10s
 15850K .......... .......... .......... .......... .......... 11% 13.2M 10s
 15900K .......... .......... .......... .......... .......... 11% 11.7M 10s
 15950K .......... .......... .......... .......... .......... 11% 12.3M 10s
 16000K .......... .......... .......... .......... .......... 11% 11.7M 10s
 16050K .......... .......... .......... .......... .......... 11% 15.0M 10s
 16100K .......... .......... .......... .......... .......... 11% 11.0M 10s
 16150K .......... .......... .......... .......... .......... 11% 11.3M 10s
 16200K .......... .......... .......... .......... .......... 11% 13.4M 10s
 16250K .......... .......... .......... .......... .......... 11% 15.0M 10s
 16300K .......... .......... .......... .......... .......... 11% 11.6M 10s
 16350K .......... .......... .......... .......... .......... 11% 14.3M 10s
 16400K .......... .......... .......... .......... .......... 11% 11.9M 10s
 16450K .......... .......... .......... .......... .......... 11% 13.4M 10s
 16500K .......... .......... .......... .......... .......... 11% 11.9M 10s
 16550K .......... .......... .......... .......... .......... 11% 11.2M 10s
 16600K .......... .......... .......... .......... .......... 11% 12.5M 10s
 16650K .......... .......... .......... .......... .......... 11% 10.2M 10s
 16700K .......... .......... .......... .......... .......... 11% 12.4M 10s
 16750K .......... .......... .......... .......... .......... 11% 13.1M 10s
 16800K .......... .......... .......... .......... .......... 11% 11.2M 10s
 16850K .......... .......... .......... .......... .......... 11% 12.4M 10s
 16900K .......... .......... .......... .......... .......... 11% 10.9M 10s
 16950K .......... .......... .......... .......... .......... 11% 14.1M 10s
 17000K .......... .......... .......... .......... .......... 12% 12.6M 10s
 17050K .......... .......... .......... .......... .......... 12% 9.68M 10s
 17100K .......... .......... .......... .......... .......... 12% 12.6M 10s
 17150K .......... .......... .......... .......... .......... 12% 14.2M 10s
 17200K .......... .......... .......... .......... .......... 12% 11.4M 10s
 17250K .......... .......... .......... .......... .......... 12% 12.2M 10s
 17300K .......... .......... .......... .......... .......... 12% 12.8M 10s
 17350K .......... .......... .......... .......... .......... 12% 12.6M 10s
 17400K .......... .......... .......... .......... .......... 12% 10.8M 10s
 17450K .......... .......... .......... .......... .......... 12% 10.7M 10s
 17500K .......... .......... .......... .......... .......... 12% 12.7M 10s
 17550K .......... .......... .......... .......... .......... 12% 13.7M 10s
 17600K .......... .......... .......... .......... .......... 12% 10.9M 10s
 17650K .......... .......... .......... .......... .......... 12% 11.6M 10s
 17700K .......... .......... .......... .......... .......... 12% 13.9M 10s
 17750K .......... .......... .......... .......... .......... 12% 9.92M 10s
 17800K .......... .......... .......... .......... .......... 12% 15.1M 10s
 17850K .......... .......... .......... .......... .......... 12% 13.1M 10s
 17900K .......... .......... .......... .......... .......... 12% 13.2M 10s
 17950K .......... .......... .......... .......... .......... 12% 11.4M 10s
 18000K .......... .......... .......... .......... .......... 12% 12.9M 10s
 18050K .......... .......... .......... .......... .......... 12% 11.1M 10s
 18100K .......... .......... .......... .......... .......... 12% 12.1M 10s
 18150K .......... .......... .......... .......... .......... 12% 12.7M 10s
 18200K .......... .......... .......... .......... .......... 12% 12.0M 10s
 18250K .......... .......... .......... .......... .......... 12% 12.4M 10s
 18300K .......... .......... .......... .......... .......... 12% 10.8M 10s
 18350K .......... .......... .......... .......... .......... 12% 15.0M 10s
 18400K .......... .......... .......... .......... .......... 13% 10.6M 10s
 18450K .......... .......... .......... .......... .......... 13% 14.2M 10s
 18500K .......... .......... .......... .......... .......... 13% 12.3M 10s
 18550K .......... .......... .......... .......... .......... 13% 10.1M 10s
 18600K .......... .......... .......... .......... .......... 13% 14.1M 10s
 18650K .......... .......... .......... .......... .......... 13% 12.6M 10s
 18700K .......... .......... .......... .......... .......... 13% 11.0M 10s
 18750K .......... .......... .......... .......... .......... 13% 12.8M 10s
 18800K .......... .......... .......... .......... .......... 13% 13.7M 10s
 18850K .......... .......... .......... .......... .......... 13% 11.3M 10s
 18900K .......... .......... .......... .......... .......... 13% 12.3M 10s
 18950K .......... .......... .......... .......... .......... 13% 10.8M 10s
 19000K .......... .......... .......... .......... .......... 13% 14.6M 10s
 19050K .......... .......... .......... .......... .......... 13% 11.3M 10s
 19100K .......... .......... .......... .......... .......... 13% 11.8M 10s
 19150K .......... .......... .......... .......... .......... 13% 13.2M 10s
 19200K .......... .......... .......... .......... .......... 13% 14.6M 10s
 19250K .......... .......... .......... .......... .......... 13% 10.5M 10s
 19300K .......... .......... .......... .......... .......... 13% 13.2M 10s
 19350K .......... .......... .......... .......... .......... 13% 13.5M 10s
 19400K .......... .......... .......... .......... .......... 13% 9.83M 10s
 19450K .......... .......... .......... .......... .......... 13% 14.4M 10s
 19500K .......... .......... .......... .......... .......... 13% 11.4M 10s
 19550K .......... .......... .......... .......... .......... 13% 12.0M 10s
 19600K .......... .......... .......... .......... .......... 13% 11.6M 10s
 19650K .......... .......... .......... .......... .......... 13% 12.7M 10s
 19700K .......... .......... .......... .......... .......... 13% 11.3M 10s
 19750K .......... .......... .......... .......... .......... 13% 10.9M 10s
 19800K .......... .......... .......... .......... .......... 14% 13.0M 10s
 19850K .......... .......... .......... .......... .......... 14% 14.3M 10s
 19900K .......... .......... .......... .......... .......... 14% 12.6M 10s
 19950K .......... .......... .......... .......... .......... 14% 9.99M 10s
 20000K .......... .......... .......... .......... .......... 14% 14.5M 10s
 20050K .......... .......... .......... .......... .......... 14% 12.4M 10s
 20100K .......... .......... .......... .......... .......... 14% 10.8M 10s
 20150K .......... .......... .......... .......... .......... 14% 12.4M 10s
 20200K .......... .......... .......... .......... .......... 14% 12.9M 10s
 20250K .......... .......... .......... .......... .......... 14% 12.0M 10s
 20300K .......... .......... .......... .......... .......... 14% 12.8M 10s
 20350K .......... .......... .......... .......... .......... 14% 11.2M 10s
 20400K .......... .......... .......... .......... .......... 14% 15.0M 10s
 20450K .......... .......... .......... .......... .......... 14% 10.6M 10s
 20500K .......... .......... .......... .......... .......... 14% 14.5M 10s
 20550K .......... .......... .......... .......... .......... 14% 10.8M 10s
 20600K .......... .......... .......... .......... .......... 14% 10.5M 10s
 20650K .......... .......... .......... .......... .......... 14% 14.6M 10s
 20700K .......... .......... .......... .......... .......... 14% 12.8M 10s
 20750K .......... .......... .......... .......... .......... 14% 11.1M 10s
 20800K .......... .......... .......... .......... .......... 14% 12.8M 10s
 20850K .......... .......... .......... .......... .......... 14% 12.8M 10s
 20900K .......... .......... .......... .......... .......... 14% 10.9M 10s
 20950K .......... .......... .......... .......... .......... 14% 12.5M 10s
 21000K .......... .......... .......... .......... .......... 14% 11.7M 10s
 21050K .......... .......... .......... .......... .......... 14% 14.1M 10s
 21100K .......... .......... .......... .......... .......... 14% 11.2M 10s
 21150K .......... .......... .......... .......... .......... 14% 11.3M 10s
 21200K .......... .......... .......... .......... .......... 14% 12.9M 10s
 21250K .......... .......... .......... .......... .......... 15% 11.2M 10s
 21300K .......... .......... .......... .......... .......... 15% 14.2M 10s
 21350K .......... .......... .......... .......... .......... 15% 13.3M 9s
 21400K .......... .......... .......... .......... .......... 15% 10.1M 9s
 21450K .......... .......... .......... .......... .......... 15% 13.3M 9s
 21500K .......... .......... .......... .......... .......... 15% 15.2M 9s
 21550K .......... .......... .......... .......... .......... 15% 11.5M 9s
 21600K .......... .......... .......... .......... .......... 15% 11.8M 9s
 21650K .......... .......... .......... .......... .......... 15% 12.7M 9s
 21700K .......... .......... .......... .......... .......... 15% 12.5M 9s
 21750K .......... .......... .......... .......... .......... 15% 10.6M 9s
 21800K .......... .......... .......... .......... .......... 15% 11.3M 9s
 21850K .......... .......... .......... .......... .......... 15% 13.8M 9s
 21900K .......... .......... .......... .......... .......... 15% 14.7M 9s
 21950K .......... .......... .......... .......... .......... 15% 10.9M 9s
 22000K .......... .......... .......... .......... .......... 15% 11.6M 9s
 22050K .......... .......... .......... .......... .......... 15% 13.9M 9s
 22100K .......... .......... .......... .......... .......... 15% 10.1M 9s
 22150K .......... .......... .......... .......... .......... 15% 15.1M 9s
 22200K .......... .......... .......... .......... .......... 15% 11.7M 9s
 22250K .......... .......... .......... .......... .......... 15% 13.7M 9s
 22300K .......... .......... .......... .......... .......... 15% 11.1M 9s
 22350K .......... .......... .......... .......... .......... 15% 12.8M 9s
 22400K .......... .......... .......... .......... .......... 15% 11.4M 9s
 22450K .......... .......... .......... .......... .......... 15% 12.9M 9s
 22500K .......... .......... .......... .......... .......... 15% 12.4M 9s
 22550K .......... .......... .......... .......... .......... 15% 12.3M 9s
 22600K .......... .......... .......... .......... .......... 15% 13.0M 9s
 22650K .......... .......... .......... .......... .......... 16% 11.3M 9s
 22700K .......... .......... .......... .......... .......... 16% 14.9M 9s
 22750K .......... .......... .......... .......... .......... 16% 9.62M 9s
 22800K .......... .......... .......... .......... .......... 16% 14.4M 9s
 22850K .......... .......... .......... .......... .......... 16% 12.8M 9s
 22900K .......... .......... .......... .......... .......... 16% 10.1M 9s
 22950K .......... .......... .......... .......... .......... 16% 14.1M 9s
 23000K .......... .......... .......... .......... .......... 16% 12.7M 9s
 23050K .......... .......... .......... .......... .......... 16% 11.3M 9s
 23100K .......... .......... .......... .......... .......... 16% 12.6M 9s
 23150K .......... .......... .......... .......... .......... 16% 13.5M 9s
 23200K .......... .......... .......... .......... .......... 16% 11.3M 9s
 23250K .......... .......... .......... .......... .......... 16% 12.3M 9s
 23300K .......... .......... .......... .......... .......... 16% 11.3M 9s
 23350K .......... .......... .......... .......... .......... 16% 14.0M 9s
 23400K .......... .......... .......... .......... .......... 16% 13.0M 9s
 23450K .......... .......... .......... .......... .......... 16% 9.94M 9s
 23500K .......... .......... .......... .......... .......... 16% 13.4M 9s
 23550K .......... .......... .......... .......... .......... 16% 14.5M 9s
 23600K .......... .......... .......... .......... .......... 16% 10.8M 9s
 23650K .......... .......... .......... .......... .......... 16% 12.2M 9s
 23700K .......... .......... .......... .......... .......... 16% 13.0M 9s
 23750K .......... .......... .......... .......... .......... 16% 12.2M 9s
 23800K .......... .......... .......... .......... .......... 16% 10.7M 9s
 23850K .......... .......... .......... .......... .......... 16% 11.3M 9s
 23900K .......... .......... .......... .......... .......... 16% 13.5M 9s
 23950K .......... .......... .......... .......... .......... 16% 13.1M 9s
 24000K .......... .......... .......... .......... .......... 16% 14.2M 9s
 24050K .......... .......... .......... .......... .......... 17% 12.3M 9s
 24100K .......... .......... .......... .......... .......... 17% 15.2M 9s
 24150K .......... .......... .......... .......... .......... 17% 10.9M 9s
 24200K .......... .......... .......... .......... .......... 17% 15.3M 9s
 24250K .......... .......... .......... .......... .......... 17% 13.4M 9s
 24300K .......... .......... .......... .......... .......... 17% 10.9M 9s
 24350K .......... .......... .......... .......... .......... 17% 15.9M 9s
 24400K .......... .......... .......... .......... .......... 17% 13.5M 9s
 24450K .......... .......... .......... .......... .......... 17% 12.2M 9s
 24500K .......... .......... .......... .......... .......... 17% 13.2M 9s
 24550K .......... .......... .......... .......... .......... 17% 13.1M 9s
 24600K .......... .......... .......... .......... .......... 17% 13.7M 9s
 24650K .......... .......... .......... .......... .......... 17% 13.3M 9s
 24700K .......... .......... .......... .......... .......... 17% 11.5M 9s
 24750K .......... .......... .......... .......... .......... 17% 11.8M 9s
 24800K .......... .......... .......... .......... .......... 17% 13.4M 9s
 24850K .......... .......... .......... .......... .......... 17% 16.0M 9s
 24900K .......... .......... .......... .......... .......... 17% 11.6M 9s
 24950K .......... .......... .......... .......... .......... 17% 12.3M 9s
 25000K .......... .......... .......... .......... .......... 17% 15.7M 9s
 25050K .......... .......... .......... .......... .......... 17% 13.5M 9s
 25100K .......... .......... .......... .......... .......... 17% 12.2M 9s
 25150K .......... .......... .......... .......... .......... 17% 13.7M 9s
 25200K .......... .......... .......... .......... .......... 17% 13.5M 9s
 25250K .......... .......... .......... .......... .......... 17% 12.2M 9s
 25300K .......... .......... .......... .......... .......... 17% 13.5M 9s
 25350K .......... .......... .......... .......... .......... 17% 12.3M 9s
 25400K .......... .......... .......... .......... .......... 17% 16.0M 9s
 25450K .......... .......... .......... .......... .......... 17% 11.3M 9s
 25500K .......... .......... .......... .......... .......... 18% 12.6M 9s
 25550K .......... .......... .......... .......... .......... 18% 13.4M 9s
 25600K .......... .......... .......... .......... .......... 18% 12.0M 9s
 25650K .......... .......... .......... .......... .......... 18% 15.6M 9s
 25700K .......... .......... .......... .......... .......... 18% 12.7M 9s
 25750K .......... .......... .......... .......... .......... 18% 14.0M 9s
 25800K .......... .......... .......... .......... .......... 18% 10.5M 9s
 25850K .......... .......... .......... .......... .......... 18% 16.6M 9s
 25900K .......... .......... .......... .......... .......... 18% 12.3M 9s
 25950K .......... .......... .......... .......... .......... 18% 12.8M 9s
 26000K .......... .......... .......... .......... .......... 18% 14.3M 9s
 26050K .......... .......... .......... .......... .......... 18% 17.3M 9s
 26100K .......... .......... .......... .......... .......... 18% 13.3M 9s
 26150K .......... .......... .......... .......... .......... 18% 11.2M 9s
 26200K .......... .......... .......... .......... .......... 18% 13.3M 9s
 26250K .......... .......... .......... .......... .......... 18% 15.3M 9s
 26300K .......... .......... .......... .......... .......... 18% 11.5M 9s
 26350K .......... .......... .......... .......... .......... 18% 12.0M 9s
 26400K .......... .......... .......... .......... .......... 18% 15.3M 9s
 26450K .......... .......... .......... .......... .......... 18% 13.4M 9s
 26500K .......... .......... .......... .......... .......... 18% 11.5M 9s
 26550K .......... .......... .......... .......... .......... 18% 13.5M 9s
 26600K .......... .......... .......... .......... .......... 18% 12.6M 9s
 26650K .......... .......... .......... .......... .......... 18% 13.9M 9s
 26700K .......... .......... .......... .......... .......... 18% 13.9M 9s
 26750K .......... .......... .......... .......... .......... 18% 11.0M 9s
 26800K .......... .......... .......... .......... .......... 18% 11.9M 9s
 26850K .......... .......... .......... .......... .......... 18% 13.4M 9s
 26900K .......... .......... .......... .......... .......... 19% 13.1M 9s
 26950K .......... .......... .......... .......... .......... 19% 13.5M 9s
 27000K .......... .......... .......... .......... .......... 19% 12.4M 9s
 27050K .......... .......... .......... .......... .......... 19% 15.6M 9s
 27100K .......... .......... .......... .......... .......... 19% 10.5M 9s
 27150K .......... .......... .......... .......... .......... 19% 15.3M 9s
 27200K .......... .......... .......... .......... .......... 19% 13.2M 9s
 27250K .......... .......... .......... .......... .......... 19% 11.1M 9s
 27300K .......... .......... .......... .......... .......... 19% 15.6M 9s
 27350K .......... .......... .......... .......... .......... 19% 14.1M 9s
 27400K .......... .......... .......... .......... .......... 19% 11.9M 9s
 27450K .......... .......... .......... .......... .......... 19% 13.2M 9s
 27500K .......... .......... .......... .......... .......... 19% 13.7M 9s
 27550K .......... .......... .......... .......... .......... 19% 12.4M 9s
 27600K .......... .......... .......... .......... .......... 19% 13.0M 9s
 27650K .......... .......... .......... .......... .......... 19% 12.2M 9s
 27700K .......... .......... .......... .......... .......... 19% 15.5M 9s
 27750K .......... .......... .......... .......... .......... 19% 13.2M 9s
 27800K .......... .......... .......... .......... .......... 19% 10.5M 9s
 27850K .......... .......... .......... .......... .......... 19% 13.7M 9s
 27900K .......... .......... .......... .......... .......... 19% 16.7M 9s
 27950K .......... .......... .......... .......... .......... 19% 11.9M 9s
 28000K .......... .......... .......... .......... .......... 19% 13.1M 9s
 28050K .......... .......... .......... .......... .......... 19% 14.0M 9s
 28100K .......... .......... .......... .......... .......... 19% 13.4M 9s
 28150K .......... .......... .......... .......... .......... 19% 12.0M 9s
 28200K .......... .......... .......... .......... .......... 19% 12.0M 9s
 28250K .......... .......... .......... .......... .......... 19% 13.8M 9s
 28300K .......... .......... .......... .......... .......... 20% 12.9M 9s
 28350K .......... .......... .......... .......... .......... 20% 13.7M 9s
 28400K .......... .......... .......... .......... .......... 20% 12.3M 9s
 28450K .......... .......... .......... .......... .......... 20% 15.5M 9s
 28500K .......... .......... .......... .......... .......... 20% 10.7M 9s
 28550K .......... .......... .......... .......... .......... 20% 15.5M 9s
 28600K .......... .......... .......... .......... .......... 20% 13.4M 9s
 28650K .......... .......... .......... .......... .......... 20% 12.7M 9s
 28700K .......... .......... .......... .......... .......... 20% 14.0M 9s
 28750K .......... .......... .......... .......... .......... 20% 10.1M 9s
 28800K .......... .......... .......... .......... .......... 20% 15.7M 9s
 28850K .......... .......... .......... .......... .......... 20% 12.3M 9s
 28900K .......... .......... .......... .......... .......... 20% 14.8M 9s
 28950K .......... .......... .......... .......... .......... 20% 14.3M 9s
 29000K .......... .......... .......... .......... .......... 20% 13.5M 9s
 29050K .......... .......... .......... .......... .......... 20% 11.7M 9s
 29100K .......... .......... .......... .......... .......... 20% 12.1M 9s
 29150K .......... .......... .......... .......... .......... 20% 13.2M 9s
 29200K .......... .......... .......... .......... .......... 20% 15.9M 9s
 29250K .......... .......... .......... .......... .......... 20% 11.7M 9s
 29300K .......... .......... .......... .......... .......... 20% 12.1M 9s
 29350K .......... .......... .......... .......... .......... 20% 15.7M 9s
 29400K .......... .......... .......... .......... .......... 20% 13.8M 9s
 29450K .......... .......... .......... .......... .......... 20% 12.1M 9s
 29500K .......... .......... .......... .......... .......... 20% 13.3M 9s
 29550K .......... .......... .......... .......... .......... 20% 14.0M 9s
 29600K .......... .......... .......... .......... .......... 20% 12.0M 9s
 29650K .......... .......... .......... .......... .......... 20% 13.5M 9s
 29700K .......... .......... .......... .......... .......... 20% 12.1M 9s
 29750K .......... .......... .......... .......... .......... 21% 15.6M 9s
 29800K .......... .......... .......... .......... .......... 21% 11.5M 9s
 29850K .......... .......... .......... .......... .......... 21% 11.9M 9s
 29900K .......... .......... .......... .......... .......... 21% 13.9M 9s
 29950K .......... .......... .......... .......... .......... 21% 11.7M 9s
 30000K .......... .......... .......... .......... .......... 21% 15.4M 9s
 30050K .......... .......... .......... .......... .......... 21% 13.9M 9s
 30100K .......... .......... .......... .......... .......... 21% 13.4M 9s
 30150K .......... .......... .......... .......... .......... 21% 10.6M 9s
 30200K .......... .......... .......... .......... .......... 21% 16.2M 9s
 30250K .......... .......... .......... .......... .......... 21% 11.9M 9s
 30300K .......... .......... .......... .......... .......... 21% 13.5M 9s
 30350K .......... .......... .......... .......... .......... 21% 13.5M 9s
 30400K .......... .......... .......... .......... .......... 21% 14.7M 9s
 30450K .......... .......... .......... .......... .......... 21% 11.9M 9s
 30500K .......... .......... .......... .......... .......... 21% 11.4M 9s
 30550K .......... .......... .......... .......... .......... 21% 13.9M 9s
 30600K .......... .......... .......... .......... .......... 21% 16.2M 9s
 30650K .......... .......... .......... .......... .......... 21% 11.7M 9s
 30700K .......... .......... .......... .......... .......... 21% 14.5M 9s
 30750K .......... .......... .......... .......... .......... 21% 10.7M 9s
 30800K .......... .......... .......... .......... .......... 21% 12.6M 9s
 30850K .......... .......... .......... .......... .......... 21% 15.7M 9s
 30900K .......... .......... .......... .......... .......... 21% 12.5M 9s
 30950K .......... .......... .......... .......... .......... 21% 13.4M 9s
 31000K .......... .......... .......... .......... .......... 21% 13.4M 9s
 31050K .......... .......... .......... .......... .......... 21% 16.5M 9s
 31100K .......... .......... .......... .......... .......... 21% 11.6M 9s
 31150K .......... .......... .......... .......... .......... 22% 11.9M 9s
 31200K .......... .......... .......... .......... .......... 22% 13.4M 9s
 31250K .......... .......... .......... .......... .......... 22% 15.3M 9s
 31300K .......... .......... .......... .......... .......... 22% 11.3M 9s
 31350K .......... .......... .......... .......... .......... 22% 12.3M 9s
 31400K .......... .......... .......... .......... .......... 22% 16.1M 9s
 31450K .......... .......... .......... .......... .......... 22% 10.5M 9s
 31500K .......... .......... .......... .......... .......... 22% 16.0M 9s
 31550K .......... .......... .......... .......... .......... 22% 13.5M 9s
 31600K .......... .......... .......... .......... .......... 22% 13.3M 9s
 31650K .......... .......... .......... .......... .......... 22% 12.1M 9s
 31700K .......... .......... .......... .......... .......... 22% 13.4M 9s
 31750K .......... .......... .......... .......... .......... 22% 12.5M 9s
 31800K .......... .......... .......... .......... .......... 22% 13.3M 9s
 31850K .......... .......... .......... .......... .......... 22% 13.6M 9s
 31900K .......... .......... .......... .......... .......... 22% 12.1M 9s
 31950K .......... .......... .......... .......... .......... 22% 13.6M 9s
 32000K .......... .......... .......... .......... .......... 22% 11.6M 9s
 32050K .......... .......... .......... .......... .......... 22% 15.6M 9s
 32100K .......... .......... .......... .......... .......... 22% 13.9M 9s
 32150K .......... .......... .......... .......... .......... 22% 10.6M 9s
 32200K .......... .......... .......... .......... .......... 22% 13.2M 9s
 32250K .......... .......... .......... .......... .......... 22% 16.2M 9s
 32300K .......... .......... .......... .......... .......... 22% 12.5M 9s
 32350K .......... .......... .......... .......... .......... 22% 12.8M 9s
 32400K .......... .......... .......... .......... .......... 22% 13.1M 9s
 32450K .......... .......... .......... .......... .......... 22% 14.0M 9s
 32500K .......... .......... .......... .......... .......... 22% 12.3M 9s
 32550K .......... .......... .......... .......... .......... 23% 11.8M 8s
 32600K .......... .......... .......... .......... .......... 23% 13.2M 8s
 32650K .......... .......... .......... .......... .......... 23% 16.4M 8s
 32700K .......... .......... .......... .......... .......... 23% 11.7M 8s
 32750K .......... .......... .......... .......... .......... 23% 15.0M 8s
 32800K .......... .......... .......... .......... .......... 23% 10.5M 8s
 32850K .......... .......... .......... .......... .......... 23% 12.9M 8s
 32900K .......... .......... .......... .......... .......... 23% 15.7M 8s
 32950K .......... .......... .......... .......... .......... 23% 12.2M 8s
 33000K .......... .......... .......... .......... .......... 23% 13.5M 8s
 33050K .......... .......... .......... .......... .......... 23% 13.6M 8s
 33100K .......... .......... .......... .......... .......... 23% 11.1M 8s
 33150K .......... .......... .......... .......... .......... 23% 15.5M 8s
 33200K .......... .......... .......... .......... .......... 23% 11.8M 8s
 33250K .......... .......... .......... .......... .......... 23% 11.8M 8s
 33300K .......... .......... .......... .......... .......... 23% 11.8M 8s
 33350K .......... .......... .......... .......... .......... 23% 13.5M 8s
 33400K .......... .......... .......... .......... .......... 23% 11.8M 8s
 33450K .......... .......... .......... .......... .......... 23% 11.5M 8s
 33500K .......... .......... .......... .......... .......... 23% 14.1M 8s
 33550K .......... .......... .......... .......... .......... 23% 16.1M 8s
 33600K .......... .......... .......... .......... .......... 23% 13.5M 8s
 33650K .......... .......... .......... .......... .......... 23% 10.8M 8s
 33700K .......... .......... .......... .......... .......... 23% 15.7M 8s
 33750K .......... .......... .......... .......... .......... 23% 13.5M 8s
 33800K .......... .......... .......... .......... .......... 23% 11.7M 8s
 33850K .......... .......... .......... .......... .......... 23% 13.8M 8s
 33900K .......... .......... .......... .......... .......... 23% 13.2M 8s
 33950K .......... .......... .......... .......... .......... 23% 12.1M 8s
 34000K .......... .......... .......... .......... .......... 24% 13.0M 8s
 34050K .......... .......... .......... .......... .......... 24% 12.0M 8s
 34100K .......... .......... .......... .......... .......... 24% 15.8M 8s
 34150K .......... .......... .......... .......... .......... 24% 12.0M 8s
 34200K .......... .......... .......... .......... .......... 24% 12.2M 8s
 34250K .......... .......... .......... .......... .......... 24% 13.4M 8s
 34300K .......... .......... .......... .......... .......... 24% 16.0M 8s
 34350K .......... .......... .......... .......... .......... 24% 14.4M 8s
 34400K .......... .......... .......... .......... .......... 24% 17.2M 8s
 34450K .......... .......... .......... .......... .......... 24% 16.8M 8s
 34500K .......... .......... .......... .......... .......... 24% 13.3M 8s
 34550K .......... .......... .......... .......... .......... 24% 15.4M 8s
 34600K .......... .......... .......... .......... .......... 24% 11.9M 8s
 34650K .......... .......... .......... .......... .......... 24% 13.2M 8s
 34700K .......... .......... .......... .......... .......... 24% 12.8M 8s
 34750K .......... .......... .......... .......... .......... 24% 13.7M 8s
 34800K .......... .......... .......... .......... .......... 24% 12.7M 8s
 34850K .......... .......... .......... .......... .......... 24% 11.9M 8s
 34900K .......... .......... .......... .......... .......... 24% 12.9M 8s
 34950K .......... .......... .......... .......... .......... 24% 11.7M 8s
 35000K .......... .......... .......... .......... .......... 24% 15.7M 8s
 35050K .......... .......... .......... .......... .......... 24% 13.1M 8s
 35100K .......... .......... .......... .......... .......... 24% 10.4M 8s
 35150K .......... .......... .......... .......... .......... 24% 13.2M 8s
 35200K .......... .......... .......... .......... .......... 24% 15.4M 8s
 35250K .......... .......... .......... .......... .......... 24% 11.8M 8s
 35300K .......... .......... .......... .......... .......... 24% 12.7M 8s
 35350K .......... .......... .......... .......... .......... 24% 13.3M 8s
 35400K .......... .......... .......... .......... .......... 25% 13.7M 8s
 35450K .......... .......... .......... .......... .......... 25% 11.5M 8s
 35500K .......... .......... .......... .......... .......... 25% 11.8M 8s
 35550K .......... .......... .......... .......... .......... 25% 13.4M 8s
 35600K .......... .......... .......... .......... .......... 25% 15.3M 8s
 35650K .......... .......... .......... .......... .......... 25% 11.3M 8s
 35700K .......... .......... .......... .......... .......... 25% 12.1M 8s
 35750K .......... .......... .......... .......... .......... 25% 15.8M 8s
 35800K .......... .......... .......... .......... .......... 25% 10.3M 8s
 35850K .......... .......... .......... .......... .......... 25% 15.3M 8s
 35900K .......... .......... .......... .......... .......... 25% 13.4M 8s
 35950K .......... .......... .......... .......... .......... 25% 12.8M 8s
 36000K .......... .......... .......... .......... .......... 25% 12.0M 8s
 36050K .......... .......... .......... .......... .......... 25% 13.4M 8s
 36100K .......... .......... .......... .......... .......... 25% 12.2M 8s
 36150K .......... .......... .......... .......... .......... 25% 13.0M 8s
 36200K .......... .......... .......... .......... .......... 25% 14.1M 8s
 36250K .......... .......... .......... .......... .......... 25% 13.5M 8s
 36300K .......... .......... .......... .......... .......... 25% 17.1M 8s
 36350K .......... .......... .......... .......... .......... 25% 12.8M 8s
 36400K .......... .......... .......... .......... .......... 25% 15.3M 8s
 36450K .......... .......... .......... .......... .......... 25% 13.4M 8s
 36500K .......... .......... .......... .......... .......... 25% 10.6M 8s
 36550K .......... .......... .......... .......... .......... 25% 13.9M 8s
 36600K .......... .......... .......... .......... .......... 25% 19.5M 8s
 36650K .......... .......... .......... .......... .......... 25% 14.7M 8s
 36700K .......... .......... .......... .......... .......... 25% 16.3M 8s
 36750K .......... .......... .......... .......... .......... 25% 14.6M 8s
 36800K .......... .......... .......... .......... .......... 26% 13.8M 8s
 36850K .......... .......... .......... .......... .......... 26% 12.4M 8s
 36900K .......... .......... .......... .......... .......... 26% 12.3M 8s
 36950K .......... .......... .......... .......... .......... 26% 11.8M 8s
 37000K .......... .......... .......... .......... .......... 26% 11.9M 8s
 37050K .......... .......... .......... .......... .......... 26% 14.6M 8s
 37100K .......... .......... .......... .......... .......... 26% 12.1M 8s
 37150K .......... .......... .......... .......... .......... 26% 9.80M 8s
 37200K .......... .......... .......... .......... .......... 26% 11.9M 8s
 37250K .......... .......... .......... .......... .......... 26% 14.3M 8s
 37300K .......... .......... .......... .......... .......... 26% 10.5M 8s
 37350K .......... .......... .......... .......... .......... 26% 12.2M 8s
 37400K .......... .......... .......... .......... .......... 26% 15.0M 8s
 37450K .......... .......... .......... .......... .......... 26% 12.1M 8s
 37500K .......... .......... .......... .......... .......... 26% 14.0M 8s
 37550K .......... .......... .......... .......... .......... 26% 10.6M 8s
 37600K .......... .......... .......... .......... .......... 26% 12.4M 8s
 37650K .......... .......... .......... .......... .......... 26% 11.6M 8s
 37700K .......... .......... .......... .......... .......... 26% 12.1M 8s
 37750K .......... .......... .......... .......... .......... 26% 11.3M 8s
 37800K .......... .......... .......... .......... .......... 26% 10.5M 8s
 37850K .......... .......... .......... .......... .......... 26% 11.7M 8s
 37900K .......... .......... .......... .......... .......... 26% 14.5M 8s
 37950K .......... .......... .......... .......... .......... 26% 12.1M 8s
 38000K .......... .......... .......... .......... .......... 26% 8.88M 8s
 38050K .......... .......... .......... .......... .......... 26% 14.8M 8s
 38100K .......... .......... .......... .......... .......... 26% 12.8M 8s
 38150K .......... .......... .......... .......... .......... 26% 11.2M 8s
 38200K .......... .......... .......... .......... .......... 26% 12.9M 8s
 38250K .......... .......... .......... .......... .......... 27% 11.6M 8s
 38300K .......... .......... .......... .......... .......... 27% 11.5M 8s
 38350K .......... .......... .......... .......... .......... 27% 12.1M 8s
 38400K .......... .......... .......... .......... .......... 27% 11.2M 8s
 38450K .......... .......... .......... .......... .......... 27% 13.8M 8s
 38500K .......... .......... .......... .......... .......... 27% 12.9M 8s
 38550K .......... .......... .......... .......... .......... 27% 14.3M 8s
 38600K .......... .......... .......... .......... .......... 27% 13.6M 8s
 38650K .......... .......... .......... .......... .......... 27% 15.0M 8s
 38700K .......... .......... .......... .......... .......... 27% 11.2M 8s
 38750K .......... .......... .......... .......... .......... 27% 12.4M 8s
 38800K .......... .......... .......... .......... .......... 27% 11.5M 8s
 38850K .......... .......... .......... .......... .......... 27% 10.4M 8s
 38900K .......... .......... .......... .......... .......... 27% 15.8M 8s
 38950K .......... .......... .......... .......... .......... 27% 11.7M 8s
 39000K .......... .......... .......... .......... .......... 27% 11.7M 8s
 39050K .......... .......... .......... .......... .......... 27% 11.8M 8s
 39100K .......... .......... .......... .......... .......... 27% 16.0M 8s
 39150K .......... .......... .......... .......... .......... 27% 11.3M 8s
 39200K .......... .......... .......... .......... .......... 27% 12.2M 8s
 39250K .......... .......... .......... .......... .......... 27% 13.0M 8s
 39300K .......... .......... .......... .......... .......... 27% 11.8M 8s
 39350K .......... .......... .......... .......... .......... 27% 16.1M 8s
 39400K .......... .......... .......... .......... .......... 27% 13.6M 8s
 39450K .......... .......... .......... .......... .......... 27% 13.7M 8s
 39500K .......... .......... .......... .......... .......... 27% 10.9M 8s
 39550K .......... .......... .......... .......... .......... 27% 15.5M 8s
 39600K .......... .......... .......... .......... .......... 27% 12.2M 8s
 39650K .......... .......... .......... .......... .......... 28% 13.4M 8s
 39700K .......... .......... .......... .......... .......... 28% 13.6M 8s
 39750K .......... .......... .......... .......... .......... 28% 13.6M 8s
 39800K .......... .......... .......... .......... .......... 28% 12.1M 8s
 39850K .......... .......... .......... .......... .......... 28% 11.9M 8s
 39900K .......... .......... .......... .......... .......... 28% 14.0M 8s
 39950K .......... .......... .......... .......... .......... 28% 15.1M 8s
 40000K .......... .......... .......... .......... .......... 28% 12.0M 8s
 40050K .......... .......... .......... .......... .......... 28% 11.5M 8s
 40100K .......... .......... .......... .......... .......... 28% 16.1M 8s
 40150K .......... .......... .......... .......... .......... 28% 13.5M 8s
 40200K .......... .......... .......... .......... .......... 28% 11.5M 8s
 40250K .......... .......... .......... .......... .......... 28% 13.5M 8s
 40300K .......... .......... .......... .......... .......... 28% 14.1M 8s
 40350K .......... .......... .......... .......... .......... 28% 12.1M 8s
 40400K .......... .......... .......... .......... .......... 28% 13.6M 8s
 40450K .......... .......... .......... .......... .......... 28% 12.1M 8s
 40500K .......... .......... .......... .......... .......... 28% 15.3M 8s
 40550K .......... .......... .......... .......... .......... 28% 11.8M 8s
 40600K .......... .......... .......... .......... .......... 28% 12.3M 8s
 40650K .......... .......... .......... .......... .......... 28% 13.1M 8s
 40700K .......... .......... .......... .......... .......... 28% 11.9M 8s
 40750K .......... .......... .......... .......... .......... 28% 15.8M 8s
 40800K .......... .......... .......... .......... .......... 28% 13.9M 8s
 40850K .......... .......... .......... .......... .......... 28% 10.3M 8s
 40900K .......... .......... .......... .......... .......... 28% 14.5M 8s
 40950K .......... .......... .......... .......... .......... 28% 12.8M 8s
 41000K .......... .......... .......... .......... .......... 28% 15.2M 8s
 41050K .......... .......... .......... .......... .......... 29% 12.7M 8s
 41100K .......... .......... .......... .......... .......... 29% 12.6M 8s
 41150K .......... .......... .......... .......... .......... 29% 13.4M 8s
 41200K .......... .......... .......... .......... .......... 29% 13.4M 8s
 41250K .......... .......... .......... .......... .......... 29% 12.4M 8s
 41300K .......... .......... .......... .......... .......... 29% 13.6M 8s
 41350K .......... .......... .......... .......... .......... 29% 12.0M 8s
 41400K .......... .......... .......... .......... .......... 29% 15.6M 8s
 41450K .......... .......... .......... .......... .......... 29% 13.9M 8s
 41500K .......... .......... .......... .......... .......... 29% 10.4M 8s
 41550K .......... .......... .......... .......... .......... 29% 13.5M 8s
 41600K .......... .......... .......... .......... .......... 29% 16.2M 8s
 41650K .......... .......... .......... .......... .......... 29% 12.0M 8s
 41700K .......... .......... .......... .......... .......... 29% 13.6M 8s
 41750K .......... .......... .......... .......... .......... 29% 13.6M 8s
 41800K .......... .......... .......... .......... .......... 29% 13.7M 8s
 41850K .......... .......... .......... .......... .......... 29% 12.0M 8s
 41900K .......... .......... .......... .......... .......... 29% 12.3M 8s
 41950K .......... .......... .......... .......... .......... 29% 14.1M 8s
 42000K .......... .......... .......... .......... .......... 29% 13.4M 8s
 42050K .......... .......... .......... .......... .......... 29% 13.2M 8s
 42100K .......... .......... .......... .......... .......... 29% 11.2M 8s
 42150K .......... .......... .......... .......... .......... 29% 15.3M 8s
 42200K .......... .......... .......... .......... .......... 29% 10.7M 8s
 42250K .......... .......... .......... .......... .......... 29% 16.4M 8s
 42300K .......... .......... .......... .......... .......... 29% 13.5M 8s
 42350K .......... .......... .......... .......... .......... 29% 10.5M 8s
 42400K .......... .......... .......... .......... .......... 29% 16.2M 8s
 42450K .......... .......... .......... .......... .......... 29% 13.3M 8s
 42500K .......... .......... .......... .......... .......... 30% 12.2M 8s
 42550K .......... .......... .......... .......... .......... 30% 13.2M 8s
 42600K .......... .......... .......... .......... .......... 30% 13.4M 8s
 42650K .......... .......... .......... .......... .......... 30% 12.6M 8s
 42700K .......... .......... .......... .......... .......... 30% 12.9M 8s
 42750K .......... .......... .......... .......... .......... 30% 12.6M 8s
 42800K .......... .......... .......... .......... .......... 30% 15.7M 8s
 42850K .......... .......... .......... .......... .......... 30% 13.3M 8s
 42900K .......... .......... .......... .......... .......... 30% 10.7M 8s
 42950K .......... .......... .......... .......... .......... 30% 14.7M 8s
 43000K .......... .......... .......... .......... .......... 30% 12.2M 8s
 43050K .......... .......... .......... .......... .......... 30% 15.7M 8s
 43100K .......... .......... .......... .......... .......... 30% 13.1M 8s
 43150K .......... .......... .......... .......... .......... 30% 11.7M 8s
 43200K .......... .......... .......... .......... .......... 30% 13.9M 8s
 43250K .......... .......... .......... .......... .......... 30% 13.2M 8s
 43300K .......... .......... .......... .......... .......... 30% 12.1M 8s
 43350K .......... .......... .......... .......... .......... 30% 13.3M 8s
 43400K .......... .......... .......... .......... .......... 30% 11.3M 8s
 43450K .......... .......... .......... .......... .......... 30% 13.3M 8s
 43500K .......... .......... .......... .......... .......... 30% 11.1M 8s
 43550K .......... .......... .......... .......... .......... 30% 11.6M 8s
 43600K .......... .......... .......... .......... .......... 30% 13.1M 8s
 43650K .......... .......... .......... .......... .......... 30% 11.5M 8s
 43700K .......... .......... .......... .......... .......... 30% 15.8M 8s
 43750K .......... .......... .......... .......... .......... 30% 12.2M 8s
 43800K .......... .......... .......... .......... .......... 30% 12.7M 8s
 43850K .......... .......... .......... .......... .......... 30% 10.2M 8s
 43900K .......... .......... .......... .......... .......... 31% 14.9M 8s
 43950K .......... .......... .......... .......... .......... 31% 12.2M 8s
 44000K .......... .......... .......... .......... .......... 31% 12.2M 8s
 44050K .......... .......... .......... .......... .......... 31% 13.3M 8s
 44100K .......... .......... .......... .......... .......... 31% 12.7M 8s
 44150K .......... .......... .......... .......... .......... 31% 9.80M 8s
 44200K .......... .......... .......... .......... .......... 31% 10.8M 8s
 44250K .......... .......... .......... .......... .......... 31% 12.5M 8s
 44300K .......... .......... .......... .......... .......... 31% 15.4M 8s
 44350K .......... .......... .......... .......... .......... 31% 11.2M 8s
 44400K .......... .......... .......... .......... .......... 31% 12.4M 8s
 44450K .......... .......... .......... .......... .......... 31% 18.2M 8s
 44500K .......... .......... .......... .......... .......... 31% 14.8M 8s
 44550K .......... .......... .......... .......... .......... 31% 14.3M 8s
 44600K .......... .......... .......... .......... .......... 31% 12.5M 8s
 44650K .......... .......... .......... .......... .......... 31% 15.2M 7s
 44700K .......... .......... .......... .......... .......... 31% 13.2M 7s
 44750K .......... .......... .......... .......... .......... 31% 13.7M 7s
 44800K .......... .......... .......... .......... .......... 31% 13.4M 7s
 44850K .......... .......... .......... .......... .......... 31% 14.2M 7s
 44900K .......... .......... .......... .......... .......... 31% 10.8M 7s
 44950K .......... .......... .......... .......... .......... 31% 11.4M 7s
 45000K .......... .......... .......... .......... .......... 31% 12.6M 7s
 45050K .......... .......... .......... .......... .......... 31% 11.6M 7s
 45100K .......... .......... .......... .......... .......... 31% 14.1M 7s
 45150K .......... .......... .......... .......... .......... 31% 8.95M 7s
 45200K .......... .......... .......... .......... .......... 31% 14.5M 7s
 45250K .......... .......... .......... .......... .......... 31% 12.6M 7s
 45300K .......... .......... .......... .......... .......... 32% 9.89M 7s
 45350K .......... .......... .......... .......... .......... 32% 14.3M 7s
 45400K .......... .......... .......... .......... .......... 32% 12.0M 7s
 45450K .......... .......... .......... .......... .......... 32% 10.9M 7s
 45500K .......... .......... .......... .......... .......... 32% 12.0M 7s
 45550K .......... .......... .......... .......... .......... 32% 12.6M 7s
 45600K .......... .......... .......... .......... .......... 32% 11.2M 7s
 45650K .......... .......... .......... .......... .......... 32% 12.3M 7s
 45700K .......... .......... .......... .......... .......... 32% 11.4M 7s
 45750K .......... .......... .......... .......... .......... 32% 14.4M 7s
 45800K .......... .......... .......... .......... .......... 32% 13.2M 7s
 45850K .......... .......... .......... .......... .......... 32% 9.96M 7s
 45900K .......... .......... .......... .......... .......... 32% 12.1M 7s
 45950K .......... .......... .......... .......... .......... 32% 14.4M 7s
 46000K .......... .......... .......... .......... .......... 32% 9.87M 7s
 46050K .......... .......... .......... .......... .......... 32% 12.6M 7s
 46100K .......... .......... .......... .......... .......... 32% 12.7M 7s
 46150K .......... .......... .......... .......... .......... 32% 13.6M 7s
 46200K .......... .......... .......... .......... .......... 32% 9.45M 7s
 46250K .......... .......... .......... .......... .......... 32% 11.6M 7s
 46300K .......... .......... .......... .......... .......... 32% 12.7M 7s
 46350K .......... .......... .......... .......... .......... 32% 11.8M 7s
 46400K .......... .......... .......... .......... .......... 32% 13.3M 7s
 46450K .......... .......... .......... .......... .......... 32% 11.1M 7s
 46500K .......... .......... .......... .......... .......... 32% 14.5M 7s
 46550K .......... .......... .......... .......... .......... 32% 9.53M 7s
 46600K .......... .......... .......... .......... .......... 32% 15.2M 7s
 46650K .......... .......... .......... .......... .......... 32% 12.0M 7s
 46700K .......... .......... .......... .......... .......... 32% 9.81M 7s
 46750K .......... .......... .......... .......... .......... 33% 14.2M 7s
 46800K .......... .......... .......... .......... .......... 33% 12.6M 7s
 46850K .......... .......... .......... .......... .......... 33% 11.3M 7s
 46900K .......... .......... .......... .......... .......... 33% 12.0M 7s
 46950K .......... .......... .......... .......... .......... 33% 12.5M 7s
 47000K .......... .......... .......... .......... .......... 33% 11.4M 7s
 47050K .......... .......... .......... .......... .......... 33% 12.8M 7s
 47100K .......... .......... .......... .......... .......... 33% 11.8M 7s
 47150K .......... .......... .......... .......... .......... 33% 11.6M 7s
 47200K .......... .......... .......... .......... .......... 33% 12.2M 7s
 47250K .......... .......... .......... .......... .......... 33% 14.6M 7s
 47300K .......... .......... .......... .......... .......... 33% 12.4M 7s
 47350K .......... .......... .......... .......... .......... 33% 10.2M 7s
 47400K .......... .......... .......... .......... .......... 33% 14.5M 7s
 47450K .......... .......... .......... .......... .......... 33% 11.8M 7s
 47500K .......... .......... .......... .......... .......... 33% 11.3M 7s
 47550K .......... .......... .......... .......... .......... 33% 13.1M 7s
 47600K .......... .......... .......... .......... .......... 33% 12.8M 7s
 47650K .......... .......... .......... .......... .......... 33% 11.9M 7s
 47700K .......... .......... .......... .......... .......... 33% 11.2M 7s
 47750K .......... .......... .......... .......... .......... 33% 11.0M 7s
 47800K .......... .......... .......... .......... .......... 33% 15.0M 7s
 47850K .......... .......... .......... .......... .......... 33% 10.9M 7s
 47900K .......... .......... .......... .......... .......... 33% 11.5M 7s
 47950K .......... .......... .......... .......... .......... 33% 12.7M 7s
 48000K .......... .......... .......... .......... .......... 33% 14.4M 7s
 48050K .......... .......... .......... .......... .......... 33% 11.2M 7s
 48100K .......... .......... .......... .......... .......... 33% 12.5M 7s
 48150K .......... .......... .......... .......... .......... 34% 13.2M 7s
 48200K .......... .......... .......... .......... .......... 34% 10.2M 7s
 48250K .......... .......... .......... .......... .......... 34% 13.3M 7s
 48300K .......... .......... .......... .......... .......... 34% 11.9M 7s
 48350K .......... .......... .......... .......... .......... 34% 12.7M 7s
 48400K .......... .......... .......... .......... .......... 34% 12.2M 7s
 48450K .......... .......... .......... .......... .......... 34% 12.9M 7s
 48500K .......... .......... .......... .......... .......... 34% 11.2M 7s
 48550K .......... .......... .......... .......... .......... 34% 11.0M 7s
 48600K .......... .......... .......... .......... .......... 34% 11.7M 7s
 48650K .......... .......... .......... .......... .......... 34% 15.1M 7s
 48700K .......... .......... .......... .......... .......... 34% 11.8M 7s
 48750K .......... .......... .......... .......... .......... 34% 5.81M 7s
 48800K .......... .......... .......... .......... .......... 34% 18.4M 7s
 48850K .......... .......... .......... .......... .......... 34% 12.0M 7s
 48900K .......... .......... .......... .......... .......... 34% 10.5M 7s
 48950K .......... .......... .......... .......... .......... 34% 12.4M 7s
 49000K .......... .......... .......... .......... .......... 34% 13.1M 7s
 49050K .......... .......... .......... .......... .......... 34% 10.8M 7s
 49100K .......... .......... .......... .......... .......... 34% 13.1M 7s
 49150K .......... .......... .......... .......... .......... 34% 11.4M 7s
 49200K .......... .......... .......... .......... .......... 34% 11.6M 7s
 49250K .......... .......... .......... .......... .......... 34% 11.6M 7s
 49300K .......... .......... .......... .......... .......... 34% 14.3M 7s
 49350K .......... .......... .......... .......... .......... 34% 10.6M 7s
 49400K .......... .......... .......... .......... .......... 34% 12.1M 7s
 49450K .......... .......... .......... .......... .......... 34% 14.7M 7s
 49500K .......... .......... .......... .......... .......... 34% 9.35M 7s
 49550K .......... .......... .......... .......... .......... 35% 15.6M 7s
 49600K .......... .......... .......... .......... .......... 35% 13.1M 7s
 49650K .......... .......... .......... .......... .......... 35% 12.9M 7s
 49700K .......... .......... .......... .......... .......... 35% 10.9M 7s
 49750K .......... .......... .......... .......... .......... 35% 12.6M 7s
 49800K .......... .......... .......... .......... .......... 35% 11.6M 7s
 49850K .......... .......... .......... .......... .......... 35% 11.9M 7s
 49900K .......... .......... .......... .......... .......... 35% 13.2M 7s
 49950K .......... .......... .......... .......... .......... 35% 11.4M 7s
 50000K .......... .......... .......... .......... .......... 35% 12.4M 7s
 50050K .......... .......... .......... .......... .......... 35% 11.1M 7s
 50100K .......... .......... .......... .......... .......... 35% 14.6M 7s
 50150K .......... .......... .......... .......... .......... 35% 12.4M 7s
 50200K .......... .......... .......... .......... .......... 35% 10.1M 7s
 50250K .......... .......... .......... .......... .......... 35% 12.7M 7s
 50300K .......... .......... .......... .......... .......... 35% 13.3M 7s
 50350K .......... .......... .......... .......... .......... 35% 11.5M 7s
 50400K .......... .......... .......... .......... .......... 35% 11.8M 7s
 50450K .......... .......... .......... .......... .......... 35% 12.8M 7s
 50500K .......... .......... .......... .......... .......... 35% 12.8M 7s
 50550K .......... .......... .......... .......... .......... 35% 11.1M 7s
 50600K .......... .......... .......... .......... .......... 35% 10.9M 7s
 50650K .......... .......... .......... .......... .......... 35% 12.5M 7s
 50700K .......... .......... .......... .......... .......... 35% 14.2M 7s
 50750K .......... .......... .......... .......... .......... 35% 11.1M 7s
 50800K .......... .......... .......... .......... .......... 35% 11.8M 7s
 50850K .......... .......... .......... .......... .......... 35% 15.4M 7s
 50900K .......... .......... .......... .......... .......... 35% 9.73M 7s
 50950K .......... .......... .......... .......... .......... 35% 15.0M 7s
 51000K .......... .......... .......... .......... .......... 36% 12.4M 7s
 51050K .......... .......... .......... .......... .......... 36% 12.4M 7s
 51100K .......... .......... .......... .......... .......... 36% 10.7M 7s
 51150K .......... .......... .......... .......... .......... 36% 13.5M 7s
 51200K .......... .......... .......... .......... .......... 36% 12.0M 7s
 51250K .......... .......... .......... .......... .......... 36% 11.3M 7s
 51300K .......... .......... .......... .......... .......... 36% 11.4M 7s
 51350K .......... .......... .......... .......... .......... 36% 12.1M 7s
 51400K .......... .......... .......... .......... .......... 36% 12.9M 7s
 51450K .......... .......... .......... .......... .......... 36% 11.4M 7s
 51500K .......... .......... .......... .......... .......... 36% 10.8M 7s
 51550K .......... .......... .......... .......... .......... 36% 14.2M 7s
 51600K .......... .......... .......... .......... .......... 36% 15.1M 7s
 51650K .......... .......... .......... .......... .......... 36% 12.7M 7s
 51700K .......... .......... .......... .......... .......... 36% 9.87M 7s
 51750K .......... .......... .......... .......... .......... 36% 14.8M 7s
 51800K .......... .......... .......... .......... .......... 36% 13.7M 7s
 51850K .......... .......... .......... .......... .......... 36% 11.4M 7s
 51900K .......... .......... .......... .......... .......... 36% 12.5M 7s
 51950K .......... .......... .......... .......... .......... 36% 12.8M 7s
 52000K .......... .......... .......... .......... .......... 36% 11.5M 7s
 52050K .......... .......... .......... .......... .......... 36% 12.1M 7s
 52100K .......... .......... .......... .......... .......... 36% 11.5M 7s
 52150K .......... .......... .......... .......... .......... 36% 15.1M 7s
 52200K .......... .......... .......... .......... .......... 36% 10.8M 7s
 52250K .......... .......... .......... .......... .......... 36% 11.3M 7s
 52300K .......... .......... .......... .......... .......... 36% 12.7M 7s
 52350K .......... .......... .......... .......... .......... 36% 12.9M 7s
 52400K .......... .......... .......... .......... .......... 37% 11.4M 7s
 52450K .......... .......... .......... .......... .......... 37% 12.8M 7s
 52500K .......... .......... .......... .......... .......... 37% 13.2M 7s
 52550K .......... .......... .......... .......... .......... 37% 10.3M 7s
 52600K .......... .......... .......... .......... .......... 37% 14.0M 7s
 52650K .......... .......... .......... .......... .......... 37% 11.7M 7s
 52700K .......... .......... .......... .......... .......... 37% 12.4M 7s
 52750K .......... .......... .......... .......... .......... 37% 11.9M 7s
 52800K .......... .......... .......... .......... .......... 37% 12.9M 7s
 52850K .......... .......... .......... .......... .......... 37% 12.0M 7s
 52900K .......... .......... .......... .......... .......... 37% 10.6M 7s
 52950K .......... .......... .......... .......... .......... 37% 12.8M 7s
 53000K .......... .......... .......... .......... .......... 37% 14.5M 7s
 53050K .......... .......... .......... .......... .......... 37% 12.5M 7s
 53100K .......... .......... .......... .......... .......... 37% 9.83M 7s
 53150K .......... .......... .......... .......... .......... 37% 15.1M 7s
 53200K .......... .......... .......... .......... .......... 37% 10.6M 7s
 53250K .......... .......... .......... .......... .......... 37% 15.3M 7s
 53300K .......... .......... .......... .......... .......... 37% 12.2M 7s
 53350K .......... .......... .......... .......... .......... 37% 11.8M 7s
 53400K .......... .......... .......... .......... .......... 37% 14.1M 7s
 53450K .......... .......... .......... .......... .......... 37% 13.4M 7s
 53500K .......... .......... .......... .......... .......... 37% 12.2M 7s
 53550K .......... .......... .......... .......... .......... 37% 11.9M 7s
 53600K .......... .......... .......... .......... .......... 37% 13.8M 7s
 53650K .......... .......... .......... .......... .......... 37% 15.2M 7s
 53700K .......... .......... .......... .......... .......... 37% 12.4M 7s
 53750K .......... .......... .......... .......... .......... 37% 11.8M 7s
 53800K .......... .......... .......... .......... .......... 38% 15.1M 7s
 53850K .......... .......... .......... .......... .......... 38% 10.8M 7s
 53900K .......... .......... .......... .......... .......... 38% 15.9M 7s
 53950K .......... .......... .......... .......... .......... 38% 13.5M 7s
 54000K .......... .......... .......... .......... .......... 38% 13.5M 7s
 54050K .......... .......... .......... .......... .......... 38% 11.7M 7s
 54100K .......... .......... .......... .......... .......... 38% 13.7M 7s
 54150K .......... .......... .......... .......... .......... 38% 12.9M 7s
 54200K .......... .......... .......... .......... .......... 38% 12.8M 7s
 54250K .......... .......... .......... .......... .......... 38% 14.0M 7s
 54300K .......... .......... .......... .......... .......... 38% 11.9M 7s
 54350K .......... .......... .......... .......... .......... 38% 14.3M 7s
 54400K .......... .......... .......... .......... .......... 38% 11.7M 7s
 54450K .......... .......... .......... .......... .......... 38% 15.4M 7s
 54500K .......... .......... .......... .......... .......... 38% 13.3M 7s
 54550K .......... .......... .......... .......... .......... 38% 10.6M 7s
 54600K .......... .......... .......... .......... .......... 38% 13.6M 7s
 54650K .......... .......... .......... .......... .......... 38% 16.6M 7s
 54700K .......... .......... .......... .......... .......... 38% 11.8M 7s
 54750K .......... .......... .......... .......... .......... 38% 13.5M 7s
 54800K .......... .......... .......... .......... .......... 38% 13.7M 7s
 54850K .......... .......... .......... .......... .......... 38% 14.0M 7s
 54900K .......... .......... .......... .......... .......... 38% 11.5M 7s
 54950K .......... .......... .......... .......... .......... 38% 12.2M 7s
 55000K .......... .......... .......... .......... .......... 38% 13.3M 7s
 55050K .......... .......... .......... .......... .......... 38% 15.8M 7s
 55100K .......... .......... .......... .......... .......... 38% 11.9M 7s
 55150K .......... .......... .......... .......... .......... 38% 12.3M 7s
 55200K .......... .......... .......... .......... .......... 38% 15.3M 7s
 55250K .......... .......... .......... .......... .......... 39% 11.4M 7s
 55300K .......... .......... .......... .......... .......... 39% 16.4M 7s
 55350K .......... .......... .......... .......... .......... 39% 11.5M 7s
 55400K .......... .......... .......... .......... .......... 39% 12.9M 7s
 55450K .......... .......... .......... .......... .......... 39% 13.9M 7s
 55500K .......... .......... .......... .......... .......... 39% 14.1M 7s
 55550K .......... .......... .......... .......... .......... 39% 11.7M 7s
 55600K .......... .......... .......... .......... .......... 39% 12.2M 7s
 55650K .......... .......... .......... .......... .......... 39% 13.4M 7s
 55700K .......... .......... .......... .......... .......... 39% 13.1M 7s
 55750K .......... .......... .......... .......... .......... 39% 13.8M 7s
 55800K .......... .......... .......... .......... .......... 39% 12.5M 7s
 55850K .......... .......... .......... .......... .......... 39% 15.9M 7s
 55900K .......... .......... .......... .......... .......... 39% 11.0M 7s
 55950K .......... .......... .......... .......... .......... 39% 15.5M 7s
 56000K .......... .......... .......... .......... .......... 39% 13.4M 7s
 56050K .......... .......... .......... .......... .......... 39% 10.7M 7s
 56100K .......... .......... .......... .......... .......... 39% 15.6M 7s
 56150K .......... .......... .......... .......... .......... 39% 13.8M 7s
 56200K .......... .......... .......... .......... .......... 39% 12.2M 7s
 56250K .......... .......... .......... .......... .......... 39% 13.2M 7s
 56300K .......... .......... .......... .......... .......... 39% 14.2M 7s
 56350K .......... .......... .......... .......... .......... 39% 12.0M 7s
 56400K .......... .......... .......... .......... .......... 39% 12.2M 7s
 56450K .......... .......... .......... .......... .......... 39% 12.2M 7s
 56500K .......... .......... .......... .......... .......... 39% 16.1M 7s
 56550K .......... .......... .......... .......... .......... 39% 13.6M 7s
 56600K .......... .......... .......... .......... .......... 39% 10.3M 7s
 56650K .......... .......... .......... .......... .......... 40% 14.0M 7s
 56700K .......... .......... .......... .......... .......... 40% 16.1M 7s
 56750K .......... .......... .......... .......... .......... 40% 12.1M 7s
 56800K .......... .......... .......... .......... .......... 40% 13.1M 7s
 56850K .......... .......... .......... .......... .......... 40% 13.7M 7s
 56900K .......... .......... .......... .......... .......... 40% 10.7M 7s
 56950K .......... .......... .......... .......... .......... 40% 16.2M 7s
 57000K .......... .......... .......... .......... .......... 40% 12.0M 7s
 57050K .......... .......... .......... .......... .......... 40% 13.8M 7s
 57100K .......... .......... .......... .......... .......... 40% 13.2M 7s
 57150K .......... .......... .......... .......... .......... 40% 14.2M 7s
 57200K .......... .......... .......... .......... .......... 40% 12.5M 7s
 57250K .......... .......... .......... .......... .......... 40% 11.5M 7s
 57300K .......... .......... .......... .......... .......... 40% 14.3M 7s
 57350K .......... .......... .......... .......... .......... 40% 12.1M 7s
 57400K .......... .......... .......... .......... .......... 40% 15.9M 7s
 57450K .......... .......... .......... .......... .......... 40% 13.3M 7s
 57500K .......... .......... .......... .......... .......... 40% 13.7M 7s
 57550K .......... .......... .......... .......... .......... 40% 10.6M 7s
 57600K .......... .......... .......... .......... .......... 40% 15.7M 7s
 57650K .......... .......... .......... .......... .......... 40% 12.5M 7s
 57700K .......... .......... .......... .......... .......... 40% 12.9M 7s
 57750K .......... .......... .......... .......... .......... 40% 13.5M 7s
 57800K .......... .......... .......... .......... .......... 40% 13.6M 7s
 57850K .......... .......... .......... .......... .......... 40% 12.4M 7s
 57900K .......... .......... .......... .......... .......... 40% 11.7M 7s
 57950K .......... .......... .......... .......... .......... 40% 13.8M 6s
 58000K .......... .......... .......... .......... .......... 40% 15.8M 6s
 58050K .......... .......... .......... .......... .......... 41% 11.4M 6s
 58100K .......... .......... .......... .......... .......... 41% 12.3M 6s
 58150K .......... .......... .......... .......... .......... 41% 16.3M 6s
 58200K .......... .......... .......... .......... .......... 41% 13.3M 6s
 58250K .......... .......... .......... .......... .......... 41% 12.2M 6s
 58300K .......... .......... .......... .......... .......... 41% 13.7M 6s
 58350K .......... .......... .......... .......... .......... 41% 13.5M 6s
 58400K .......... .......... .......... .......... .......... 41% 11.9M 6s
 58450K .......... .......... .......... .......... .......... 41% 13.0M 6s
 58500K .......... .......... .......... .......... .......... 41% 12.0M 6s
 58550K .......... .......... .......... .......... .......... 41% 16.3M 6s
 58600K .......... .......... .......... .......... .......... 41% 11.7M 6s
 58650K .......... .......... .......... .......... .......... 41% 12.5M 6s
 58700K .......... .......... .......... .......... .......... 41% 13.4M 6s
 58750K .......... .......... .......... .......... .......... 41% 11.7M 6s
 58800K .......... .......... .......... .......... .......... 41% 16.5M 6s
 58850K .......... .......... .......... .......... .......... 41% 13.3M 6s
 58900K .......... .......... .......... .......... .......... 41% 14.5M 6s
 58950K .......... .......... .......... .......... .......... 41% 10.4M 6s
 59000K .......... .......... .......... .......... .......... 41% 15.6M 6s
 59050K .......... .......... .......... .......... .......... 41% 12.5M 6s
 59100K .......... .......... .......... .......... .......... 41% 13.0M 6s
 59150K .......... .......... .......... .......... .......... 41% 13.7M 6s
 59200K .......... .......... .......... .......... .......... 41% 13.5M 6s
 59250K .......... .......... .......... .......... .......... 41% 12.8M 6s
 59300K .......... .......... .......... .......... .......... 41% 11.7M 6s
 59350K .......... .......... .......... .......... .......... 41% 14.5M 6s
 59400K .......... .......... .......... .......... .......... 41% 11.5M 6s
 59450K .......... .......... .......... .......... .......... 41% 15.3M 6s
 59500K .......... .......... .......... .......... .......... 42% 13.3M 6s
 59550K .......... .......... .......... .......... .......... 42% 10.6M 6s
 59600K .......... .......... .......... .......... .......... 42% 13.3M 6s
 59650K .......... .......... .......... .......... .......... 42% 16.7M 6s
 59700K .......... .......... .......... .......... .......... 42% 11.7M 6s
 59750K .......... .......... .......... .......... .......... 42% 13.8M 6s
 59800K .......... .......... .......... .......... .......... 42% 13.4M 6s
 59850K .......... .......... .......... .......... .......... 42% 13.5M 6s
 59900K .......... .......... .......... .......... .......... 42% 12.3M 6s
 59950K .......... .......... .......... .......... .......... 42% 12.1M 6s
 60000K .......... .......... .......... .......... .......... 42% 14.0M 6s
 60050K .......... .......... .......... .......... .......... 42% 12.7M 6s
 60100K .......... .......... .......... .......... .......... 42% 14.0M 6s
 60150K .......... .......... .......... .......... .......... 42% 12.2M 6s
 60200K .......... .......... .......... .......... .......... 42% 15.9M 6s
 60250K .......... .......... .......... .......... .......... 42% 10.6M 6s
 60300K .......... .......... .......... .......... .......... 42% 15.2M 6s
 60350K .......... .......... .......... .......... .......... 42% 13.9M 6s
 60400K .......... .......... .......... .......... .......... 42% 10.9M 6s
 60450K .......... .......... .......... .......... .......... 42% 15.4M 6s
 60500K .......... .......... .......... .......... .......... 42% 12.9M 6s
 60550K .......... .......... .......... .......... .......... 42% 12.2M 6s
 60600K .......... .......... .......... .......... .......... 42% 13.2M 6s
 60650K .......... .......... .......... .......... .......... 42% 13.1M 6s
 60700K .......... .......... .......... .......... .......... 42% 12.1M 6s
 60750K .......... .......... .......... .......... .......... 42% 13.0M 6s
 60800K .......... .......... .......... .......... .......... 42% 12.2M 6s
 60850K .......... .......... .......... .......... .......... 42% 16.1M 6s
 60900K .......... .......... .......... .......... .......... 43% 13.2M 6s
 60950K .......... .......... .......... .......... .......... 43% 10.4M 6s
 61000K .......... .......... .......... .......... .......... 43% 13.4M 6s
 61050K .......... .......... .......... .......... .......... 43% 15.7M 6s
 61100K .......... .......... .......... .......... .......... 43% 11.7M 6s
 61150K .......... .......... .......... .......... .......... 43% 13.7M 6s
 61200K .......... .......... .......... .......... .......... 43% 13.6M 6s
 61250K .......... .......... .......... .......... .......... 43% 13.6M 6s
 61300K .......... .......... .......... .......... .......... 43% 12.2M 6s
 61350K .......... .......... .......... .......... .......... 43% 12.0M 6s
 61400K .......... .......... .......... .......... .......... 43% 14.0M 6s
 61450K .......... .......... .......... .......... .......... 43% 12.7M 6s
 61500K .......... .......... .......... .......... .......... 43% 15.5M 6s
 61550K .......... .......... .......... .......... .......... 43% 11.6M 6s
 61600K .......... .......... .......... .......... .......... 43% 12.4M 6s
 61650K .......... .......... .......... .......... .......... 43% 13.7M 6s
 61700K .......... .......... .......... .......... .......... 43% 11.8M 6s
 61750K .......... .......... .......... .......... .......... 43% 15.8M 6s
 61800K .......... .......... .......... .......... .......... 43% 14.0M 6s
 61850K .......... .......... .......... .......... .......... 43% 13.3M 6s
 61900K .......... .......... .......... .......... .......... 43% 10.6M 6s
 61950K .......... .......... .......... .......... .......... 43% 16.0M 6s
 62000K .......... .......... .......... .......... .......... 43% 12.1M 6s
 62050K .......... .......... .......... .......... .......... 43% 13.3M 6s
 62100K .......... .......... .......... .......... .......... 43% 13.9M 6s
 62150K .......... .......... .......... .......... .......... 43% 12.8M 6s
 62200K .......... .......... .......... .......... .......... 43% 12.3M 6s
 62250K .......... .......... .......... .......... .......... 43% 12.1M 6s
 62300K .......... .......... .......... .......... .......... 44% 13.5M 6s
 62350K .......... .......... .......... .......... .......... 44% 15.2M 6s
 62400K .......... .......... .......... .......... .......... 44% 12.1M 6s
 62450K .......... .......... .......... .......... .......... 44% 12.1M 6s
 62500K .......... .......... .......... .......... .......... 44% 15.8M 6s
 62550K .......... .......... .......... .......... .......... 44% 12.6M 6s
 62600K .......... .......... .......... .......... .......... 44% 12.3M 6s
 62650K .......... .......... .......... .......... .......... 44% 13.7M 6s
 62700K .......... .......... .......... .......... .......... 44% 13.5M 6s
 62750K .......... .......... .......... .......... .......... 44% 11.6M 6s
 62800K .......... .......... .......... .......... .......... 44% 13.8M 6s
 62850K .......... .......... .......... .......... .......... 44% 12.5M 6s
 62900K .......... .......... .......... .......... .......... 44% 15.6M 6s
 62950K .......... .......... .......... .......... .......... 44% 11.7M 6s
 63000K .......... .......... .......... .......... .......... 44% 12.2M 6s
 63050K .......... .......... .......... .......... .......... 44% 14.1M 6s
 63100K .......... .......... .......... .......... .......... 44% 12.1M 6s
 63150K .......... .......... .......... .......... .......... 44% 15.3M 6s
 63200K .......... .......... .......... .......... .......... 44% 13.5M 6s
 63250K .......... .......... .......... .......... .......... 44% 13.6M 6s
 63300K .......... .......... .......... .......... .......... 44% 10.7M 6s
 63350K .......... .......... .......... .......... .......... 44% 16.0M 6s
 63400K .......... .......... .......... .......... .......... 44% 12.0M 6s
 63450K .......... .......... .......... .......... .......... 44% 13.9M 6s
 63500K .......... .......... .......... .......... .......... 44% 12.6M 6s
 63550K .......... .......... .......... .......... .......... 44% 12.7M 6s
 63600K .......... .......... .......... .......... .......... 44% 12.9M 6s
 63650K .......... .......... .......... .......... .......... 44% 12.3M 6s
 63700K .......... .......... .......... .......... .......... 44% 13.4M 6s
 63750K .......... .......... .......... .......... .......... 45% 11.8M 6s
 63800K .......... .......... .......... .......... .......... 45% 16.0M 6s
 63850K .......... .......... .......... .......... .......... 45% 13.5M 6s
 63900K .......... .......... .......... .......... .......... 45% 10.6M 6s
 63950K .......... .......... .......... .......... .......... 45% 13.6M 6s
 64000K .......... .......... .......... .......... .......... 45% 16.4M 6s
 64050K .......... .......... .......... .......... .......... 45% 12.0M 6s
 64100K .......... .......... .......... .......... .......... 45% 13.2M 6s
 64150K .......... .......... .......... .......... .......... 45% 13.8M 6s
 64200K .......... .......... .......... .......... .......... 45% 13.4M 6s
 64250K .......... .......... .......... .......... .......... 45% 12.2M 6s
 64300K .......... .......... .......... .......... .......... 45% 12.1M 6s
 64350K .......... .......... .......... .......... .......... 45% 13.7M 6s
 64400K .......... .......... .......... .......... .......... 45% 15.5M 6s
 64450K .......... .......... .......... .......... .......... 45% 11.9M 6s
 64500K .......... .......... .......... .......... .......... 45% 12.3M 6s
 64550K .......... .......... .......... .......... .......... 45% 16.1M 6s
 64600K .......... .......... .......... .......... .......... 45% 9.78M 6s
 64650K .......... .......... .......... .......... .......... 45% 15.4M 6s
 64700K .......... .......... .......... .......... .......... 45% 14.2M 6s
 64750K .......... .......... .......... .......... .......... 45% 10.8M 6s
 64800K .......... .......... .......... .......... .......... 45% 15.9M 6s
 64850K .......... .......... .......... .......... .......... 45% 13.8M 6s
 64900K .......... .......... .......... .......... .......... 45% 11.8M 6s
 64950K .......... .......... .......... .......... .......... 45% 12.9M 6s
 65000K .......... .......... .......... .......... .......... 45% 13.5M 6s
 65050K .......... .......... .......... .......... .......... 45% 12.4M 6s
 65100K .......... .......... .......... .......... .......... 45% 13.1M 6s
 65150K .......... .......... .......... .......... .......... 46% 11.9M 6s
 65200K .......... .......... .......... .......... .......... 46% 15.9M 6s
 65250K .......... .......... .......... .......... .......... 46% 13.8M 6s
 65300K .......... .......... .......... .......... .......... 46% 10.7M 6s
 65350K .......... .......... .......... .......... .......... 46% 13.2M 6s
 65400K .......... .......... .......... .......... .......... 46% 15.8M 6s
 65450K .......... .......... .......... .......... .......... 46% 12.1M 6s
 65500K .......... .......... .......... .......... .......... 46% 15.3M 6s
 65550K .......... .......... .......... .......... .......... 46% 15.0M 6s
 65600K .......... .......... .......... .......... .......... 46% 16.9M 6s
 65650K .......... .......... .......... .......... .......... 46% 16.1M 6s
 65700K .......... .......... .......... .......... .......... 46% 15.2M 6s
 65750K .......... .......... .......... .......... .......... 46% 16.7M 6s
 65800K .......... .......... .......... .......... .......... 46% 15.1M 6s
 65850K .......... .......... .......... .......... .......... 46% 19.3M 6s
 65900K .......... .......... .......... .......... .......... 46% 12.0M 6s
 65950K .......... .......... .......... .......... .......... 46% 11.9M 6s
 66000K .......... .......... .......... .......... .......... 46% 13.4M 6s
 66050K .......... .......... .......... .......... .......... 46% 18.0M 6s
 66100K .......... .......... .......... .......... .......... 46% 14.5M 6s
 66150K .......... .......... .......... .......... .......... 46% 17.0M 6s
 66200K .......... .......... .......... .......... .......... 46% 15.1M 6s
 66250K .......... .......... .......... .......... .......... 46% 10.3M 6s
 66300K .......... .......... .......... .......... .......... 46% 15.3M 6s
 66350K .......... .......... .......... .......... .......... 46% 12.1M 6s
 66400K .......... .......... .......... .......... .......... 46% 12.5M 6s
 66450K .......... .......... .......... .......... .......... 46% 11.8M 6s
 66500K .......... .......... .......... .......... .......... 46% 13.2M 6s
 66550K .......... .......... .......... .......... .......... 47% 10.7M 6s
 66600K .......... .......... .......... .......... .......... 47% 10.7M 6s
 66650K .......... .......... .......... .......... .......... 47% 11.4M 6s
 66700K .......... .......... .......... .......... .......... 47% 14.2M 6s
 66750K .......... .......... .......... .......... .......... 47% 12.2M 6s
 66800K .......... .......... .......... .......... .......... 47% 9.82M 6s
 66850K .......... .......... .......... .......... .......... 47% 13.7M 6s
 66900K .......... .......... .......... .......... .......... 47% 12.3M 6s
 66950K .......... .......... .......... .......... .......... 47% 10.6M 6s
 67000K .......... .......... .......... .......... .......... 47% 12.1M 6s
 67050K .......... .......... .......... .......... .......... 47% 12.3M 6s
 67100K .......... .......... .......... .......... .......... 47% 11.4M 6s
 67150K .......... .......... .......... .......... .......... 47% 11.6M 6s
 67200K .......... .......... .......... .......... .......... 47% 11.0M 6s
 67250K .......... .......... .......... .......... .......... 47% 13.8M 6s
 67300K .......... .......... .......... .......... .......... 47% 10.5M 6s
 67350K .......... .......... .......... .......... .......... 47% 11.3M 6s
 67400K .......... .......... .......... .......... .......... 47% 12.6M 6s
 67450K .......... .......... .......... .......... .......... 47% 14.2M 6s
 67500K .......... .......... .......... .......... .......... 47% 11.1M 6s
 67550K .......... .......... .......... .......... .......... 47% 13.0M 6s
 67600K .......... .......... .......... .......... .......... 47% 11.1M 6s
 67650K .......... .......... .......... .......... .......... 47% 12.4M 6s
 67700K .......... .......... .......... .......... .......... 47% 11.1M 6s
 67750K .......... .......... .......... .......... .......... 47% 10.4M 6s
 67800K .......... .......... .......... .......... .......... 47% 11.7M 6s
 67850K .......... .......... .......... .......... .......... 47% 11.1M 6s
 67900K .......... .......... .......... .......... .......... 47% 11.5M 6s
 67950K .......... .......... .......... .......... .......... 47% 12.8M 6s
 68000K .......... .......... .......... .......... .......... 48% 11.2M 6s
 68050K .......... .......... .......... .......... .......... 48% 12.9M 6s
 68100K .......... .......... .......... .......... .......... 48% 11.2M 6s
 68150K .......... .......... .......... .......... .......... 48% 13.2M 6s
 68200K .......... .......... .......... .......... .......... 48% 12.7M 6s
 68250K .......... .......... .......... .......... .......... 48% 10.3M 6s
 68300K .......... .......... .......... .......... .......... 48% 13.4M 6s
 68350K .......... .......... .......... .......... .......... 48% 15.4M 6s
 68400K .......... .......... .......... .......... .......... 48% 12.5M 6s
 68450K .......... .......... .......... .......... .......... 48% 12.6M 6s
 68500K .......... .......... .......... .......... .......... 48% 12.8M 6s
 68550K .......... .......... .......... .......... .......... 48% 13.0M 6s
 68600K .......... .......... .......... .......... .......... 48% 12.2M 6s
 68650K .......... .......... .......... .......... .......... 48% 12.2M 6s
 68700K .......... .......... .......... .......... .......... 48% 12.2M 6s
 68750K .......... .......... .......... .......... .......... 48% 16.5M 6s
 68800K .......... .......... .......... .......... .......... 48% 11.4M 6s
 68850K .......... .......... .......... .......... .......... 48% 12.3M 6s
 68900K .......... .......... .......... .......... .......... 48% 15.9M 6s
 68950K .......... .......... .......... .......... .......... 48% 10.7M 6s
 69000K .......... .......... .......... .......... .......... 48% 15.5M 6s
 69050K .......... .......... .......... .......... .......... 48% 13.5M 6s
 69100K .......... .......... .......... .......... .......... 48% 13.6M 6s
 69150K .......... .......... .......... .......... .......... 48% 11.9M 6s
 69200K .......... .......... .......... .......... .......... 48% 13.8M 6s
 69250K .......... .......... .......... .......... .......... 48% 12.9M 6s
 69300K .......... .......... .......... .......... .......... 48% 14.0M 6s
 69350K .......... .......... .......... .......... .......... 48% 13.3M 6s
 69400K .......... .......... .......... .......... .......... 49% 11.6M 6s
 69450K .......... .......... .......... .......... .......... 49% 13.4M 6s
 69500K .......... .......... .......... .......... .......... 49% 11.8M 6s
 69550K .......... .......... .......... .......... .......... 49% 16.2M 6s
 69600K .......... .......... .......... .......... .......... 49% 10.8M 6s
 69650K .......... .......... .......... .......... .......... 49% 16.1M 6s
 69700K .......... .......... .......... .......... .......... 49% 13.7M 6s
 69750K .......... .......... .......... .......... .......... 49% 10.1M 6s
 69800K .......... .......... .......... .......... .......... 49% 15.6M 6s
 69850K .......... .......... .......... .......... .......... 49% 13.7M 6s
 69900K .......... .......... .......... .......... .......... 49% 12.2M 6s
 69950K .......... .......... .......... .......... .......... 49% 13.4M 6s
 70000K .......... .......... .......... .......... .......... 49% 13.6M 6s
 70050K .......... .......... .......... .......... .......... 49% 12.4M 6s
 70100K .......... .......... .......... .......... .......... 49% 12.9M 6s
 70150K .......... .......... .......... .......... .......... 49% 12.4M 6s
 70200K .......... .......... .......... .......... .......... 49% 16.2M 6s
 70250K .......... .......... .......... .......... .......... 49% 11.7M 6s
 70300K .......... .......... .......... .......... .......... 49% 12.1M 6s
 70350K .......... .......... .......... .......... .......... 49% 13.5M 6s
 70400K .......... .......... .......... .......... .......... 49% 15.7M 6s
 70450K .......... .......... .......... .......... .......... 49% 11.8M 5s
 70500K .......... .......... .......... .......... .......... 49% 14.4M 5s
 70550K .......... .......... .......... .......... .......... 49% 13.7M 5s
 70600K .......... .......... .......... .......... .......... 49% 10.7M 5s
 70650K .......... .......... .......... .......... .......... 49% 14.7M 5s
 70700K .......... .......... .......... .......... .......... 49% 13.0M 5s
 70750K .......... .......... .......... .......... .......... 49% 13.9M 5s
 70800K .......... .......... .......... .......... .......... 50% 13.1M 5s
 70850K .......... .......... .......... .......... .......... 50% 13.3M 5s
 70900K .......... .......... .......... .......... .......... 50% 12.0M 5s
 70950K .......... .......... .......... .......... .......... 50% 11.4M 5s
 71000K .......... .......... .......... .......... .......... 50% 13.8M 5s
 71050K .......... .......... .......... .......... .......... 50% 15.1M 5s
 71100K .......... .......... .......... .......... .......... 50% 13.9M 5s
 71150K .......... .......... .......... .......... .......... 50% 11.0M 5s
 71200K .......... .......... .......... .......... .......... 50% 15.9M 5s
 71250K .......... .......... .......... .......... .......... 50% 13.2M 5s
 71300K .......... .......... .......... .......... .......... 50% 11.4M 5s
 71350K .......... .......... .......... .......... .......... 50% 14.0M 5s
 71400K .......... .......... .......... .......... .......... 50% 13.5M 5s
 71450K .......... .......... .......... .......... .......... 50% 12.1M 5s
 71500K .......... .......... .......... .......... .......... 50% 13.6M 5s
 71550K .......... .......... .......... .......... .......... 50% 12.1M 5s
 71600K .......... .......... .......... .......... .......... 50% 15.8M 5s
 71650K .......... .......... .......... .......... .......... 50% 11.3M 5s
 71700K .......... .......... .......... .......... .......... 50% 16.7M 5s
 71750K .......... .......... .......... .......... .......... 50% 11.6M 5s
 71800K .......... .......... .......... .......... .......... 50% 11.3M 5s
 71850K .......... .......... .......... .......... .......... 50% 15.6M 5s
 71900K .......... .......... .......... .......... .......... 50% 13.7M 5s
 71950K .......... .......... .......... .......... .......... 50% 11.7M 5s
 72000K .......... .......... .......... .......... .......... 50% 13.8M 5s
 72050K .......... .......... .......... .......... .......... 50% 13.9M 5s
 72100K .......... .......... .......... .......... .......... 50% 11.9M 5s
 72150K .......... .......... .......... .......... .......... 50% 14.2M 5s
 72200K .......... .......... .......... .......... .......... 50% 12.6M 5s
 72250K .......... .......... .......... .......... .......... 51% 15.4M 5s
 72300K .......... .......... .......... .......... .......... 51% 11.5M 5s
 72350K .......... .......... .......... .......... .......... 51% 12.4M 5s
 72400K .......... .......... .......... .......... .......... 51% 13.5M 5s
 72450K .......... .......... .......... .......... .......... 51% 11.7M 5s
 72500K .......... .......... .......... .......... .......... 51% 16.2M 5s
 72550K .......... .......... .......... .......... .......... 51% 13.1M 5s
 72600K .......... .......... .......... .......... .......... 51% 10.8M 5s
 72650K .......... .......... .......... .......... .......... 51% 12.4M 5s
 72700K .......... .......... .......... .......... .......... 51% 13.8M 5s
 72750K .......... .......... .......... .......... .......... 51% 11.2M 5s
 72800K .......... .......... .......... .......... .......... 51% 11.7M 5s
 72850K .......... .......... .......... .......... .......... 51% 13.8M 5s
 72900K .......... .......... .......... .......... .......... 51% 12.8M 5s
 72950K .......... .......... .......... .......... .......... 51% 11.0M 5s
 73000K .......... .......... .......... .......... .......... 51% 11.9M 5s
 73050K .......... .......... .......... .......... .......... 51% 12.0M 5s
 73100K .......... .......... .......... .......... .......... 51% 14.9M 5s
 73150K .......... .......... .......... .......... .......... 51% 11.1M 5s
 73200K .......... .......... .......... .......... .......... 51% 11.8M 5s
 73250K .......... .......... .......... .......... .......... 51% 15.5M 5s
 73300K .......... .......... .......... .......... .......... 51% 9.93M 5s
 73350K .......... .......... .......... .......... .......... 51% 13.5M 5s
 73400K .......... .......... .......... .......... .......... 51% 12.5M 5s
 73450K .......... .......... .......... .......... .......... 51% 13.3M 5s
 73500K .......... .......... .......... .......... .......... 51% 10.9M 5s
 73550K .......... .......... .......... .......... .......... 51% 13.4M 5s
 73600K .......... .......... .......... .......... .......... 51% 11.9M 5s
 73650K .......... .......... .......... .......... .......... 52% 12.4M 5s
 73700K .......... .......... .......... .......... .......... 52% 12.5M 5s
 73750K .......... .......... .......... .......... .......... 52% 12.6M 5s
 73800K .......... .......... .......... .......... .......... 52% 12.9M 5s
 73850K .......... .......... .......... .......... .......... 52% 10.8M 5s
 73900K .......... .......... .......... .......... .......... 52% 15.2M 5s
 73950K .......... .......... .......... .......... .......... 52% 10.0M 5s
 74000K .......... .......... .......... .......... .......... 52% 14.8M 5s
 74050K .......... .......... .......... .......... .......... 52% 13.5M 5s
 74100K .......... .......... .......... .......... .......... 52% 10.3M 5s
 74150K .......... .......... .......... .......... .......... 52% 14.4M 5s
 74200K .......... .......... .......... .......... .......... 52% 13.0M 5s
 74250K .......... .......... .......... .......... .......... 52% 11.4M 5s
 74300K .......... .......... .......... .......... .......... 52% 12.1M 5s
 74350K .......... .......... .......... .......... .......... 52% 13.1M 5s
 74400K .......... .......... .......... .......... .......... 52% 12.3M 5s
 74450K .......... .......... .......... .......... .......... 52% 12.3M 5s
 74500K .......... .......... .......... .......... .......... 52% 11.8M 5s
 74550K .......... .......... .......... .......... .......... 52% 15.2M 5s
 74600K .......... .......... .......... .......... .......... 52% 11.7M 5s
 74650K .......... .......... .......... .......... .......... 52% 10.5M 5s
 74700K .......... .......... .......... .......... .......... 52% 13.4M 5s
 74750K .......... .......... .......... .......... .......... 52% 15.6M 5s
 74800K .......... .......... .......... .......... .......... 52% 11.2M 5s
 74850K .......... .......... .......... .......... .......... 52% 12.1M 5s
 74900K .......... .......... .......... .......... .......... 52% 13.7M 5s
 74950K .......... .......... .......... .......... .......... 52% 12.8M 5s
 75000K .......... .......... .......... .......... .......... 52% 11.4M 5s
 75050K .......... .......... .......... .......... .......... 53% 11.5M 5s
 75100K .......... .......... .......... .......... .......... 53% 12.6M 5s
 75150K .......... .......... .......... .......... .......... 53% 11.6M 5s
 75200K .......... .......... .......... .......... .......... 53% 12.6M 5s
 75250K .......... .......... .......... .......... .......... 53% 11.3M 5s
 75300K .......... .......... .......... .......... .......... 53% 14.8M 5s
 75350K .......... .......... .......... .......... .......... 53% 9.78M 5s
 75400K .......... .......... .......... .......... .......... 53% 14.2M 5s
 75450K .......... .......... .......... .......... .......... 53% 12.6M 5s
 75500K .......... .......... .......... .......... .......... 53% 9.49M 5s
 75550K .......... .......... .......... .......... .......... 53% 14.1M 5s
 75600K .......... .......... .......... .......... .......... 53% 12.7M 5s
 75650K .......... .......... .......... .......... .......... 53% 11.5M 5s
 75700K .......... .......... .......... .......... .......... 53% 12.0M 5s
 75750K .......... .......... .......... .......... .......... 53% 12.3M 5s
 75800K .......... .......... .......... .......... .......... 53% 12.1M 5s
 75850K .......... .......... .......... .......... .......... 53% 11.8M 5s
 75900K .......... .......... .......... .......... .......... 53% 10.5M 5s
 75950K .......... .......... .......... .......... .......... 53% 10.7M 5s
 76000K .......... .......... .......... .......... .......... 53% 12.4M 5s
 76050K .......... .......... .......... .......... .......... 53% 14.7M 5s
 76100K .......... .......... .......... .......... .......... 53% 10.9M 5s
 76150K .......... .......... .......... .......... .......... 53% 11.4M 5s
 76200K .......... .......... .......... .......... .......... 53% 14.5M 5s
 76250K .......... .......... .......... .......... .......... 53% 13.0M 5s
 76300K .......... .......... .......... .......... .......... 53% 11.3M 5s
 76350K .......... .......... .......... .......... .......... 53% 12.6M 5s
 76400K .......... .......... .......... .......... .......... 53% 13.6M 5s
 76450K .......... .......... .......... .......... .......... 53% 11.1M 5s
 76500K .......... .......... .......... .......... .......... 54% 13.0M 5s
 76550K .......... .......... .......... .......... .......... 54% 11.8M 5s
 76600K .......... .......... .......... .......... .......... 54% 18.2M 5s
 76650K .......... .......... .......... .......... .......... 54% 10.3M 5s
 76700K .......... .......... .......... .......... .......... 54% 11.4M 5s
 76750K .......... .......... .......... .......... .......... 54% 12.5M 5s
 76800K .......... .......... .......... .......... .......... 54% 10.9M 5s
 76850K .......... .......... .......... .......... .......... 54% 13.4M 5s
 76900K .......... .......... .......... .......... .......... 54% 11.7M 5s
 76950K .......... .......... .......... .......... .......... 54% 12.6M 5s
 77000K .......... .......... .......... .......... .......... 54% 9.87M 5s
 77050K .......... .......... .......... .......... .......... 54% 17.5M 5s
 77100K .......... .......... .......... .......... .......... 54% 14.2M 5s
 77150K .......... .......... .......... .......... .......... 54% 15.4M 5s
 77200K .......... .......... .......... .......... .......... 54% 15.6M 5s
 77250K .......... .......... .......... .......... .......... 54% 14.1M 5s
 77300K .......... .......... .......... .......... .......... 54% 14.4M 5s
 77350K .......... .......... .......... .......... .......... 54% 14.2M 5s
 77400K .......... .......... .......... .......... .......... 54% 16.4M 5s
 77450K .......... .......... .......... .......... .......... 54% 18.4M 5s
 77500K .......... .......... .......... .......... .......... 54% 13.0M 5s
 77550K .......... .......... .......... .......... .......... 54% 12.6M 5s
 77600K .......... .......... .......... .......... .......... 54% 18.0M 5s
 77650K .......... .......... .......... .......... .......... 54% 15.8M 5s
 77700K .......... .......... .......... .......... .......... 54% 13.5M 5s
 77750K .......... .......... .......... .......... .......... 54% 12.8M 5s
 77800K .......... .......... .......... .......... .......... 54% 11.6M 5s
 77850K .......... .......... .......... .......... .......... 54% 11.8M 5s
 77900K .......... .......... .......... .......... .......... 55% 12.2M 5s
 77950K .......... .......... .......... .......... .......... 55% 11.1M 5s
 78000K .......... .......... .......... .......... .......... 55% 10.9M 5s
 78050K .......... .......... .......... .......... .......... 55% 12.0M 5s
 78100K .......... .......... .......... .......... .......... 55% 11.7M 5s
 78150K .......... .......... .......... .......... .......... 55% 12.2M 5s
 78200K .......... .......... .......... .......... .......... 55% 10.8M 5s
 78250K .......... .......... .......... .......... .......... 55% 13.7M 5s
 78300K .......... .......... .......... .......... .......... 55% 9.38M 5s
 78350K .......... .......... .......... .......... .......... 55% 13.6M 5s
 78400K .......... .......... .......... .......... .......... 55% 12.6M 5s
 78450K .......... .......... .......... .......... .......... 55% 12.6M 5s
 78500K .......... .......... .......... .......... .......... 55% 18.0M 5s
 78550K .......... .......... .......... .......... .......... 55% 14.5M 5s
 78600K .......... .......... .......... .......... .......... 55% 15.0M 5s
 78650K .......... .......... .......... .......... .......... 55% 15.3M 5s
 78700K .......... .......... .......... .......... .......... 55% 16.2M 5s
 78750K .......... .......... .......... .......... .......... 55% 13.9M 5s
 78800K .......... .......... .......... .......... .......... 55% 15.8M 5s
 78850K .......... .......... .......... .......... .......... 55% 13.5M 5s
 78900K .......... .......... .......... .......... .......... 55% 17.2M 5s
 78950K .......... .......... .......... .......... .......... 55%  110K 5s
 79000K .......... .......... .......... .......... .......... 55% 12.3M 5s
 79050K .......... .......... .......... .......... .......... 55% 15.4M 5s
 79100K .......... .......... .......... .......... .......... 55% 10.3M 5s
 79150K .......... .......... .......... .......... .......... 55% 13.4M 5s
 79200K .......... .......... .......... .......... .......... 55% 14.7M 5s
 79250K .......... .......... .......... .......... .......... 55% 15.6M 5s
 79300K .......... .......... .......... .......... .......... 56% 15.4M 5s
 79350K .......... .......... .......... .......... .......... 56% 13.0M 5s
 79400K .......... .......... .......... .......... .......... 56% 14.0M 5s
 79450K .......... .......... .......... .......... .......... 56% 15.4M 5s
 79500K .......... .......... .......... .......... .......... 56% 15.4M 5s
 79550K .......... .......... .......... .......... .......... 56% 15.6M 5s
 79600K .......... .......... .......... .......... .......... 56% 13.3M 5s
 79650K .......... .......... .......... .......... .......... 56% 17.9M 5s
 79700K .......... .......... .......... .......... .......... 56% 12.0M 5s
 79750K .......... .......... .......... .......... .......... 56% 18.0M 5s
 79800K .......... .......... .......... .......... .......... 56% 15.6M 5s
 79850K .......... .......... .......... .......... .......... 56% 14.0M 5s
 79900K .......... .......... .......... .......... .......... 56% 16.0M 5s
 79950K .......... .......... .......... .......... .......... 56% 11.7M 5s
 80000K .......... .......... .......... .......... .......... 56% 18.1M 5s
 80050K .......... .......... .......... .......... .......... 56% 13.5M 5s
 80100K .......... .......... .......... .......... .......... 56% 15.8M 5s
 80150K .......... .......... .......... .......... .......... 56% 14.7M 5s
 80200K .......... .......... .......... .......... .......... 56% 16.1M 5s
 80250K .......... .......... .......... .......... .......... 56% 13.4M 5s
 80300K .......... .......... .......... .......... .......... 56% 13.0M 5s
 80350K .......... .......... .......... .......... .......... 56% 15.4M 5s
 80400K .......... .......... .......... .......... .......... 56% 18.0M 5s
 80450K .......... .......... .......... .......... .......... 56% 13.8M 5s
 80500K .......... .......... .......... .......... .......... 56% 13.1M 5s
 80550K .......... .......... .......... .......... .......... 56% 18.0M 5s
 80600K .......... .......... .......... .......... .......... 56% 15.2M 5s
 80650K .......... .......... .......... .......... .......... 56% 13.4M 5s
 80700K .......... .......... .......... .......... .......... 56% 14.9M 5s
 80750K .......... .......... .......... .......... .......... 57% 15.5M 5s
 80800K .......... .......... .......... .......... .......... 57% 13.1M 5s
 80850K .......... .......... .......... .......... .......... 57% 15.3M 5s
 80900K .......... .......... .......... .......... .......... 57% 13.8M 5s
 80950K .......... .......... .......... .......... .......... 57% 17.5M 5s
 81000K .......... .......... .......... .......... .......... 57% 13.1M 5s
 81050K .......... .......... .......... .......... .......... 57% 11.3M 5s
 81100K .......... .......... .......... .......... .......... 57% 14.3M 5s
 81150K .......... .......... .......... .......... .......... 57% 13.1M 5s
 81200K .......... .......... .......... .......... .......... 57% 18.1M 5s
 81250K .......... .......... .......... .......... .......... 57% 13.7M 5s
 81300K .......... .......... .......... .......... .......... 57% 14.8M 5s
 81350K .......... .......... .......... .......... .......... 57% 11.9M 5s
 81400K .......... .......... .......... .......... .......... 57% 17.4M 5s
 81450K .......... .......... .......... .......... .......... 57% 13.8M 5s
 81500K .......... .......... .......... .......... .......... 57% 14.8M 5s
 81550K .......... .......... .......... .......... .......... 57% 16.1M 5s
 81600K .......... .......... .......... .......... .......... 57% 15.8M 5s
 81650K .......... .......... .......... .......... .......... 57% 13.1M 5s
 81700K .......... .......... .......... .......... .......... 57% 13.4M 5s
 81750K .......... .......... .......... .......... .......... 57% 15.4M 5s
 81800K .......... .......... .......... .......... .......... 57% 17.8M 5s
 81850K .......... .......... .......... .......... .......... 57% 13.5M 5s
 81900K .......... .......... .......... .......... .......... 57% 16.3M 5s
 81950K .......... .......... .......... .......... .......... 57% 11.9M 5s
 82000K .......... .......... .......... .......... .......... 57% 15.3M 5s
 82050K .......... .......... .......... .......... .......... 57% 17.9M 5s
 82100K .......... .......... .......... .......... .......... 57% 13.9M 5s
 82150K .......... .......... .......... .......... .......... 58% 14.9M 5s
 82200K .......... .......... .......... .......... .......... 58% 15.8M 5s
 82250K .......... .......... .......... .......... .......... 58% 15.7M 5s
 82300K .......... .......... .......... .......... .......... 58% 11.3M 5s
 82350K .......... .......... .......... .......... .......... 58% 13.2M 5s
 82400K .......... .......... .......... .......... .......... 58% 15.4M 5s
 82450K .......... .......... .......... .......... .......... 58% 17.1M 5s
 82500K .......... .......... .......... .......... .......... 58% 13.5M 5s
 82550K .......... .......... .......... .......... .......... 58% 12.2M 5s
 82600K .......... .......... .......... .......... .......... 58% 17.4M 5s
 82650K .......... .......... .......... .......... .......... 58% 11.7M 5s
 82700K .......... .......... .......... .......... .......... 58% 17.8M 5s
 82750K .......... .......... .......... .......... .......... 58% 14.4M 5s
 82800K .......... .......... .......... .......... .......... 58% 13.8M 5s
 82850K .......... .......... .......... .......... .......... 58% 12.5M 5s
 82900K .......... .......... .......... .......... .......... 58% 15.4M 5s
 82950K .......... .......... .......... .......... .......... 58% 13.7M 5s
 83000K .......... .......... .......... .......... .......... 58% 15.3M 5s
 83050K .......... .......... .......... .......... .......... 58% 15.1M 5s
 83100K .......... .......... .......... .......... .......... 58% 13.4M 5s
 83150K .......... .......... .......... .......... .......... 58% 13.9M 5s
 83200K .......... .......... .......... .......... .......... 58% 13.4M 5s
 83250K .......... .......... .......... .......... .......... 58% 17.7M 5s
 83300K .......... .......... .......... .......... .......... 58% 15.4M 5s
 83350K .......... .......... .......... .......... .......... 58% 11.9M 5s
 83400K .......... .......... .......... .......... .......... 58% 15.1M 5s
 83450K .......... .......... .......... .......... .......... 58% 17.9M 5s
 83500K .......... .......... .......... .......... .......... 58% 12.6M 5s
 83550K .......... .......... .......... .......... .......... 59% 15.3M 5s
 83600K .......... .......... .......... .......... .......... 59% 15.5M 5s
 83650K .......... .......... .......... .......... .......... 59% 15.8M 5s
 83700K .......... .......... .......... .......... .......... 59% 13.0M 5s
 83750K .......... .......... .......... .......... .......... 59% 13.4M 5s
 83800K .......... .......... .......... .......... .......... 59% 15.5M 5s
 83850K .......... .......... .......... .......... .......... 59% 17.7M 5s
 83900K .......... .......... .......... .......... .......... 59% 13.5M 5s
 83950K .......... .......... .......... .......... .......... 59% 16.1M 5s
 84000K .......... .......... .......... .......... .......... 59% 12.2M 5s
 84050K .......... .......... .......... .......... .......... 59% 15.3M 5s
 84100K .......... .......... .......... .......... .......... 59% 18.1M 5s
 84150K .......... .......... .......... .......... .......... 59% 13.0M 5s
 84200K .......... .......... .......... .......... .......... 59% 15.3M 5s
 84250K .......... .......... .......... .......... .......... 59% 15.5M 5s
 84300K .......... .......... .......... .......... .......... 59% 11.0M 5s
 84350K .......... .......... .......... .......... .......... 59% 17.3M 5s
 84400K .......... .......... .......... .......... .......... 59% 13.8M 5s
 84450K .......... .......... .......... .......... .......... 59% 15.0M 5s
 84500K .......... .......... .......... .......... .......... 59% 15.1M 5s
 84550K .......... .......... .......... .......... .......... 59% 15.7M 5s
 84600K .......... .......... .......... .......... .......... 59% 13.0M 5s
 84650K .......... .......... .......... .......... .......... 59% 13.2M 5s
 84700K .......... .......... .......... .......... .......... 59% 15.4M 5s
 84750K .......... .......... .......... .......... .......... 59% 17.9M 5s
 84800K .......... .......... .......... .......... .......... 59% 15.9M 5s
 84850K .......... .......... .......... .......... .......... 59% 11.6M 5s
 84900K .......... .......... .......... .......... .......... 59% 17.7M 5s
 84950K .......... .......... .......... .......... .......... 59% 7.59M 5s
 85000K .......... .......... .......... .......... .......... 60% 9.64M 5s
 85050K .......... .......... .......... .......... .......... 60% 15.9M 5s
 85100K .......... .......... .......... .......... .......... 60% 15.3M 5s
 85150K .......... .......... .......... .......... .......... 60% 13.5M 5s
 85200K .......... .......... .......... .......... .......... 60% 15.3M 5s
 85250K .......... .......... .......... .......... .......... 60% 13.4M 5s
 85300K .......... .......... .......... .......... .......... 60% 18.0M 5s
 85350K .......... .......... .......... .......... .......... 60% 13.5M 5s
 85400K .......... .......... .......... .......... .......... 60% 4.47M 5s
 85450K .......... .......... .......... .......... .......... 60% 15.3M 5s
 85500K .......... .......... .......... .......... .......... 60% 18.1M 5s
 85550K .......... .......... .......... .......... .......... 60% 13.4M 5s
 85600K .......... .......... .......... .......... .......... 60% 15.4M 5s
 85650K .......... .......... .......... .......... .......... 60% 15.5M 5s
 85700K .......... .......... .......... .......... .......... 60% 11.6M 5s
 85750K .......... .......... .......... .......... .......... 60% 17.7M 5s
 85800K .......... .......... .......... .......... .......... 60% 12.4M 5s
 85850K .......... .......... .......... .......... .......... 60% 15.4M 5s
 85900K .......... .......... .......... .......... .......... 60% 15.4M 5s
 85950K .......... .......... .......... .......... .......... 60% 15.2M 5s
 86000K .......... .......... .......... .......... .......... 60% 14.5M 5s
 86050K .......... .......... .......... .......... .......... 60% 13.2M 5s
 86100K .......... .......... .......... .......... .......... 60% 15.3M 5s
 86150K .......... .......... .......... .......... .......... 60% 13.2M 5s
 86200K .......... .......... .......... .......... .......... 60% 17.9M 5s
 86250K .......... .......... .......... .......... .......... 60% 14.1M 5s
 86300K .......... .......... .......... .......... .......... 60% 12.0M 5s
 86350K .......... .......... .......... .......... .......... 60% 15.4M 5s
 86400K .......... .......... .......... .......... .......... 61% 17.8M 5s
 86450K .......... .......... .......... .......... .......... 61% 13.5M 5s
 86500K .......... .......... .......... .......... .......... 61% 15.0M 5s
 86550K .......... .......... .......... .......... .......... 61% 15.9M 4s
 86600K .......... .......... .......... .......... .......... 61% 15.9M 4s
 86650K .......... .......... .......... .......... .......... 61%  621K 5s
 86700K .......... .......... .......... .......... .......... 61% 13.3M 5s
 86750K .......... .......... .......... .......... .......... 61% 15.8M 5s
 86800K .......... .......... .......... .......... .......... 61% 18.2M 5s
 86850K .......... .......... .......... .......... .......... 61% 13.6M 5s
 86900K .......... .......... .......... .......... .......... 61% 13.1M 5s
 86950K .......... .......... .......... .......... .......... 61% 17.9M 5s
 87000K .......... .......... .......... .......... .......... 61% 11.9M 5s
 87050K .......... .......... .......... .......... .......... 61% 17.9M 5s
 87100K .......... .......... .......... .......... .......... 61% 15.6M 4s
 87150K .......... .......... .......... .......... .......... 61% 15.2M 4s
 87200K .......... .......... .......... .......... .......... 61% 13.5M 4s
 87250K .......... .......... .......... .......... .......... 61% 15.3M 4s
 87300K .......... .......... .......... .......... .......... 61% 13.4M 4s
 87350K .......... .......... .......... .......... .......... 61% 15.3M 4s
 87400K .......... .......... .......... .......... .......... 61% 15.3M 4s
 87450K .......... .......... .......... .......... .......... 61% 13.6M 4s
 87500K .......... .......... .......... .......... .......... 61% 15.4M 4s
 87550K .......... .......... .......... .......... .......... 61% 13.0M 4s
 87600K .......... .......... .......... .......... .......... 61% 17.7M 4s
 87650K .......... .......... .......... .......... .......... 61% 15.1M 4s
 87700K .......... .......... .......... .......... .......... 61% 11.9M 4s
 87750K .......... .......... .......... .......... .......... 61% 15.4M 4s
 87800K .......... .......... .......... .......... .......... 62% 18.0M 4s
 87850K .......... .......... .......... .......... .......... 62% 13.7M 4s
 87900K .......... .......... .......... .......... .......... 62% 5.46M 4s
 87950K .......... .......... .......... .......... .......... 62% 15.4M 4s
 88000K .......... .......... .......... .......... .......... 62% 15.7M 4s
 88050K .......... .......... .......... .......... .......... 62% 14.4M 4s
 88100K .......... .......... .......... .......... .......... 62% 13.4M 4s
 88150K .......... .......... .......... .......... .......... 62% 14.9M 4s
 88200K .......... .......... .......... .......... .......... 62% 13.7M 4s
 88250K .......... .......... .......... .......... .......... 62% 18.0M 4s
 88300K .......... .......... .......... .......... .......... 62% 15.0M 4s
 88350K .......... .......... .......... .......... .......... 62% 11.9M 4s
 88400K .......... .......... .......... .......... .......... 62% 15.5M 4s
 88450K .......... .......... .......... .......... .......... 62% 17.8M 4s
 88500K .......... .......... .......... .......... .......... 62% 13.1M 4s
 88550K .......... .......... .......... .......... .......... 62% 15.8M 4s
 88600K .......... .......... .......... .......... .......... 62% 15.4M 4s
 88650K .......... .......... .......... .......... .......... 62% 11.8M 4s
 88700K .......... .......... .......... .......... .......... 62% 18.3M 4s
 88750K .......... .......... .......... .......... .......... 62% 13.5M 4s
 88800K .......... .......... .......... .......... .......... 62% 15.5M 4s
 88850K .......... .......... .......... .......... .......... 62% 15.3M 4s
 88900K .......... .......... .......... .......... .......... 62% 15.7M 4s
 88950K .......... .......... .......... .......... .......... 62% 13.2M 4s
 89000K .......... .......... .......... .......... .......... 62% 13.4M 4s
 89050K .......... .......... .......... .......... .......... 62% 15.4M 4s
 89100K .......... .......... .......... .......... .......... 62% 18.1M 4s
 89150K .......... .......... .......... .......... .......... 62% 15.6M 4s
 89200K .......... .......... .......... .......... .......... 62% 11.8M 4s
 89250K .......... .......... .......... .......... .......... 63% 18.1M 4s
 89300K .......... .......... .......... .......... .......... 63% 15.3M 4s
 89350K .......... .......... .......... .......... .......... 63% 13.5M 4s
 89400K .......... .......... .......... .......... .......... 63% 15.3M 4s
 89450K .......... .......... .......... .......... .......... 63% 15.4M 4s
 89500K .......... .......... .......... .......... .......... 63% 13.4M 4s
 89550K .......... .......... .......... .......... .......... 63% 15.0M 4s
 89600K .......... .......... .......... .......... .......... 63% 13.6M 4s
 89650K .......... .......... .......... .......... .......... 63% 17.9M 4s
 89700K .......... .......... .......... .......... .......... 63% 13.3M 4s
 89750K .......... .......... .......... .......... .......... 63% 13.7M 4s
 89800K .......... .......... .......... .......... .......... 63% 15.2M 4s
 89850K .......... .......... .......... .......... .......... 63% 18.0M 4s
 89900K .......... .......... .......... .......... .......... 63% 13.3M 4s
 89950K .......... .......... .......... .......... .......... 63% 15.3M 4s
 90000K .......... .......... .......... .......... .......... 63% 15.3M 4s
 90050K .......... .......... .......... .......... .......... 63% 13.2M 4s
 90100K .......... .......... .......... .......... .......... 63% 17.7M 4s
 90150K .......... .......... .......... .......... .......... 63% 13.1M 4s
 90200K .......... .......... .......... .......... .......... 63% 14.9M 4s
 90250K .......... .......... .......... .......... .......... 63% 14.3M 4s
 90300K .......... .......... .......... .......... .......... 63% 17.7M 4s
 90350K .......... .......... .......... .......... .......... 63% 13.5M 4s
 90400K .......... .......... .......... .......... .......... 63% 13.5M 4s
 90450K .......... .......... .......... .......... .......... 63% 15.6M 4s
 90500K .......... .......... .......... .......... .......... 63% 13.3M 4s
 90550K .......... .......... .......... .......... .......... 63% 18.0M 4s
 90600K .......... .......... .......... .......... .......... 63% 15.2M 4s
 90650K .......... .......... .......... .......... .......... 64% 16.2M 4s
 90700K .......... .......... .......... .......... .......... 64% 11.6M 4s
 90750K .......... .......... .......... .......... .......... 64% 17.9M 4s
 90800K .......... .......... .......... .......... .......... 64% 13.9M 4s
 90850K .......... .......... .......... .......... .......... 64% 14.9M 4s
 90900K .......... .......... .......... .......... .......... 64% 15.0M 4s
 90950K .......... .......... .......... .......... .......... 64% 16.1M 4s
 91000K .......... .......... .......... .......... .......... 64% 13.7M 4s
 91050K .......... .......... .......... .......... .......... 64% 13.0M 4s
 91100K .......... .......... .......... .......... .......... 64% 15.7M 4s
 91150K .......... .......... .......... .......... .......... 64% 17.7M 4s
 91200K .......... .......... .......... .......... .......... 64% 13.5M 4s
 91250K .......... .......... .......... .......... .......... 64% 13.6M 4s
 91300K .......... .......... .......... .......... .......... 64% 18.4M 4s
 91350K .......... .......... .......... .......... .......... 64% 15.2M 4s
 91400K .......... .......... .......... .......... .......... 64% 13.2M 4s
 91450K .......... .......... .......... .......... .......... 64% 15.6M 4s
 91500K .......... .......... .......... .......... .......... 64% 15.1M 4s
 91550K .......... .......... .......... .......... .......... 64% 13.1M 4s
 91600K .......... .......... .......... .......... .......... 64% 15.8M 4s
 91650K .......... .......... .......... .......... .......... 64% 13.9M 4s
 91700K .......... .......... .......... .......... .......... 64% 18.0M 4s
 91750K .......... .......... .......... .......... .......... 64% 13.4M 4s
 91800K .......... .......... .......... .......... .......... 64% 13.5M 4s
 91850K .......... .......... .......... .......... .......... 64% 15.4M 4s
 91900K .......... .......... .......... .......... .......... 64% 13.5M 4s
 91950K .......... .......... .......... .......... .......... 64% 17.9M 4s
 92000K .......... .......... .......... .......... .......... 64% 15.4M 4s
 92050K .......... .......... .......... .......... .......... 65% 11.9M 4s
 92100K .......... .......... .......... .......... .......... 65% 17.4M 4s
 92150K .......... .......... .......... .......... .......... 65% 12.9M 4s
 92200K .......... .......... .......... .......... .......... 65% 17.9M 4s
 92250K .......... .......... .......... .......... .......... 65% 14.8M 4s
 92300K .......... .......... .......... .......... .......... 65% 14.4M 4s
 92350K .......... .......... .......... .......... .......... 65% 15.3M 4s
 92400K .......... .......... .......... .......... .......... 65% 15.5M 4s
 92450K .......... .......... .......... .......... .......... 65% 13.5M 4s
 92500K .......... .......... .......... .......... .......... 65% 14.8M 4s
 92550K .......... .......... .......... .......... .......... 65% 13.9M 4s
 92600K .......... .......... .......... .......... .......... 65% 17.4M 4s
 92650K .......... .......... .......... .......... .......... 65% 16.0M 4s
 92700K .......... .......... .......... .......... .......... 65% 11.8M 4s
 92750K .......... .......... .......... .......... .......... 65% 15.6M 4s
 92800K .......... .......... .......... .......... .......... 65% 17.9M 4s
 92850K .......... .......... .......... .......... .......... 65% 13.2M 4s
 92900K .......... .......... .......... .......... .......... 65% 15.2M 4s
 92950K .......... .......... .......... .......... .......... 65% 16.1M 4s
 93000K .......... .......... .......... .......... .......... 65% 15.8M 4s
 93050K .......... .......... .......... .......... .......... 65% 12.9M 4s
 93100K .......... .......... .......... .......... .......... 65% 13.5M 4s
 93150K .......... .......... .......... .......... .......... 65% 15.8M 4s
 93200K .......... .......... .......... .......... .......... 65% 14.8M 4s
 93250K .......... .......... .......... .......... .......... 65% 16.1M 4s
 93300K .......... .......... .......... .......... .......... 65% 13.4M 4s
 93350K .......... .......... .......... .......... .......... 65% 16.8M 4s
 93400K .......... .......... .......... .......... .......... 65% 12.2M 4s
 93450K .......... .......... .......... .......... .......... 65% 15.3M 4s
 93500K .......... .......... .......... .......... .......... 66% 14.3M 4s
 93550K .......... .......... .......... .......... .......... 66% 12.3M 4s
 93600K .......... .......... .......... .......... .......... 66% 19.3M 4s
 93650K .......... .......... .......... .......... .......... 66% 16.7M 4s
 93700K .......... .......... .......... .......... .......... 66% 14.5M 4s
 93750K .......... .......... .......... .......... .......... 66% 15.3M 4s
 93800K .......... .......... .......... .......... .......... 66% 15.4M 4s
 93850K .......... .......... .......... .......... .......... 66% 13.6M 4s
 93900K .......... .......... .......... .......... .......... 66% 14.9M 4s
 93950K .......... .......... .......... .......... .......... 66% 13.9M 4s
 94000K .......... .......... .......... .......... .......... 66% 17.3M 4s
 94050K .......... .......... .......... .......... .......... 66% 14.9M 4s
 94100K .......... .......... .......... .......... .......... 66% 12.5M 4s
 94150K .......... .......... .......... .......... .......... 66% 17.1M 4s
 94200K .......... .......... .......... .......... .......... 66% 13.1M 4s
 94250K .......... .......... .......... .......... .......... 66% 17.9M 4s
 94300K .......... .......... .......... .......... .......... 66% 14.4M 4s
 94350K .......... .......... .......... .......... .......... 66% 14.1M 4s
 94400K .......... .......... .......... .......... .......... 66% 15.3M 4s
 94450K .......... .......... .......... .......... .......... 66% 16.0M 4s
 94500K .......... .......... .......... .......... .......... 66% 12.9M 4s
 94550K .......... .......... .......... .......... .......... 66% 12.5M 4s
 94600K .......... .......... .......... .......... .......... 66% 14.7M 4s
 94650K .......... .......... .......... .......... .......... 66% 19.3M 4s
 94700K .......... .......... .......... .......... .......... 66% 14.2M 4s
 94750K .......... .......... .......... .......... .......... 66% 13.6M 4s
 94800K .......... .......... .......... .......... .......... 66% 12.8M 4s
 94850K .......... .......... .......... .......... .......... 66% 11.2M 4s
 94900K .......... .......... .......... .......... .......... 67% 14.3M 4s
 94950K .......... .......... .......... .......... .......... 67% 12.4M 4s
 95000K .......... .......... .......... .......... .......... 67% 12.4M 4s
 95050K .......... .......... .......... .......... .......... 67% 9.91M 4s
 95100K .......... .......... .......... .......... .......... 67% 14.4M 4s
 95150K .......... .......... .......... .......... .......... 67% 11.5M 4s
 95200K .......... .......... .......... .......... .......... 67% 12.2M 4s
 95250K .......... .......... .......... .......... .......... 67% 11.8M 4s
 95300K .......... .......... .......... .......... .......... 67% 12.6M 4s
 95350K .......... .......... .......... .......... .......... 67% 10.4M 4s
 95400K .......... .......... .......... .......... .......... 67% 10.6M 4s
 95450K .......... .......... .......... .......... .......... 67% 12.2M 4s
 95500K .......... .......... .......... .......... .......... 67% 14.5M 4s
 95550K .......... .......... .......... .......... .......... 67% 10.9M 4s
 95600K .......... .......... .......... .......... .......... 67% 11.4M 4s
 95650K .......... .......... .......... .......... .......... 67% 14.3M 4s
 95700K .......... .......... .......... .......... .......... 67% 11.7M 4s
 95750K .......... .......... .......... .......... .......... 67% 10.8M 4s
 95800K .......... .......... .......... .......... .......... 67% 11.8M 4s
 95850K .......... .......... .......... .......... .......... 67% 11.7M 4s
 95900K .......... .......... .......... .......... .......... 67% 10.9M 4s
 95950K .......... .......... .......... .......... .......... 67% 12.7M 4s
 96000K .......... .......... .......... .......... .......... 67% 11.3M 4s
 96050K .......... .......... .......... .......... .......... 67% 14.7M 4s
 96100K .......... .......... .......... .......... .......... 67% 11.1M 4s
 96150K .......... .......... .......... .......... .......... 67% 11.7M 4s
 96200K .......... .......... .......... .......... .......... 67% 13.3M 4s
 96250K .......... .......... .......... .......... .......... 67% 11.5M 4s
 96300K .......... .......... .......... .......... .......... 68% 14.2M 4s
 96350K .......... .......... .......... .......... .......... 68% 9.02M 4s
 96400K .......... .......... .......... .......... .......... 68% 13.4M 4s
 96450K .......... .......... .......... .......... .......... 68% 11.4M 4s
 96500K .......... .......... .......... .......... .......... 68% 9.41M 4s
 96550K .......... .......... .......... .......... .......... 68% 13.7M 4s
 96600K .......... .......... .......... .......... .......... 68% 12.5M 4s
 96650K .......... .......... .......... .......... .......... 68% 10.7M 4s
 96700K .......... .......... .......... .......... .......... 68% 10.7M 4s
 96750K .......... .......... .......... .......... .......... 68% 12.1M 4s
 96800K .......... .......... .......... .......... .......... 68% 10.8M 4s
 96850K .......... .......... .......... .......... .......... 68% 11.6M 4s
 96900K .......... .......... .......... .......... .......... 68% 10.8M 4s
 96950K .......... .......... .......... .......... .......... 68% 13.6M 4s
 97000K .......... .......... .......... .......... .......... 68% 12.0M 4s
 97050K .......... .......... .......... .......... .......... 68% 9.33M 4s
 97100K .......... .......... .......... .......... .......... 68% 11.9M 4s
 97150K .......... .......... .......... .......... .......... 68% 13.8M 4s
 97200K .......... .......... .......... .......... .......... 68% 10.0M 4s
 97250K .......... .......... .......... .......... .......... 68% 11.7M 4s
 97300K .......... .......... .......... .......... .......... 68% 12.2M 4s
 97350K .......... .......... .......... .......... .......... 68% 11.8M 4s
 97400K .......... .......... .......... .......... .......... 68% 10.1M 4s
 97450K .......... .......... .......... .......... .......... 68% 10.8M 4s
 97500K .......... .......... .......... .......... .......... 68% 12.4M 4s
 97550K .......... .......... .......... .......... .......... 68% 12.4M 4s
 97600K .......... .......... .......... .......... .......... 68% 12.2M 4s
 97650K .......... .......... .......... .......... .......... 68% 11.2M 4s
 97700K .......... .......... .......... .......... .......... 68% 13.9M 4s
 97750K .......... .......... .......... .......... .......... 69% 9.61M 4s
 97800K .......... .......... .......... .......... .......... 69% 14.2M 4s
 97850K .......... .......... .......... .......... .......... 69% 11.3M 4s
 97900K .......... .......... .......... .......... .......... 69% 9.60M 4s
 97950K .......... .......... .......... .......... .......... 69% 13.7M 4s
 98000K .......... .......... .......... .......... .......... 69% 12.0M 4s
 98050K .......... .......... .......... .......... .......... 69% 13.0M 4s
 98100K .......... .......... .......... .......... .......... 69% 14.5M 4s
 98150K .......... .......... .......... .......... .......... 69% 12.3M 4s
 98200K .......... .......... .......... .......... .......... 69% 10.9M 4s
 98250K .......... .......... .......... .......... .......... 69% 12.3M 4s
 98300K .......... .......... .......... .......... .......... 69% 11.7M 4s
 98350K .......... .......... .......... .......... .......... 69% 10.5M 4s
 98400K .......... .......... .......... .......... .......... 69% 10.9M 4s
 98450K .......... .......... .......... .......... .......... 69% 14.4M 4s
 98500K .......... .......... .......... .......... .......... 69% 12.8M 4s
 98550K .......... .......... .......... .......... .......... 69% 9.79M 4s
 98600K .......... .......... .......... .......... .......... 69% 13.8M 3s
 98650K .......... .......... .......... .......... .......... 69% 11.9M 3s
 98700K .......... .......... .......... .......... .......... 69% 10.3M 3s
 98750K .......... .......... .......... .......... .......... 69% 12.4M 3s
 98800K .......... .......... .......... .......... .......... 69% 12.7M 3s
 98850K .......... .......... .......... .......... .......... 69% 11.4M 3s
 98900K .......... .......... .......... .......... .......... 69% 11.7M 3s
 98950K .......... .......... .......... .......... .......... 69% 10.6M 3s
 99000K .......... .......... .......... .......... .......... 69% 14.4M 3s
 99050K .......... .......... .......... .......... .......... 69% 10.7M 3s
 99100K .......... .......... .......... .......... .......... 69% 10.9M 3s
 99150K .......... .......... .......... .......... .......... 70% 12.0M 3s
 99200K .......... .......... .......... .......... .......... 70% 14.0M 3s
 99250K .......... .......... .......... .......... .......... 70% 10.0M 3s
 99300K .......... .......... .......... .......... .......... 70% 11.8M 3s
 99350K .......... .......... .......... .......... .......... 70% 11.8M 3s
 99400K .......... .......... .......... .......... .......... 70% 9.25M 3s
 99450K .......... .......... .......... .......... .......... 70% 12.8M 3s
 99500K .......... .......... .......... .......... .......... 70% 11.0M 3s
 99550K .......... .......... .......... .......... .......... 70% 11.9M 3s
 99600K .......... .......... .......... .......... .......... 70% 11.7M 3s
 99650K .......... .......... .......... .......... .......... 70% 11.9M 3s
 99700K .......... .......... .......... .......... .......... 70% 10.8M 3s
 99750K .......... .......... .......... .......... .......... 70% 10.4M 3s
 99800K .......... .......... .......... .......... .......... 70% 11.9M 3s
 99850K .......... .......... .......... .......... .......... 70% 13.7M 3s
 99900K .......... .......... .......... .......... .......... 70% 10.7M 3s
 99950K .......... .......... .......... .......... .......... 70% 11.0M 3s
100000K .......... .......... .......... .......... .......... 70% 14.7M 3s
100050K .......... .......... .......... .......... .......... 70% 12.4M 3s
100100K .......... .......... .......... .......... .......... 70% 10.4M 3s
100150K .......... .......... .......... .......... .......... 70% 11.9M 3s
100200K .......... .......... .......... .......... .......... 70% 12.2M 3s
100250K .......... .......... .......... .......... .......... 70% 10.6M 3s
100300K .......... .......... .......... .......... .......... 70% 12.6M 3s
100350K .......... .......... .......... .......... .......... 70% 12.0M 3s
100400K .......... .......... .......... .......... .......... 70% 10.5M 3s
100450K .......... .......... .......... .......... .......... 70% 12.0M 3s
100500K .......... .......... .......... .......... .......... 70% 16.8M 3s
100550K .......... .......... .......... .......... .......... 71% 10.6M 3s
100600K .......... .......... .......... .......... .......... 71% 11.0M 3s
100650K .......... .......... .......... .......... .......... 71% 13.6M 3s
100700K .......... .......... .......... .......... .......... 71% 9.32M 3s
100750K .......... .......... .......... .......... .......... 71% 13.8M 3s
100800K .......... .......... .......... .......... .......... 71% 12.3M 3s
100850K .......... .......... .......... .......... .......... 71% 11.7M 3s
100900K .......... .......... .......... .......... .......... 71% 10.4M 3s
100950K .......... .......... .......... .......... .......... 71% 12.5M 3s
101000K .......... .......... .......... .......... .......... 71% 11.6M 3s
101050K .......... .......... .......... .......... .......... 71% 11.9M 3s
101100K .......... .......... .......... .......... .......... 71% 12.8M 3s
101150K .......... .......... .......... .......... .......... 71% 11.0M 3s
101200K .......... .......... .......... .......... .......... 71% 12.2M 3s
101250K .......... .......... .......... .......... .......... 71% 10.7M 3s
101300K .......... .......... .......... .......... .......... 71% 13.6M 3s
101350K .......... .......... .......... .......... .......... 71% 11.7M 3s
101400K .......... .......... .......... .......... .......... 71% 9.69M 3s
101450K .......... .......... .......... .......... .......... 71% 12.0M 3s
101500K .......... .......... .......... .......... .......... 71% 13.7M 3s
101550K .......... .......... .......... .......... .......... 71% 10.7M 3s
101600K .......... .......... .......... .......... .......... 71% 11.5M 3s
101650K .......... .......... .......... .......... .......... 71% 11.8M 3s
101700K .......... .......... .......... .......... .......... 71% 12.0M 3s
101750K .......... .......... .......... .......... .......... 71% 10.6M 3s
101800K .......... .......... .......... .......... .......... 71% 11.2M 3s
101850K .......... .......... .......... .......... .......... 71% 12.3M 3s
101900K .......... .......... .......... .......... .......... 71% 13.8M 3s
101950K .......... .......... .......... .......... .......... 71% 10.6M 3s
102000K .......... .......... .......... .......... .......... 72% 11.0M 3s
102050K .......... .......... .......... .......... .......... 72% 14.3M 3s
102100K .......... .......... .......... .......... .......... 72% 9.36M 3s
102150K .......... .......... .......... .......... .......... 72% 13.9M 3s
102200K .......... .......... .......... .......... .......... 72% 12.5M 3s
102250K .......... .......... .......... .......... .......... 72% 12.6M 3s
102300K .......... .......... .......... .......... .......... 72% 10.2M 3s
102350K .......... .......... .......... .......... .......... 72% 13.5M 3s
102400K .......... .......... .......... .......... .......... 72% 10.7M 3s
102450K .......... .......... .......... .......... .......... 72% 10.7M 3s
102500K .......... .......... .......... .......... .......... 72% 11.4M 3s
102550K .......... .......... .......... .......... .......... 72% 11.2M 3s
102600K .......... .......... .......... .......... .......... 72% 12.9M 3s
102650K .......... .......... .......... .......... .......... 72% 14.8M 3s
102700K .......... .......... .......... .......... .......... 72% 14.4M 3s
102750K .......... .......... .......... .......... .......... 72% 16.6M 3s
102800K .......... .......... .......... .......... .......... 72% 18.7M 3s
102850K .......... .......... .......... .......... .......... 72% 16.6M 3s
102900K .......... .......... .......... .......... .......... 72% 12.7M 3s
102950K .......... .......... .......... .......... .......... 72% 19.0M 3s
103000K .......... .......... .......... .......... .......... 72% 16.4M 3s
103050K .......... .......... .......... .......... .......... 72% 14.2M 3s
103100K .......... .......... .......... .......... .......... 72% 16.8M 3s
103150K .......... .......... .......... .......... .......... 72% 16.9M 3s
103200K .......... .......... .......... .......... .......... 72% 14.9M 3s
103250K .......... .......... .......... .......... .......... 72% 15.6M 3s
103300K .......... .......... .......... .......... .......... 72% 14.7M 3s
103350K .......... .......... .......... .......... .......... 72% 19.6M 3s
103400K .......... .......... .......... .......... .......... 73% 14.4M 3s
103450K .......... .......... .......... .......... .......... 73% 14.5M 3s
103500K .......... .......... .......... .......... .......... 73% 15.5M 3s
103550K .......... .......... .......... .......... .......... 73% 16.6M 3s
103600K .......... .......... .......... .......... .......... 73% 14.3M 3s
103650K .......... .......... .......... .......... .......... 73% 16.1M 3s
103700K .......... .......... .......... .......... .......... 73% 17.3M 3s
103750K .......... .......... .......... .......... .......... 73% 13.5M 3s
103800K .......... .......... .......... .......... .......... 73% 20.2M 3s
103850K .......... .......... .......... .......... .......... 73% 15.2M 3s
103900K .......... .......... .......... .......... .......... 73% 17.2M 3s
103950K .......... .......... .......... .......... .......... 73% 16.9M 3s
104000K .......... .......... .......... .......... .......... 73% 17.5M 3s
104050K .......... .......... .......... .......... .......... 73% 15.5M 3s
104100K .......... .......... .......... .......... .......... 73% 15.0M 3s
104150K .......... .......... .......... .......... .......... 73% 17.1M 3s
104200K .......... .......... .......... .......... .......... 73% 20.1M 3s
104250K .......... .......... .......... .......... .......... 73% 17.6M 3s
104300K .......... .......... .......... .......... .......... 73% 13.4M 3s
104350K .......... .......... .......... .......... .......... 73% 20.5M 3s
104400K .......... .......... .......... .......... .......... 73% 14.2M 3s
104450K .......... .......... .......... .......... .......... 73% 20.9M 3s
104500K .......... .......... .......... .......... .......... 73% 15.5M 3s
104550K .......... .......... .......... .......... .......... 73% 15.4M 3s
104600K .......... .......... .......... .......... .......... 73% 17.6M 3s
104650K .......... .......... .......... .......... .......... 73% 17.3M 3s
104700K .......... .......... .......... .......... .......... 73% 15.0M 3s
104750K .......... .......... .......... .......... .......... 73% 15.6M 3s
104800K .......... .......... .......... .......... .......... 73% 17.5M 3s
104850K .......... .......... .......... .......... .......... 74% 20.1M 3s
104900K .......... .......... .......... .......... .......... 74% 14.9M 3s
104950K .......... .......... .......... .......... .......... 74% 15.6M 3s
105000K .......... .......... .......... .......... .......... 74% 20.0M 3s
105050K .......... .......... .......... .......... .......... 74% 13.6M 3s
105100K .......... .......... .......... .......... .......... 74% 20.1M 3s
105150K .......... .......... .......... .......... .......... 74% 17.6M 3s
105200K .......... .......... .......... .......... .......... 74% 17.4M 3s
105250K .......... .......... .......... .......... .......... 74% 15.1M 3s
105300K .......... .......... .......... .......... .......... 74% 17.5M 3s
105350K .......... .......... .......... .......... .......... 74% 15.5M 3s
105400K .......... .......... .......... .......... .......... 74% 16.8M 3s
105450K .......... .......... .......... .......... .......... 74% 17.4M 3s
105500K .......... .......... .......... .......... .......... 74% 15.7M 3s
105550K .......... .......... .......... .......... .......... 74% 17.5M 3s
105600K .......... .......... .......... .......... .......... 74% 14.4M 3s
105650K .......... .......... .......... .......... .......... 74% 19.8M 3s
105700K .......... .......... .......... .......... .......... 74% 17.5M 3s
105750K .......... .......... .......... .......... .......... 74% 13.6M 3s
105800K .......... .......... .......... .......... .......... 74% 17.2M 3s
105850K .......... .......... .......... .......... .......... 74% 20.3M 3s
105900K .......... .......... .......... .......... .......... 74% 15.4M 3s
105950K .......... .......... .......... .......... .......... 74% 16.8M 3s
106000K .......... .......... .......... .......... .......... 74% 17.4M 3s
106050K .......... .......... .......... .......... .......... 74% 17.5M 3s
106100K .......... .......... .......... .......... .......... 74% 15.1M 3s
106150K .......... .......... .......... .......... .......... 74% 15.5M 3s
106200K .......... .......... .......... .......... .......... 74% 17.4M 3s
106250K .......... .......... .......... .......... .......... 75% 20.3M 3s
106300K .......... .......... .......... .......... .......... 75% 15.0M 3s
106350K .......... .......... .......... .......... .......... 75% 15.5M 3s
106400K .......... .......... .......... .......... .......... 75% 20.2M 3s
106450K .......... .......... .......... .......... .......... 75% 14.3M 3s
106500K .......... .......... .......... .......... .......... 75% 20.7M 3s
106550K .......... .......... .......... .......... .......... 75% 15.1M 3s
106600K .......... .......... .......... .......... .......... 75% 16.4M 3s
106650K .......... .......... .......... .......... .......... 75% 17.4M 3s
106700K .......... .......... .......... .......... .......... 75% 17.4M 3s
106750K .......... .......... .......... .......... .......... 75% 15.1M 3s
106800K .......... .......... .......... .......... .......... 75% 15.5M 3s
106850K .......... .......... .......... .......... .......... 75% 17.5M 3s
106900K .......... .......... .......... .......... .......... 75% 16.7M 3s
106950K .......... .......... .......... .......... .......... 75% 17.4M 3s
107000K .......... .......... .......... .......... .......... 75% 15.6M 3s
107050K .......... .......... .......... .......... .......... 75% 20.0M 3s
107100K .......... .......... .......... .......... .......... 75% 13.7M 3s
107150K .......... .......... .......... .......... .......... 75% 19.8M 3s
107200K .......... .......... .......... .......... .......... 75% 17.6M 3s
107250K .......... .......... .......... .......... .......... 75% 13.6M 3s
107300K .......... .......... .......... .......... .......... 75% 20.1M 3s
107350K .......... .......... .......... .......... .......... 75% 17.6M 3s
107400K .......... .......... .......... .......... .......... 75% 15.2M 3s
107450K .......... .......... .......... .......... .......... 75% 16.6M 3s
107500K .......... .......... .......... .......... .......... 75% 17.4M 3s
107550K .......... .......... .......... .......... .......... 75% 15.8M 3s
107600K .......... .......... .......... .......... .......... 75% 16.1M 3s
107650K .......... .......... .......... .......... .......... 76% 15.5M 3s
107700K .......... .......... .......... .......... .......... 76% 20.0M 3s
107750K .......... .......... .......... .......... .......... 76% 17.5M 3s
107800K .......... .......... .......... .......... .......... 76% 13.7M 3s
107850K .......... .......... .......... .......... .......... 76% 17.4M 3s
107900K .......... .......... .......... .......... .......... 76% 20.1M 3s
107950K .......... .......... .......... .......... .......... 76% 15.2M 3s
108000K .......... .......... .......... .......... .......... 76% 17.4M 3s
108050K .......... .......... .......... .......... .......... 76% 17.5M 3s
108100K .......... .......... .......... .......... .......... 76% 13.5M 3s
108150K .......... .......... .......... .......... .......... 76% 20.4M 3s
108200K .......... .......... .......... .......... .......... 76% 15.6M 3s
108250K .......... .......... .......... .......... .......... 76% 17.5M 3s
108300K .......... .......... .......... .......... .......... 76% 17.1M 3s
108350K .......... .......... .......... .......... .......... 76% 17.4M 3s
108400K .......... .......... .......... .......... .......... 76% 15.4M 3s
108450K .......... .......... .......... .......... .......... 76% 15.3M 3s
108500K .......... .......... .......... .......... .......... 76% 18.9M 3s
108550K .......... .......... .......... .......... .......... 76% 15.5M 3s
108600K .......... .......... .......... .......... .......... 76% 20.0M 3s
108650K .......... .......... .......... .......... .......... 76% 16.4M 3s
108700K .......... .......... .......... .......... .......... 76% 17.3M 3s
108750K .......... .......... .......... .......... .......... 76% 13.6M 3s
108800K .......... .......... .......... .......... .......... 76% 20.2M 3s
108850K .......... .......... .......... .......... .......... 76% 15.5M 3s
108900K .......... .......... .......... .......... .......... 76% 16.9M 3s
108950K .......... .......... .......... .......... .......... 76% 17.6M 3s
109000K .......... .......... .......... .......... .......... 76% 17.5M 3s
109050K .......... .......... .......... .......... .......... 76% 15.6M 3s
109100K .......... .......... .......... .......... .......... 77% 14.9M 3s
109150K .......... .......... .......... .......... .......... 77% 17.1M 3s
109200K .......... .......... .......... .......... .......... 77% 20.3M 3s
109250K .......... .......... .......... .......... .......... 77% 15.2M 3s
109300K .......... .......... .......... .......... .......... 77% 15.4M 3s
109350K .......... .......... .......... .......... .......... 77% 20.3M 3s
109400K .......... .......... .......... .......... .......... 77% 17.6M 3s
109450K .......... .......... .......... .......... .......... 77% 15.0M 3s
109500K .......... .......... .......... .......... .......... 77% 17.5M 3s
109550K .......... .......... .......... .......... .......... 77% 17.3M 3s
109600K .......... .......... .......... .......... .......... 77% 15.1M 3s
109650K .......... .......... .......... .......... .......... 77% 16.4M 3s
109700K .......... .......... .......... .......... .......... 77% 15.5M 3s
109750K .......... .......... .......... .......... .......... 77% 20.2M 3s
109800K .......... .......... .......... .......... .......... 77% 15.0M 3s
109850K .......... .......... .......... .......... .......... 77% 15.6M 3s
109900K .......... .......... .......... .......... .......... 77% 16.1M 3s
109950K .......... .......... .......... .......... .......... 77% 14.9M 3s
110000K .......... .......... .......... .......... .......... 77% 20.2M 3s
110050K .......... .......... .......... .......... .......... 77% 17.0M 3s
110100K .......... .......... .......... .......... .......... 77% 17.0M 3s
110150K .......... .......... .......... .......... .......... 77% 13.2M 3s
110200K .......... .......... .......... .......... .......... 77% 19.8M 3s
110250K .......... .......... .......... .......... .......... 77% 15.1M 3s
110300K .......... .......... .......... .......... .......... 77% 16.5M 3s
110350K .......... .......... .......... .......... .......... 77% 17.0M 2s
110400K .......... .......... .......... .......... .......... 77% 17.1M 2s
110450K .......... .......... .......... .......... .......... 77% 15.0M 2s
110500K .......... .......... .......... .......... .......... 78% 14.9M 2s
110550K .......... .......... .......... .......... .......... 78% 18.2M 2s
110600K .......... .......... .......... .......... .......... 78% 15.1M 2s
110650K .......... .......... .......... .......... .......... 78% 19.4M 2s
110700K .......... .......... .......... .......... .......... 78% 15.5M 2s
110750K .......... .......... .......... .......... .......... 78% 13.5M 2s
110800K .......... .......... .......... .......... .......... 78% 17.6M 2s
110850K .......... .......... .......... .......... .......... 78% 20.2M 2s
110900K .......... .......... .......... .......... .......... 78% 14.6M 2s
110950K .......... .......... .......... .......... .......... 78% 17.4M 2s
111000K .......... .......... .......... .......... .......... 78% 17.7M 2s
111050K .......... .......... .......... .......... .......... 78% 17.5M 2s
111100K .......... .......... .......... .......... .......... 78% 14.9M 2s
111150K .......... .......... .......... .......... .......... 78% 15.6M 2s
111200K .......... .......... .......... .......... .......... 78% 17.6M 2s
111250K .......... .......... .......... .......... .......... 78% 17.0M 2s
111300K .......... .......... .......... .......... .......... 78% 17.3M 2s
111350K .......... .......... .......... .......... .......... 78% 15.7M 2s
111400K .......... .......... .......... .......... .......... 78% 20.2M 2s
111450K .......... .......... .......... .......... .......... 78% 13.6M 2s
111500K .......... .......... .......... .......... .......... 78% 20.0M 2s
111550K .......... .......... .......... .......... .......... 78% 17.7M 2s
111600K .......... .......... .......... .......... .......... 78% 13.5M 2s
111650K .......... .......... .......... .......... .......... 78% 20.0M 2s
111700K .......... .......... .......... .......... .......... 78% 16.3M 2s
111750K .......... .......... .......... .......... .......... 78% 15.5M 2s
111800K .......... .......... .......... .......... .......... 78% 16.8M 2s
111850K .......... .......... .......... .......... .......... 78% 17.4M 2s
111900K .......... .......... .......... .......... .......... 79% 15.8M 2s
111950K .......... .......... .......... .......... .......... 79% 16.9M 2s
112000K .......... .......... .......... .......... .......... 79% 15.5M 2s
112050K .......... .......... .......... .......... .......... 79% 20.3M 2s
112100K .......... .......... .......... .......... .......... 79% 17.5M 2s
112150K .......... .......... .......... .......... .......... 79% 13.4M 2s
112200K .......... .......... .......... .......... .......... 79% 17.6M 2s
112250K .......... .......... .......... .......... .......... 79% 20.5M 2s
112300K .......... .......... .......... .......... .......... 79% 15.3M 2s
112350K .......... .......... .......... .......... .......... 79% 17.4M 2s
112400K .......... .......... .......... .......... .......... 79% 17.3M 2s
112450K .......... .......... .......... .......... .......... 79% 17.5M 2s
112500K .......... .......... .......... .......... .......... 79% 15.1M 2s
112550K .......... .......... .......... .......... .......... 79% 15.8M 2s
112600K .......... .......... .......... .......... .......... 79% 18.0M 2s
112650K .......... .......... .......... .......... .......... 79% 16.2M 2s
112700K .......... .......... .......... .......... .......... 79% 19.7M 2s
112750K .......... .......... .......... .......... .......... 79% 14.3M 2s
112800K .......... .......... .......... .......... .......... 79% 15.4M 2s
112850K .......... .......... .......... .......... .......... 79% 17.5M 2s
112900K .......... .......... .......... .......... .......... 79% 15.0M 2s
112950K .......... .......... .......... .......... .......... 79% 20.1M 2s
113000K .......... .......... .......... .......... .......... 79% 17.4M 2s
113050K .......... .......... .......... .......... .......... 79% 17.5M 2s
113100K .......... .......... .......... .......... .......... 79% 13.5M 2s
113150K .......... .......... .......... .......... .......... 79% 20.2M 2s
113200K .......... .......... .......... .......... .......... 79% 15.6M 2s
113250K .......... .......... .......... .......... .......... 79% 17.0M 2s
113300K .......... .......... .......... .......... .......... 79% 17.5M 2s
113350K .......... .......... .......... .......... .......... 80% 17.4M 2s
113400K .......... .......... .......... .......... .......... 80% 15.6M 2s
113450K .......... .......... .......... .......... .......... 80% 15.0M 2s
113500K .......... .......... .......... .......... .......... 80% 17.4M 2s
113550K .......... .......... .......... .......... .......... 80% 20.1M 2s
113600K .......... .......... .......... .......... .......... 80% 15.1M 2s
113650K .......... .......... .......... .......... .......... 80% 15.6M 2s
113700K .......... .......... .......... .......... .......... 80% 19.9M 2s
113750K .......... .......... .......... .......... .......... 80% 16.4M 2s
113800K .......... .......... .......... .......... .......... 80% 15.0M 2s
113850K .......... .......... .......... .......... .......... 80% 17.4M 2s
113900K .......... .......... .......... .......... .......... 80% 17.4M 2s
113950K .......... .......... .......... .......... .......... 80% 15.3M 2s
114000K .......... .......... .......... .......... .......... 80% 17.4M 2s
114050K .......... .......... .......... .......... .......... 80% 15.6M 2s
114100K .......... .......... .......... .......... .......... 80% 20.0M 2s
114150K .......... .......... .......... .......... .......... 80% 15.1M 2s
114200K .......... .......... .......... .......... .......... 80% 15.6M 2s
114250K .......... .......... .......... .......... .......... 80% 17.5M 2s
114300K .......... .......... .......... .......... .......... 80% 15.1M 2s
114350K .......... .......... .......... .......... .......... 80% 20.3M 2s
114400K .......... .......... .......... .......... .......... 80% 17.5M 2s
114450K .......... .......... .......... .......... .......... 80% 17.2M 2s
114500K .......... .......... .......... .......... .......... 80% 13.4M 2s
114550K .......... .......... .......... .......... .......... 80% 20.4M 2s
114600K .......... .......... .......... .......... .......... 80% 15.9M 2s
114650K .......... .......... .......... .......... .......... 80% 18.5M 2s
114700K .......... .......... .......... .......... .......... 80% 16.4M 2s
114750K .......... .......... .......... .......... .......... 81% 17.1M 2s
114800K .......... .......... .......... .......... .......... 81% 16.6M 2s
114850K .......... .......... .......... .......... .......... 81% 15.9M 2s
114900K .......... .......... .......... .......... .......... 81% 17.9M 2s
114950K .......... .......... .......... .......... .......... 81% 15.3M 2s
115000K .......... .......... .......... .......... .......... 81% 20.5M 2s
115050K .......... .......... .......... .......... .......... 81% 2.48M 2s
115100K .......... .......... .......... .......... .......... 81% 12.0M 2s
115150K .......... .......... .......... .......... .......... 81% 16.0M 2s
115200K .......... .......... .......... .......... .......... 81% 18.0M 2s
115250K .......... .......... .......... .......... .......... 81% 13.4M 2s
115300K .......... .......... .......... .......... .......... 81% 14.9M 2s
115350K .......... .......... .......... .......... .......... 81% 15.7M 2s
115400K .......... .......... .......... .......... .......... 81% 15.9M 2s
115450K .......... .......... .......... .......... .......... 81% 13.1M 2s
115500K .......... .......... .......... .......... .......... 81% 13.1M 2s
115550K .......... .......... .......... .......... .......... 81% 15.3M 2s
115600K .......... .......... .......... .......... .......... 81% 17.7M 2s
115650K .......... .......... .......... .......... .......... 81% 13.9M 2s
115700K .......... .......... .......... .......... .......... 81% 13.2M 2s
115750K .......... .......... .......... .......... .......... 81% 17.9M 2s
115800K .......... .......... .......... .......... .......... 81% 11.9M 2s
115850K .......... .......... .......... .......... .......... 81% 18.0M 2s
115900K .......... .......... .......... .......... .......... 81% 15.8M 2s
115950K .......... .......... .......... .......... .......... 81% 11.8M 2s
116000K .......... .......... .......... .......... .......... 81% 18.0M 2s
116050K .......... .......... .......... .......... .......... 81% 15.4M 2s
116100K .......... .......... .......... .......... .......... 81% 13.8M 2s
116150K .......... .......... .......... .......... .......... 82% 15.0M 2s
116200K .......... .......... .......... .......... .......... 82% 15.6M 2s
116250K .......... .......... .......... .......... .......... 82% 13.6M 2s
116300K .......... .......... .......... .......... .......... 82% 15.0M 2s
116350K .......... .......... .......... .......... .......... 82% 13.5M 2s
116400K .......... .......... .......... .......... .......... 82% 18.0M 2s
116450K .......... .......... .......... .......... .......... 82% 15.4M 2s
116500K .......... .......... .......... .......... .......... 82% 11.9M 2s
116550K .......... .......... .......... .......... .......... 82% 15.8M 2s
116600K .......... .......... .......... .......... .......... 82% 17.3M 2s
116650K .......... .......... .......... .......... .......... 82% 13.5M 2s
116700K .......... .......... .......... .......... .......... 82% 16.9M 2s
116750K .......... .......... .......... .......... .......... 82% 13.1M 2s
116800K .......... .......... .......... .......... .......... 82% 15.8M 2s
116850K .......... .......... .......... .......... .......... 82% 15.5M 2s
116900K .......... .......... .......... .......... .......... 82% 13.4M 2s
116950K .......... .......... .......... .......... .......... 82% 15.3M 2s
117000K .......... .......... .......... .......... .......... 82% 13.5M 2s
117050K .......... .......... .......... .......... .......... 82% 17.9M 2s
117100K .......... .......... .......... .......... .......... 82% 13.4M 2s
117150K .......... .......... .......... .......... .......... 82% 13.5M 2s
117200K .......... .......... .......... .......... .......... 82% 15.4M 2s
117250K .......... .......... .......... .......... .......... 82% 18.0M 2s
117300K .......... .......... .......... .......... .......... 82% 13.5M 2s
117350K .......... .......... .......... .......... .......... 82% 15.3M 2s
117400K .......... .......... .......... .......... .......... 82% 16.0M 2s
117450K .......... .......... .......... .......... .......... 82% 11.7M 2s
117500K .......... .......... .......... .......... .......... 82% 18.1M 2s
117550K .......... .......... .......... .......... .......... 82% 13.5M 2s
117600K .......... .......... .......... .......... .......... 83% 15.8M 2s
117650K .......... .......... .......... .......... .......... 83% 15.0M 2s
117700K .......... .......... .......... .......... .......... 83% 15.9M 2s
117750K .......... .......... .......... .......... .......... 83% 13.4M 2s
117800K .......... .......... .......... .......... .......... 83% 13.1M 2s
117850K .......... .......... .......... .......... .......... 83% 15.4M 2s
117900K .......... .......... .......... .......... .......... 83% 18.0M 2s
117950K .......... .......... .......... .......... .......... 83% 15.9M 2s
118000K .......... .......... .......... .......... .......... 83% 11.6M 2s
118050K .......... .......... .......... .......... .......... 83% 17.8M 2s
118100K .......... .......... .......... .......... .......... 83% 15.7M 2s
118150K .......... .......... .......... .......... .......... 83% 13.4M 2s
118200K .......... .......... .......... .......... .......... 83% 15.6M 2s
118250K .......... .......... .......... .......... .......... 83% 15.7M 2s
118300K .......... .......... .......... .......... .......... 83% 13.5M 2s
118350K .......... .......... .......... .......... .......... 83% 14.9M 2s
118400K .......... .......... .......... .......... .......... 83% 13.8M 2s
118450K .......... .......... .......... .......... .......... 83% 17.2M 2s
118500K .......... .......... .......... .......... .......... 83% 13.7M 2s
118550K .......... .......... .......... .......... .......... 83% 13.5M 2s
118600K .......... .......... .......... .......... .......... 83% 15.5M 2s
118650K .......... .......... .......... .......... .......... 83% 17.8M 2s
118700K .......... .......... .......... .......... .......... 83% 13.1M 2s
118750K .......... .......... .......... .......... .......... 83% 16.9M 2s
118800K .......... .......... .......... .......... .......... 83% 13.3M 2s
118850K .......... .......... .......... .......... .......... 83% 16.0M 2s
118900K .......... .......... .......... .......... .......... 83% 15.3M 2s
118950K .......... .......... .......... .......... .......... 83% 13.2M 2s
119000K .......... .......... .......... .......... .......... 84% 15.4M 2s
119050K .......... .......... .......... .......... .......... 84% 13.8M 2s
119100K .......... .......... .......... .......... .......... 84% 15.4M 2s
119150K .......... .......... .......... .......... .......... 84% 15.4M 2s
119200K .......... .......... .......... .......... .......... 84% 13.5M 2s
119250K .......... .......... .......... .......... .......... 84% 15.4M 2s
119300K .......... .......... .......... .......... .......... 84% 13.3M 2s
119350K .......... .......... .......... .......... .......... 84% 17.9M 2s
119400K .......... .......... .......... .......... .......... 84% 15.5M 2s
119450K .......... .......... .......... .......... .......... 84% 11.9M 2s
119500K .......... .......... .......... .......... .......... 84% 15.4M 2s
119550K .......... .......... .......... .......... .......... 84% 17.9M 2s
119600K .......... .......... .......... .......... .......... 84% 13.5M 2s
119650K .......... .......... .......... .......... .......... 84% 15.2M 2s
119700K .......... .......... .......... .......... .......... 84% 15.6M 2s
119750K .......... .......... .......... .......... .......... 84% 15.4M 2s
119800K .......... .......... .......... .......... .......... 84% 13.4M 2s
119850K .......... .......... .......... .......... .......... 84% 13.5M 2s
119900K .......... .......... .......... .......... .......... 84% 14.8M 2s
119950K .......... .......... .......... .......... .......... 84% 18.5M 2s
120000K .......... .......... .......... .......... .......... 84% 13.9M 2s
120050K .......... .......... .......... .......... .......... 84% 13.3M 2s
120100K .......... .......... .......... .......... .......... 84% 17.9M 2s
120150K .......... .......... .......... .......... .......... 84% 12.0M 2s
120200K .......... .......... .......... .......... .......... 84% 17.6M 2s
120250K .......... .......... .......... .......... .......... 84% 15.5M 2s
120300K .......... .......... .......... .......... .......... 84% 16.0M 2s
120350K .......... .......... .......... .......... .......... 84% 13.2M 2s
120400K .......... .......... .......... .......... .......... 85% 14.9M 2s
120450K .......... .......... .......... .......... .......... 85% 14.3M 2s
120500K .......... .......... .......... .......... .......... 85% 14.7M 2s
120550K .......... .......... .......... .......... .......... 85% 16.2M 2s
120600K .......... .......... .......... .......... .......... 85% 13.5M 2s
120650K .......... .......... .......... .......... .......... 85% 15.4M 2s
120700K .......... .......... .......... .......... .......... 85% 12.9M 2s
120750K .......... .......... .......... .......... .......... 85% 17.7M 2s
120800K .......... .......... .......... .......... .......... 85% 12.8M 2s
120850K .......... .......... .......... .......... .......... 85% 17.8M 2s
120900K .......... .......... .......... .......... .......... 85% 15.4M 2s
120950K .......... .......... .......... .......... .......... 85% 12.0M 2s
121000K .......... .......... .......... .......... .......... 85% 17.7M 2s
121050K .......... .......... .......... .......... .......... 85% 15.3M 2s
121100K .......... .......... .......... .......... .......... 85% 13.1M 2s
121150K .......... .......... .......... .......... .......... 85% 16.1M 2s
121200K .......... .......... .......... .......... .......... 85% 15.5M 2s
121250K .......... .......... .......... .......... .......... 85% 13.4M 2s
121300K .......... .......... .......... .......... .......... 85% 15.3M 2s
121350K .......... .......... .......... .......... .......... 85% 13.6M 2s
121400K .......... .......... .......... .......... .......... 85% 17.8M 2s
121450K .......... .......... .......... .......... .......... 85% 13.5M 2s
121500K .......... .......... .......... .......... .......... 85% 13.5M 2s
121550K .......... .......... .......... .......... .......... 85% 15.4M 2s
121600K .......... .......... .......... .......... .......... 85% 17.7M 2s
121650K .......... .......... .......... .......... .......... 85% 13.3M 2s
121700K .......... .......... .......... .......... .......... 85% 10.9M 2s
121750K .......... .......... .......... .......... .......... 85% 15.5M 2s
121800K .......... .......... .......... .......... .......... 85% 11.8M 2s
121850K .......... .......... .......... .......... .......... 86% 18.1M 2s
121900K .......... .......... .......... .......... .......... 86% 13.3M 2s
121950K .......... .......... .......... .......... .......... 86% 15.9M 2s
122000K .......... .......... .......... .......... .......... 86% 14.9M 2s
122050K .......... .......... .......... .......... .......... 86% 16.1M 2s
122100K .......... .......... .......... .......... .......... 86% 13.6M 2s
122150K .......... .......... .......... .......... .......... 86% 8.29M 2s
122200K .......... .......... .......... .......... .......... 86% 17.2M 2s
122250K .......... .......... .......... .......... .......... 86% 19.1M 2s
122300K .......... .......... .......... .......... .......... 86% 9.39M 2s
122350K .......... .......... .......... .......... .......... 86% 13.1M 2s
122400K .......... .......... .......... .......... .......... 86% 20.0M 2s
122450K .......... .......... .......... .......... .......... 86% 17.5M 2s
122500K .......... .......... .......... .......... .......... 86% 15.1M 1s
122550K .......... .......... .......... .......... .......... 86% 17.7M 1s
122600K .......... .......... .......... .......... .......... 86% 17.5M 1s
122650K .......... .......... .......... .......... .......... 86% 15.6M 1s
122700K .......... .......... .......... .......... .......... 86% 16.7M 1s
122750K .......... .......... .......... .......... .......... 86% 15.7M 1s
122800K .......... .......... .......... .......... .......... 86% 19.5M 1s
122850K .......... .......... .......... .......... .......... 86% 12.9M 1s
122900K .......... .......... .......... .......... .......... 86% 17.8M 1s
122950K .......... .......... .......... .......... .......... 86% 14.0M 1s
123000K .......... .......... .......... .......... .......... 86% 13.1M 1s
123050K .......... .......... .......... .......... .......... 86% 18.0M 1s
123100K .......... .......... .......... .......... .......... 86% 15.3M 1s
123150K .......... .......... .......... .......... .......... 86% 13.5M 1s
123200K .......... .......... .......... .......... .......... 86% 15.4M 1s
123250K .......... .......... .......... .......... .......... 87% 15.9M 1s
123300K .......... .......... .......... .......... .......... 87% 13.1M 1s
123350K .......... .......... .......... .......... .......... 87% 15.4M 1s
123400K .......... .......... .......... .......... .......... 87% 13.5M 1s
123450K .......... .......... .......... .......... .......... 87% 17.9M 1s
123500K .......... .......... .......... .......... .......... 87% 13.3M 1s
123550K .......... .......... .......... .......... .......... 87% 13.6M 1s
123600K .......... .......... .......... .......... .......... 87% 15.9M 1s
123650K .......... .......... .......... .......... .......... 87% 13.1M 1s
123700K .......... .......... .......... .......... .......... 87% 18.0M 1s
123750K .......... .......... .......... .......... .......... 87% 15.3M 1s
123800K .......... .......... .......... .......... .......... 87% 11.9M 1s
123850K .......... .......... .......... .......... .......... 87% 15.5M 1s
123900K .......... .......... .......... .......... .......... 87% 18.1M 1s
123950K .......... .......... .......... .......... .......... 87% 13.8M 1s
124000K .......... .......... .......... .......... .......... 87% 14.4M 1s
124050K .......... .......... .......... .......... .......... 87% 16.6M 1s
124100K .......... .......... .......... .......... .......... 87% 15.4M 1s
124150K .......... .......... .......... .......... .......... 87% 12.9M 1s
124200K .......... .......... .......... .......... .......... 87% 13.7M 1s
124250K .......... .......... .......... .......... .......... 87% 15.9M 1s
124300K .......... .......... .......... .......... .......... 87% 17.3M 1s
124350K .......... .......... .......... .......... .......... 87% 13.9M 1s
124400K .......... .......... .......... .......... .......... 87% 13.5M 1s
124450K .......... .......... .......... .......... .......... 87% 17.5M 1s
124500K .......... .......... .......... .......... .......... 87% 11.9M 1s
124550K .......... .......... .......... .......... .......... 87% 18.0M 1s
124600K .......... .......... .......... .......... .......... 87% 15.7M 1s
124650K .......... .......... .......... .......... .......... 88% 15.6M 1s
124700K .......... .......... .......... .......... .......... 88% 13.1M 1s
124750K .......... .......... .......... .......... .......... 88% 15.4M 1s
124800K .......... .......... .......... .......... .......... 88% 13.8M 1s
124850K .......... .......... .......... .......... .......... 88% 15.3M 1s
124900K .......... .......... .......... .......... .......... 88% 14.3M 1s
124950K .......... .......... .......... .......... .......... 88% 13.1M 1s
125000K .......... .......... .......... .......... .......... 88% 13.5M 1s
125050K .......... .......... .......... .......... .......... 88% 11.5M 1s
125100K .......... .......... .......... .......... .......... 88% 15.9M 1s
125150K .......... .......... .......... .......... .......... 88% 10.5M 1s
125200K .......... .......... .......... .......... .......... 88% 15.8M 1s
125250K .......... .......... .......... .......... .......... 88% 13.0M 1s
125300K .......... .......... .......... .......... .......... 88% 10.4M 1s
125350K .......... .......... .......... .......... .......... 88% 15.5M 1s
125400K .......... .......... .......... .......... .......... 88% 13.4M 1s
125450K .......... .......... .......... .......... .......... 88% 12.1M 1s
125500K .......... .......... .......... .......... .......... 88% 13.0M 1s
125550K .......... .......... .......... .......... .......... 88% 13.5M 1s
125600K .......... .......... .......... .......... .......... 88% 12.2M 1s
125650K .......... .......... .......... .......... .......... 88% 13.2M 1s
125700K .......... .......... .......... .......... .......... 88% 11.9M 1s
125750K .......... .......... .......... .......... .......... 88% 15.7M 1s
125800K .......... .......... .......... .......... .......... 88% 13.5M 1s
125850K .......... .......... .......... .......... .......... 88% 10.3M 1s
125900K .......... .......... .......... .......... .......... 88% 13.6M 1s
125950K .......... .......... .......... .......... .......... 88% 15.2M 1s
126000K .......... .......... .......... .......... .......... 88% 11.6M 1s
126050K .......... .......... .......... .......... .......... 88% 12.9M 1s
126100K .......... .......... .......... .......... .......... 89% 13.4M 1s
126150K .......... .......... .......... .......... .......... 89% 13.3M 1s
126200K .......... .......... .......... .......... .......... 89% 12.0M 1s
126250K .......... .......... .......... .......... .......... 89% 11.4M 1s
126300K .......... .......... .......... .......... .......... 89% 11.2M 1s
126350K .......... .......... .......... .......... .......... 89% 11.6M 1s
126400K .......... .......... .......... .......... .......... 89% 13.0M 1s
126450K .......... .......... .......... .......... .......... 89% 11.1M 1s
126500K .......... .......... .......... .......... .......... 89% 14.8M 1s
126550K .......... .......... .......... .......... .......... 89% 9.83M 1s
126600K .......... .......... .......... .......... .......... 89% 14.9M 1s
126650K .......... .......... .......... .......... .......... 89% 12.1M 1s
126700K .......... .......... .......... .......... .......... 89% 9.75M 1s
126750K .......... .......... .......... .......... .......... 89% 14.1M 1s
126800K .......... .......... .......... .......... .......... 89% 12.7M 1s
126850K .......... .......... .......... .......... .......... 89% 11.2M 1s
126900K .......... .......... .......... .......... .......... 89% 11.6M 1s
126950K .......... .......... .......... .......... .......... 89% 11.4M 1s
127000K .......... .......... .......... .......... .......... 89% 12.0M 1s
127050K .......... .......... .......... .......... .......... 89% 12.2M 1s
127100K .......... .......... .......... .......... .......... 89% 9.64M 1s
127150K .......... .......... .......... .......... .......... 89% 10.9M 1s
127200K .......... .......... .......... .......... .......... 89% 12.6M 1s
127250K .......... .......... .......... .......... .......... 89% 14.4M 1s
127300K .......... .......... .......... .......... .......... 89% 10.6M 1s
127350K .......... .......... .......... .......... .......... 89% 11.0M 1s
127400K .......... .......... .......... .......... .......... 89% 13.5M 1s
127450K .......... .......... .......... .......... .......... 89% 12.4M 1s
127500K .......... .......... .......... .......... .......... 90% 10.7M 1s
127550K .......... .......... .......... .......... .......... 90% 12.7M 1s
127600K .......... .......... .......... .......... .......... 90% 12.9M 1s
127650K .......... .......... .......... .......... .......... 90% 10.8M 1s
127700K .......... .......... .......... .......... .......... 90% 12.8M 1s
127750K .......... .......... .......... .......... .......... 90% 11.3M 1s
127800K .......... .......... .......... .......... .......... 90% 13.8M 1s
127850K .......... .......... .......... .......... .......... 90% 10.6M 1s
127900K .......... .......... .......... .......... .......... 90% 11.1M 1s
127950K .......... .......... .......... .......... .......... 90% 12.5M 1s
128000K .......... .......... .......... .......... .......... 90% 10.6M 1s
128050K .......... .......... .......... .......... .......... 90% 14.6M 1s
128100K .......... .......... .......... .......... .......... 90% 11.6M 1s
128150K .......... .......... .......... .......... .......... 90% 12.3M 1s
128200K .......... .......... .......... .......... .......... 90% 9.26M 1s
128250K .......... .......... .......... .......... .......... 90% 14.8M 1s
128300K .......... .......... .......... .......... .......... 90% 11.3M 1s
128350K .......... .......... .......... .......... .......... 90% 12.2M 1s
128400K .......... .......... .......... .......... .......... 90% 12.3M 1s
128450K .......... .......... .......... .......... .......... 90% 13.0M 1s
128500K .......... .......... .......... .......... .......... 90% 11.4M 1s
128550K .......... .......... .......... .......... .......... 90% 11.3M 1s
128600K .......... .......... .......... .......... .......... 90% 12.5M 1s
128650K .......... .......... .......... .......... .......... 90% 14.3M 1s
128700K .......... .......... .......... .......... .......... 90% 9.54M 1s
128750K .......... .......... .......... .......... .......... 90% 10.9M 1s
128800K .......... .......... .......... .......... .......... 90% 14.2M 1s
128850K .......... .......... .......... .......... .......... 90% 12.2M 1s
128900K .......... .......... .......... .......... .......... 91% 10.4M 1s
128950K .......... .......... .......... .......... .......... 91% 12.0M 1s
129000K .......... .......... .......... .......... .......... 91% 11.2M 1s
129050K .......... .......... .......... .......... .......... 91% 12.0M 1s
129100K .......... .......... .......... .......... .......... 91% 11.7M 1s
129150K .......... .......... .......... .......... .......... 91% 9.47M 1s
129200K .......... .......... .......... .......... .......... 91% 11.0M 1s
129250K .......... .......... .......... .......... .......... 91% 11.6M 1s
129300K .......... .......... .......... .......... .......... 91% 11.2M 1s
129350K .......... .......... .......... .......... .......... 91% 12.1M 1s
129400K .......... .......... .......... .......... .......... 91% 11.0M 1s
129450K .......... .......... .......... .......... .......... 91% 13.6M 1s
129500K .......... .......... .......... .......... .......... 91% 9.43M 1s
129550K .......... .......... .......... .......... .......... 91% 12.9M 1s
129600K .......... .......... .......... .......... .......... 91% 11.8M 1s
129650K .......... .......... .......... .......... .......... 91% 9.36M 1s
129700K .......... .......... .......... .......... .......... 91% 13.4M 1s
129750K .......... .......... .......... .......... .......... 91% 12.4M 1s
129800K .......... .......... .......... .......... .......... 91% 11.1M 1s
129850K .......... .......... .......... .......... .......... 91% 12.1M 1s
129900K .......... .......... .......... .......... .......... 91% 12.5M 1s
129950K .......... .......... .......... .......... .......... 91% 11.1M 1s
130000K .......... .......... .......... .......... .......... 91% 11.6M 1s
130050K .......... .......... .......... .......... .......... 91% 10.7M 1s
130100K .......... .......... .......... .......... .......... 91% 13.4M 1s
130150K .......... .......... .......... .......... .......... 91% 11.6M 1s
130200K .......... .......... .......... .......... .......... 91% 9.91M 1s
130250K .......... .......... .......... .......... .......... 91% 12.0M 1s
130300K .......... .......... .......... .......... .......... 91% 13.8M 1s
130350K .......... .......... .......... .......... .......... 92% 10.4M 1s
130400K .......... .......... .......... .......... .......... 92% 12.0M 1s
130450K .......... .......... .......... .......... .......... 92% 12.2M 1s
130500K .......... .......... .......... .......... .......... 92% 11.8M 1s
130550K .......... .......... .......... .......... .......... 92% 10.6M 1s
130600K .......... .......... .......... .......... .......... 92% 10.9M 1s
130650K .......... .......... .......... .......... .......... 92% 11.7M 1s
130700K .......... .......... .......... .......... .......... 92% 11.7M 1s
130750K .......... .......... .......... .......... .......... 92% 13.0M 1s
130800K .......... .......... .......... .......... .......... 92% 11.2M 1s
130850K .......... .......... .......... .......... .......... 92% 13.7M 1s
130900K .......... .......... .......... .......... .......... 92% 8.80M 1s
130950K .......... .......... .......... .......... .......... 92% 13.9M 1s
131000K .......... .......... .......... .......... .......... 92% 12.4M 1s
131050K .......... .......... .......... .......... .......... 92% 11.7M 1s
131100K .......... .......... .......... .......... .......... 92% 12.8M 1s
131150K .......... .......... .......... .......... .......... 92% 8.91M 1s
131200K .......... .......... .......... .......... .......... 92% 13.9M 1s
131250K .......... .......... .......... .......... .......... 92% 11.4M 1s
131300K .......... .......... .......... .......... .......... 92% 12.3M 1s
131350K .......... .......... .......... .......... .......... 92% 11.5M 1s
131400K .......... .......... .......... .......... .......... 92% 12.3M 1s
131450K .......... .......... .......... .......... .......... 92% 11.0M 1s
131500K .......... .......... .......... .......... .......... 92% 10.3M 1s
131550K .......... .......... .......... .......... .......... 92% 11.9M 1s
131600K .......... .......... .......... .......... .......... 92% 14.0M 1s
131650K .......... .......... .......... .......... .......... 92% 10.2M 1s
131700K .......... .......... .......... .......... .......... 92% 10.8M 1s
131750K .......... .......... .......... .......... .......... 93% 14.1M 1s
131800K .......... .......... .......... .......... .......... 93% 12.1M 1s
131850K .......... .......... .......... .......... .......... 93% 10.4M 1s
131900K .......... .......... .......... .......... .......... 93% 12.2M 1s
131950K .......... .......... .......... .......... .......... 93% 11.6M 1s
132000K .......... .......... .......... .......... .......... 93% 10.4M 1s
132050K .......... .......... .......... .......... .......... 93% 11.9M 1s
132100K .......... .......... .......... .......... .......... 93% 10.5M 1s
132150K .......... .......... .......... .......... .......... 93% 14.7M 1s
132200K .......... .......... .......... .......... .......... 93% 10.3M 1s
132250K .......... .......... .......... .......... .......... 93% 11.4M 1s
132300K .......... .......... .......... .......... .......... 93% 11.8M 1s
132350K .......... .......... .......... .......... .......... 93% 10.9M 1s
132400K .......... .......... .......... .......... .......... 93% 13.1M 1s
132450K .......... .......... .......... .......... .......... 93% 12.4M 1s
132500K .......... .......... .......... .......... .......... 93% 11.9M 1s
132550K .......... .......... .......... .......... .......... 93% 9.67M 1s
132600K .......... .......... .......... .......... .......... 93% 14.0M 1s
132650K .......... .......... .......... .......... .......... 93% 10.8M 1s
132700K .......... .......... .......... .......... .......... 93% 11.3M 1s
132750K .......... .......... .......... .......... .......... 93% 12.2M 1s
132800K .......... .......... .......... .......... .......... 93% 12.0M 1s
132850K .......... .......... .......... .......... .......... 93% 11.2M 1s
132900K .......... .......... .......... .......... .......... 93% 10.3M 1s
132950K .......... .......... .......... .......... .......... 93% 11.9M 1s
133000K .......... .......... .......... .......... .......... 93% 13.5M 1s
133050K .......... .......... .......... .......... .......... 93% 10.7M 1s
133100K .......... .......... .......... .......... .......... 93% 13.1M 1s
133150K .......... .......... .......... .......... .......... 94% 9.55M 1s
133200K .......... .......... .......... .......... .......... 94% 11.7M 1s
133250K .......... .......... .......... .......... .......... 94% 14.4M 1s
133300K .......... .......... .......... .......... .......... 94% 11.1M 1s
133350K .......... .......... .......... .......... .......... 94% 11.7M 1s
133400K .......... .......... .......... .......... .......... 94% 12.4M 1s
133450K .......... .......... .......... .......... .......... 94% 12.4M 1s
133500K .......... .......... .......... .......... .......... 94% 10.4M 1s
133550K .......... .......... .......... .......... .......... 94% 10.7M 1s
133600K .......... .......... .......... .......... .......... 94% 11.9M 1s
133650K .......... .......... .......... .......... .......... 94% 14.0M 1s
133700K .......... .......... .......... .......... .......... 94% 10.8M 1s
133750K .......... .......... .......... .......... .......... 94% 11.2M 1s
133800K .......... .......... .......... .......... .......... 94% 13.3M 1s
133850K .......... .......... .......... .......... .......... 94% 9.37M 1s
133900K .......... .......... .......... .......... .......... 94% 14.2M 1s
133950K .......... .......... .......... .......... .......... 94% 11.9M 1s
134000K .......... .......... .......... .......... .......... 94% 12.3M 1s
134050K .......... .......... .......... .......... .......... 94% 10.6M 1s
134100K .......... .......... .......... .......... .......... 94% 12.5M 1s
134150K .......... .......... .......... .......... .......... 94% 11.3M 1s
134200K .......... .......... .......... .......... .......... 94% 11.4M 1s
134250K .......... .......... .......... .......... .......... 94% 12.0M 1s
134300K .......... .......... .......... .......... .......... 94% 11.7M 1s
134350K .......... .......... .......... .......... .......... 94% 11.6M 1s
134400K .......... .......... .......... .......... .......... 94% 10.5M 1s
134450K .......... .......... .......... .......... .......... 94% 14.4M 1s
134500K .......... .......... .......... .......... .......... 94% 12.3M 1s
134550K .......... .......... .......... .......... .......... 94% 9.50M 1s
134600K .......... .......... .......... .......... .......... 95% 12.0M 1s
134650K .......... .......... .......... .......... .......... 95% 13.3M 1s
134700K .......... .......... .......... .......... .......... 95% 10.7M 1s
134750K .......... .......... .......... .......... .......... 95% 11.5M 1s
134800K .......... .......... .......... .......... .......... 95% 11.9M 1s
134850K .......... .......... .......... .......... .......... 95% 12.1M 1s
134900K .......... .......... .......... .......... .......... 95% 10.8M 1s
134950K .......... .......... .......... .......... .......... 95% 10.8M 1s
135000K .......... .......... .......... .......... .......... 95% 12.0M 1s
135050K .......... .......... .......... .......... .......... 95% 14.0M 1s
135100K .......... .......... .......... .......... .......... 95% 10.4M 1s
135150K .......... .......... .......... .......... .......... 95% 12.9M 1s
135200K .......... .......... .......... .......... .......... 95% 9.45M 1s
135250K .......... .......... .......... .......... .......... 95% 11.5M 1s
135300K .......... .......... .......... .......... .......... 95% 14.1M 0s
135350K .......... .......... .......... .......... .......... 95% 10.4M 0s
135400K .......... .......... .......... .......... .......... 95% 12.2M 0s
135450K .......... .......... .......... .......... .......... 95% 12.1M 0s
135500K .......... .......... .......... .......... .......... 95% 9.26M 0s
135550K .......... .......... .......... .......... .......... 95% 13.9M 0s
135600K .......... .......... .......... .......... .......... 95% 12.1M 0s
135650K .......... .......... .......... .......... .......... 95% 17.0M 0s
135700K .......... .......... .......... .......... .......... 95% 13.7M 0s
135750K .......... .......... .......... .......... .......... 95% 13.4M 0s
135800K .......... .......... .......... .......... .......... 95% 12.0M 0s
135850K .......... .......... .......... .......... .......... 95% 11.3M 0s
135900K .......... .......... .......... .......... .......... 95% 13.4M 0s
135950K .......... .......... .......... .......... .......... 95% 15.2M 0s
136000K .......... .......... .......... .......... .......... 96% 13.6M 0s
136050K .......... .......... .......... .......... .......... 96% 10.4M 0s
136100K .......... .......... .......... .......... .......... 96% 15.3M 0s
136150K .......... .......... .......... .......... .......... 96% 13.5M 0s
136200K .......... .......... .......... .......... .......... 96% 11.8M 0s
136250K .......... .......... .......... .......... .......... 96% 16.1M 0s
136300K .......... .......... .......... .......... .......... 96% 14.2M 0s
136350K .......... .......... .......... .......... .......... 96% 11.9M 0s
136400K .......... .......... .......... .......... .......... 96% 12.9M 0s
136450K .......... .......... .......... .......... .......... 96% 11.8M 0s
136500K .......... .......... .......... .......... .......... 96% 15.7M 0s
136550K .......... .......... .......... .......... .......... 96% 11.4M 0s
136600K .......... .......... .......... .......... .......... 96% 12.0M 0s
136650K .......... .......... .......... .......... .......... 96% 13.3M 0s
136700K .......... .......... .......... .......... .......... 96% 15.7M 0s
136750K .......... .......... .......... .......... .......... 96% 11.8M 0s
136800K .......... .......... .......... .......... .......... 96% 13.8M 0s
136850K .......... .......... .......... .......... .......... 96% 16.1M 0s
136900K .......... .......... .......... .......... .......... 96% 11.9M 0s
136950K .......... .......... .......... .......... .......... 96% 15.1M 0s
137000K .......... .......... .......... .......... .......... 96% 12.0M 0s
137050K .......... .......... .......... .......... .......... 96% 13.3M 0s
137100K .......... .......... .......... .......... .......... 96% 12.9M 0s
137150K .......... .......... .......... .......... .......... 96% 13.5M 0s
137200K .......... .......... .......... .......... .......... 96% 12.2M 0s
137250K .......... .......... .......... .......... .......... 96% 11.8M 0s
137300K .......... .......... .......... .......... .......... 96% 12.5M 0s
137350K .......... .......... .......... .......... .......... 96% 11.8M 0s
137400K .......... .......... .......... .......... .......... 97% 17.3M 0s
137450K .......... .......... .......... .......... .......... 97% 17.3M 0s
137500K .......... .......... .......... .......... .......... 97% 11.1M 0s
137550K .......... .......... .......... .......... .......... 97% 12.9M 0s
137600K .......... .......... .......... .......... .......... 97% 15.4M 0s
137650K .......... .......... .......... .......... .......... 97% 12.0M 0s
137700K .......... .......... .......... .......... .......... 97% 12.6M 0s
137750K .......... .......... .......... .......... .......... 97% 13.2M 0s
137800K .......... .......... .......... .......... .......... 97% 13.4M 0s
137850K .......... .......... .......... .......... .......... 97% 11.6M 0s
137900K .......... .......... .......... .......... .......... 97% 11.9M 0s
137950K .......... .......... .......... .......... .......... 97% 13.4M 0s
138000K .......... .......... .......... .......... .......... 97% 16.0M 0s
138050K .......... .......... .......... .......... .......... 97% 13.2M 0s
138100K .......... .......... .......... .......... .......... 97% 15.4M 0s
138150K .......... .......... .......... .......... .......... 97% 15.5M 0s
138200K .......... .......... .......... .......... .......... 97% 10.2M 0s
138250K .......... .......... .......... .......... .......... 97% 15.2M 0s
138300K .......... .......... .......... .......... .......... 97% 13.5M 0s
138350K .......... .......... .......... .......... .......... 97% 12.6M 0s
138400K .......... .......... .......... .......... .......... 97% 11.6M 0s
138450K .......... .......... .......... .......... .......... 97% 13.0M 0s
138500K .......... .......... .......... .......... .......... 97% 12.1M 0s
138550K .......... .......... .......... .......... .......... 97% 12.9M 0s
138600K .......... .......... .......... .......... .......... 97% 13.4M 0s
138650K .......... .......... .......... .......... .......... 97% 12.1M 0s
138700K .......... .......... .......... .......... .......... 97% 16.7M 0s
138750K .......... .......... .......... .......... .......... 97% 13.0M 0s
138800K .......... .......... .......... .......... .......... 97% 15.6M 0s
138850K .......... .......... .......... .......... .......... 98% 13.1M 0s
138900K .......... .......... .......... .......... .......... 98% 10.3M 0s
138950K .......... .......... .......... .......... .......... 98% 13.2M 0s
139000K .......... .......... .......... .......... .......... 98% 17.2M 0s
139050K .......... .......... .......... .......... .......... 98% 15.0M 0s
139100K .......... .......... .......... .......... .......... 98% 16.4M 0s
139150K .......... .......... .......... .......... .......... 98% 17.2M 0s
139200K .......... .......... .......... .......... .......... 98% 17.2M 0s
139250K .......... .......... .......... .......... .......... 98% 15.9M 0s
139300K .......... .......... .......... .......... .......... 98% 15.4M 0s
139350K .......... .......... .......... .......... .......... 98% 15.0M 0s
139400K .......... .......... .......... .......... .......... 98% 15.2M 0s
139450K .......... .......... .......... .......... .......... 98% 19.6M 0s
139500K .......... .......... .......... .......... .......... 98% 16.6M 0s
139550K .......... .......... .......... .......... .......... 98% 13.5M 0s
139600K .......... .......... .......... .......... .......... 98% 16.7M 0s
139650K .......... .......... .......... .......... .......... 98% 19.5M 0s
139700K .......... .......... .......... .......... .......... 98% 14.7M 0s
139750K .......... .......... .......... .......... .......... 98% 16.8M 0s
139800K .......... .......... .......... .......... .......... 98% 17.0M 0s
139850K .......... .......... .......... .......... .......... 98% 13.3M 0s
139900K .......... .......... .......... .......... .......... 98% 19.7M 0s
139950K .......... .......... .......... .......... .......... 98% 15.1M 0s
140000K .......... .......... .......... .......... .......... 98% 17.3M 0s
140050K .......... .......... .......... .......... .......... 98% 16.1M 0s
140100K .......... .......... .......... .......... .......... 98% 17.3M 0s
140150K .......... .......... .......... .......... .......... 98% 15.1M 0s
140200K .......... .......... .......... .......... .......... 98% 14.6M 0s
140250K .......... .......... .......... .......... .......... 99% 16.9M 0s
140300K .......... .......... .......... .......... .......... 99% 19.3M 0s
140350K .......... .......... .......... .......... .......... 99% 17.0M 0s
140400K .......... .......... .......... .......... .......... 99% 12.5M 0s
140450K .......... .......... .......... .......... .......... 99% 19.5M 0s
140500K .......... .......... .......... .......... .......... 99% 16.8M 0s
140550K .......... .......... .......... .......... .......... 99% 15.0M 0s
140600K .......... .......... .......... .......... .......... 99% 16.8M 0s
140650K .......... .......... .......... .......... .......... 99% 17.0M 0s
140700K .......... .......... .......... .......... .......... 99% 15.5M 0s
140750K .......... .......... .......... .......... .......... 99% 16.2M 0s
140800K .......... .......... .......... .......... .......... 99% 15.3M 0s
140850K .......... .......... .......... .......... .......... 99% 19.4M 0s
140900K .......... .......... .......... .......... .......... 99% 14.6M 0s
140950K .......... .......... .......... .......... .......... 99% 15.2M 0s
141000K .......... .......... .......... .......... .......... 99% 17.0M 0s
141050K .......... .......... .......... .......... .......... 99% 19.8M 0s
141100K .......... .......... .......... .......... .......... 99% 14.7M 0s
141150K .......... .......... .......... .......... .......... 99% 17.4M 0s
141200K .......... .......... .......... .......... .......... 99% 17.3M 0s
141250K .......... .......... .......... .......... .......... 99% 13.8M 0s
141300K .......... .......... .......... .......... .......... 99% 20.0M 0s
141350K .......... .......... .......... .......... .......... 99% 15.0M 0s
141400K .......... .......... .......... .......... .......... 99% 16.3M 0s
141450K .......... .......... .......... .......... .......... 99% 14.9M 0s
141500K .......... .......... .......... .......... .......... 99% 19.4M 0s
141550K .......... .......... .......... .......... .......... 99% 14.7M 0s
141600K .......... .......... .......... .......... .......... 99% 15.1M 0s
141650K .......... .......... .......... .........            100% 20.6M=11s

2026-08-12 03:54:11 (12.5 MB/s) - ‘/tmp/pynq-v3.0-binaries.tar.gz’ saved [145090287/145090287]

/tmp /home/ubuntu
pynq-v3.0-binaries/
pynq-v3.0-binaries/gcc-mb/
pynq-v3.0-binaries/gcc-mb/microblazeel-xilinx-elf/
pynq-v3.0-binaries/gcc-mb/microblazeel-xilinx-elf/microblazeel-xilinx-elf/
pynq-v3.0-binaries/gcc-mb/microblazeel-xilinx-elf/microblazeel-xilinx-elf/include/
pynq-v3.0-binaries/gcc-mb/microblazeel-xilinx-elf/microblazeel-xilinx-elf/include/stdatomic.h
pynq-v3.0-binaries/gcc-mb/microblazeel-xilinx-elf/microblazeel-xilinx-elf/include/envz.h
pynq-v3.0-binaries/gcc-mb/microblazeel-xilinx-elf/microblazeel-xilinx-elf/include/signal.h
pynq-v3.0-binaries/gcc-mb/microblazeel-xilinx-elf/microblazeel-xilinx-elf/include/ssp/
pynq-v3.0-binaries/gcc-mb/microblazeel-xilinx-elf/microblazeel-xilinx-elf/include/ssp/stdlib.h
pynq-v3.0-binaries/gcc-mb/microblazeel-xilinx-elf/microblazeel-xilinx-elf/include/ssp/unistd.h
pynq-v3.0-binaries/gcc-mb/microblazeel-xilinx-elf/microblazeel-xilinx-elf/include/ssp/ssp.h
pynq-v3.0-binaries/gcc-mb/microblazeel-xilinx-elf/microblazeel-xilinx-elf/include/ssp/string.h
pynq-v3.0-binaries/gcc-mb/microblazeel-xilinx-elf/microblazeel-xilinx-elf/include/ssp/wchar.h
pynq-v3.0-binaries/gcc-mb/microblazeel-xilinx-elf/microblazeel-xilinx-elf/include/ssp/stdio.h
pynq-v3.0-binaries/gcc-mb/microblazeel-xilinx-elf/microblazeel-xilinx-elf/include/ssp/strings.h
pynq-v3.0-binaries/gcc-mb/microblazeel-xilinx-elf/microblazeel-xilinx-elf/include/getopt.h
pynq-v3.0-binaries/gcc-mb/microblazeel-xilinx-elf/microblazeel-xilinx-elf/include/wctype.h
pynq-v3.0-binaries/gcc-mb/microblazeel-xilinx-elf/microblazeel-xilinx-elf/include/stdlib.h
pynq-v3.0-binaries/gcc-mb/microblazeel-xilinx-elf/microblazeel-xilinx-elf/include/libgen.h
pynq-v3.0-binaries/gcc-mb/microblazeel-xilinx-elf/microblazeel-xilinx-elf/include/search.h
pynq-v3.0-binaries/gcc-mb/microblazeel-xilinx-elf/microblazeel-xilinx-elf/include/iconv.h
pynq-v3.0-binaries/gcc-mb/microblazeel-xilinx-elf/microblazeel-xilinx-elf/include/unistd.h
pynq-v3.0-binaries/gcc-mb/microblazeel-xilinx-elf/microblazeel-xilinx-elf/include/elf.h
pynq-v3.0-binaries/gcc-mb/microblazeel-xilinx-elf/microblazeel-xilinx-elf/include/xlocale.h
pynq-v3.0-binaries/gcc-mb/microblazeel-xilinx-elf/microblazeel-xilinx-elf/include/c++/
pynq-v3.0-binaries/gcc-mb/microblazeel-xilinx-elf/microblazeel-xilinx-elf/include/c++/9.2.0/
pynq-v3.0-binaries/gcc-mb/microblazeel-xilinx-elf/microblazeel-xilinx-elf/include/c++/9.2.0/ext/
pynq-v3.0-binaries/gcc-mb/microblazeel-xilinx-elf/microblazeel-xilinx-elf/include/c++/9.2.0/ext/pod_char_traits.h
pynq-v3.0-binaries/gcc-mb/microblazeel-xilinx-elf/microblazeel-xilinx-elf/include/c++/9.2.0/ext/numeric_traits.h
pynq-v3.0-binaries/gcc-mb/microblazeel-xilinx-elf/microblazeel-xilinx-elf/include/c++/9.2.0/ext/bitmap_allocator.h
pynq-v3.0-binaries/gcc-mb/microblazeel-xilinx-elf/microblazeel-xilinx-elf/include/c++/9.2.0/ext/ropeimpl.h
pynq-v3.0-binaries/gcc-mb/microblazeel-xilinx-elf/microblazeel-xilinx-elf/include/c++/9.2.0/ext/random
pynq-v3.0-binaries/gcc-mb/microblazeel-xilinx-elf/microblazeel-xilinx-elf/include/c++/9.2.0/ext/memory
pynq-v3.0-binaries/gcc-mb/microblazeel-xilinx-elf/microblazeel-xilinx-elf/include/c++/9.2.0/ext/vstring.h
pynq-v3.0-binaries/gcc-mb/microblazeel-xilinx-elf/microblazeel-xilinx-elf/include/c++/9.2.0/ext/codecvt_specializations.h
pynq-v3.0-binaries/gcc-mb/microblazeel-xilinx-elf/microblazeel-xilinx-elf/include/c++/9.2.0/ext/functional
pynq-v3.0-binaries/gcc-mb/microblazeel-xilinx-elf/microblazeel-xilinx-elf/include/c++/9.2.0/ext/numeric
pynq-v3.0-binaries/gcc-mb/microblazeel-xilinx-elf/microblazeel-xilinx-elf/include/c++/9.2.0/ext/cmath
pynq-v3.0-binaries/gcc-mb/microblazeel-xilinx-elf/microblazeel-xilinx-elf/include/c++/9.2.0/ext/stdio_filebuf.h
pynq-v3.0-binaries/gcc-mb/microblazeel-xilinx-elf/microblazeel-xilinx-elf/include/c++/9.2.0/ext/new_allocator.h
pynq-v3.0-binaries/gcc-mb/microblazeel-xilinx-elf/microblazeel-xilinx-elf/include/c++/9.2.0/ext/vstring.tcc
pynq-v3.0-binaries/gcc-mb/microblazeel-xilinx-elf/microblazeel-xilinx-elf/include/c++/9.2.0/ext/mt_allocator.h
pynq-v3.0-binaries/gcc-mb/microblazeel-xilinx-elf/microblazeel-xilinx-elf/include/c++/9.2.0/ext/string_conversions.h
pynq-v3.0-binaries/gcc-mb/microblazeel-xilinx-elf/microblazeel-xilinx-elf/include/c++/9.2.0/ext/extptr_allocator.h
pynq-v3.0-binaries/gcc-mb/microblazeel-xilinx-elf/microblazeel-xilinx-elf/include/c++/9.2.0/ext/pb_ds/
pynq-v3.0-binaries/gcc-mb/microblazeel-xilinx-elf/microblazeel-xilinx-elf/include/c++/9.2.0/ext/pb_ds/priority_queue.hpp
pynq-v3.0-binaries/gcc-mb/microblazeel-xilinx-elf/microblazeel-xilinx-elf/include/c++/9.2.0/ext/pb_ds/tree_policy.hpp
pynq-v3.0-binaries/gcc-mb/microblazeel-xilinx-elf/microblazeel-xilinx-elf/include/c++/9.2.0/ext/pb_ds/hash_policy.hpp
pynq-v3.0-binaries/gcc-mb/microblazeel-xilinx-elf/microblazeel-xilinx-elf/include/c++/9.2.0/ext/pb_ds/assoc_container.hpp
pynq-v3.0-binaries/gcc-mb/microblazeel-xilinx-elf/microblazeel-xilinx-elf/include/c++/9.2.0/ext/pb_ds/tag_and_trait.hpp
pynq-v3.0-binaries/gcc-mb/microblazeel-xilinx-elf/microblazeel-xilinx-elf/include/c++/9.2.0/ext/pb_ds/list_update_policy.hpp
pynq-v3.0-binaries/gcc-mb/microblazeel-xilinx-elf/microblazeel-xilinx-elf/include/c++/9.2.0/ext/pb_ds/exception.hpp
pynq-v3.0-binaries/gcc-mb/microblazeel-xilinx-elf/microblazeel-xilinx-elf/include/c++/9.2.0/ext/pb_ds/trie_policy.hpp
pynq-v3.0-binaries/gcc-mb/microblazeel-xilinx-elf/microblazeel-xilinx-elf/include/c++/9.2.0/ext/pb_ds/detail/
pynq-v3.0-binaries/gcc-mb/microblazeel-xilinx-elf/microblazeel-xilinx-elf/include/c++/9.2.0/ext/pb_ds/detail/pat_trie_/
pynq-v3.0-binaries/gcc-mb/microblazeel-xilinx-elf/microblazeel-xilinx-elf/include/c++/9.2.0/ext/pb_ds/detail/pat_trie_/rotate_fn_imps.hpp
pynq-v3.0-binaries/gcc-mb/microblazeel-xilinx-elf/microblazeel-xilinx-elf/include/c++/9.2.0/ext/pb_ds/detail/pat_trie_/pat_trie_.hpp
pynq-v3.0-binaries/gcc-mb/microblazeel-xilinx-elf/microblazeel-xilinx-elf/include/c++/9.2.0/ext/pb_ds/detail/pat_trie_/traits.hpp
pynq-v3.0-binaries/gcc-mb/microblazeel-xilinx-elf/microblazeel-xilinx-elf/include/c++/9.2.0/ext/pb_ds/detail/pat_trie_/debug_fn_imps.hpp
pynq-v3.0-binaries/gcc-mb/microblazeel-xilinx-elf/microblazeel-xilinx-elf/include/c++/9.2.0/ext/pb_ds/detail/pat_trie_/policy_access_fn_imps.hpp
pynq-v3.0-binaries/gcc-mb/microblazeel-xilinx-elf/microblazeel-xilinx-elf/include/c++/9.2.0/ext/pb_ds/detail/pat_trie_/info_fn_imps.hpp
pynq-v3.0-binaries/gcc-mb/microblazeel-xilinx-elf/microblazeel-xilinx-elf/include/c++/9.2.0/ext/pb_ds/detail/pat_trie_/synth_access_traits.hpp
pynq-v3.0-binaries/gcc-mb/microblazeel-xilinx-elf/microblazeel-xilinx-elf/include/c++/9.2.0/ext/pb_ds/detail/pat_trie_/constructors_destructor_fn_imps.hpp
pynq-v3.0-binaries/gcc-mb/microblazeel-xilinx-elf/microblazeel-xilinx-elf/include/c++/9.2.0/ext/pb_ds/detail/pat_trie_/trace_fn_imps.hpp
pynq-v3.0-binaries/gcc-mb/microblazeel-xilinx-elf/microblazeel-xilinx-elf/include/c++/9.2.0/ext/pb_ds/detail/pat_trie_/insert_join_fn_imps.hpp
pynq-v3.0-binaries/gcc-mb/microblazeel-xilinx-elf/microblazeel-xilinx-elf/include/c++/9.2.0/ext/pb_ds/detail/pat_trie_/pat_trie_base.hpp
pynq-v3.0-binaries/gcc-mb/microblazeel-xilinx-elf/microblazeel-xilinx-elf/include/c++/9.2.0/ext/pb_ds/detail/pat_trie_/r_erase_fn_imps.hpp
pynq-v3.0-binaries/gcc-mb/microblazeel-xilinx-elf/microblazeel-xilinx-elf/include/c++/9.2.0/ext/pb_ds/detail/pat_trie_/split_fn_imps.hpp
pynq-v3.0-binaries/gcc-mb/microblazeel-xilinx-elf/microblazeel-xilinx-elf/include/c++/9.2.0/ext/pb_ds/detail/pat_trie_/find_fn_imps.hpp
pynq-v3.0-binaries/gcc-mb/microblazeel-xilinx-elf/microblazeel-xilinx-elf/include/c++/9.2.0/ext/pb_ds/detail/pat_trie_/iterators_fn_imps.hpp
pynq-v3.0-binaries/gcc-mb/microblazeel-xilinx-elf/microblazeel-xilinx-elf/include/c++/9.2.0/ext/pb_ds/detail/pat_trie_/erase_fn_imps.hpp
pynq-v3.0-binaries/gcc-mb/microblazeel-xilinx-elf/microblazeel-xilinx-elf/include/c++/9.2.0/ext/pb_ds/detail/pat_trie_/update_fn_imps.hpp
pynq-v3.0-binaries/gcc-mb/microblazeel-xilinx-elf/microblazeel-xilinx-elf/include/c++/9.2.0/ext/pb_ds/detail/binomial_heap_base_/
pynq-v3.0-binaries/gcc-mb/microblazeel-xilinx-elf/microblazeel-xilinx-elf/include/c++/9.2.0/ext/pb_ds/detail/binomial_heap_base_/debug_fn_imps.hpp
pynq-v3.0-binaries/gcc-mb/microblazeel-xilinx-elf/microblazeel-xilinx-elf/include/c++/9.2.0/ext/pb_ds/detail/binomial_heap_base_/binomial_heap_base_.hpp
pynq-v3.0-binaries/gcc-mb/microblazeel-xilinx-elf/microblazeel-xilinx-elf/include/c++/9.2.0/ext/pb_ds/detail/binomial_heap_base_/constructors_destructor_fn_imps.hpp
pynq-v3.0-binaries/gcc-mb/microblazeel-xilinx-elf/microblazeel-xilinx-elf/include/c++/9.2.0/ext/pb_ds/detail/binomial_heap_base_/split_join_fn_imps.hpp
pynq-v3.0-binaries/gcc-mb/microblazeel-xilinx-elf/microblazeel-xilinx-elf/include/c++/9.2.0/ext/pb_ds/detail/binomial_heap_base_/insert_fn_imps.hpp
pynq-v3.0-binaries/gcc-mb/microblazeel-xilinx-elf/microblazeel-xilinx-elf/include/c++/9.2.0/ext/pb_ds/detail/binomial_heap_base_/find_fn_imps.hpp
pynq-v3.0-binaries/gcc-mb/microblazeel-xilinx-elf/microblazeel-xilinx-elf/include/c++/9.2.0/ext/pb_ds/detail/binomial_heap_base_/erase_fn_imps.hpp
pynq-v3.0-binaries/gcc-mb/microblazeel-xilinx-elf/microblazeel-xilinx-elf/include/c++/9.2.0/ext/pb_ds/detail/cond_dealtor.hpp
pynq-v3.0-binaries/gcc-mb/microblazeel-xilinx-elf/microblazeel-xilinx-elf/include/c++/9.2.0/ext/pb_ds/detail/priority_queue_base_dispatch.hpp
pynq-v3.0-binaries/gcc-mb/microblazeel-xilinx-elf/microblazeel-xilinx-elf/include/c++/9.2.0/ext/pb_ds/detail/debug_map_base.hpp
pynq-v3.0-binaries/gcc-mb/microblazeel-xilinx-elf/microblazeel-xilinx-elf/include/c++/9.2.0/ext/pb_ds/detail/resize_policy/
pynq-v3.0-binaries/gcc-mb/microblazeel-xilinx-elf/microblazeel-xilinx-elf/include/c++/9.2.0/ext/pb_ds/detail/resize_policy/hash_load_check_resize_trigger_imp.hpp
pynq-v3.0-binaries/gcc-mb/microblazeel-xilinx-elf/microblazeel-xilinx-elf/include/c++/9.2.0/ext/pb_ds/detail/resize_policy/sample_size_policy.hpp
pynq-v3.0-binaries/gcc-mb/microblazeel-xilinx-elf/microblazeel-xilinx-elf/include/c++/9.2.0/ext/pb_ds/detail/resize_policy/hash_load_check_resize_trigger_size_base.hpp
pynq-v3.0-binaries/gcc-mb/microblazeel-xilinx-elf/microblazeel-xilinx-elf/include/c++/9.2.0/ext/pb_ds/detail/resize_policy/cc_hash_max_collision_check_resize_trigger_imp.hpp
pynq-v3.0-binaries/gcc-mb/microblazeel-xilinx-elf/microblazeel-xilinx-elf/include/c++/9.2.0/ext/pb_ds/detail/resize_policy/sample_resize_trigger.hpp
pynq-v3.0-binaries/gcc-mb/microblazeel-xilinx-elf/microblazeel-xilinx-elf/include/c++/9.2.0/ext/pb_ds/detail/resize_policy/sample_resize_policy.hpp
pynq-v3.0-binaries/gcc-mb/microblazeel-xilinx-elf/microblazeel-xilinx-elf/include/c++/9.2.0/ext/pb_ds/detail/resize_policy/hash_standard_resize_policy_imp.hpp
pynq-v3.0-binaries/gcc-mb/microblazeel-xilinx-elf/microblazeel-xilinx-elf/include/c++/9.2.0/ext/pb_ds/detail/resize_policy/hash_exponential_size_policy_imp.hpp
pynq-v3.0-binaries/gcc-mb/microblazeel-xilinx-elf/microblazeel-xilinx-elf/include/c++/9.2.0/ext/pb_ds/detail/resize_policy/hash_prime_size_policy_imp.hpp
pynq-v3.0-binaries/gcc-mb/microblazeel-xilinx-elf/microblazeel-xilinx-elf/include/c++/9.2.0/ext/pb_ds/detail/pairing_heap_/
pynq-v3.0-binaries/gcc-mb/microblazeel-xilinx-elf/microblazeel-xilinx-elf/include/c++/9.2.0/ext/pb_ds/detail/pairing_heap_/pairing_heap_.hpp
pynq-v3.0-binaries/gcc-mb/microblazeel-xilinx-elf/microblazeel-xilinx-elf/include/c++/9.2.0/ext/pb_ds/detail/pairing_heap_/debug_fn_imps.hpp
pynq-v3.0-binaries/gcc-mb/microblazeel-xilinx-elf/microblazeel-xilinx-elf/include/c++/9.2.0/ext/pb_ds/detail/pairing_heap_/constructors_destructor_fn_imps.hpp
pynq-v3.0-binaries/gcc-mb/microblazeel-xilinx-elf/microblazeel-xilinx-elf/include/c++/9.2.0/ext/pb_ds/detail/pairing_heap_/split_join_fn_imps.hpp
pynq-v3.0-binaries/gcc-mb/microblazeel-xilinx-elf/microblazeel-xilinx-elf/include/c++/9.2.0/ext/pb_ds/detail/pairing_heap_/insert_fn_imps.hpp
pynq-v3.0-binaries/gcc-mb/microblazeel-xilinx-elf/microblazeel-xilinx-elf/include/c++/9.2.0/ext/pb_ds/detail/pairing_heap_/find_fn_imps.hpp
pynq-v3.0-binaries/gcc-mb/microblazeel-xilinx-elf/microblazeel-xilinx-elf/include/c++/9.2.0/ext/pb_ds/detail/pairing_heap_/erase_fn_imps.hpp
pynq-v3.0-binaries/gcc-mb/microblazeel-xilinx-elf/microblazeel-xilinx-elf/include/c++/9.2.0/ext/pb_ds/detail/binary_heap_/
pynq-v3.0-binaries/gcc-mb/microblazeel-xilinx-elf/microblazeel-xilinx-elf/include/c++/9.2.0/ext/pb_ds/detail/binary_heap_/const_iterator.hpp
pynq-v3.0-binaries/gcc-mb/microblazeel-xilinx-elf/microblazeel-xilinx-elf/include/c++/9.2.0/ext/pb_ds/detail/binary_heap_/debug_fn_imps.hpp
pynq-v3.0-binaries/gcc-mb/microblazeel-xilinx-elf/microblazeel-xilinx-elf/include/c++/9.2.0/ext/pb_ds/detail/binary_heap_/policy_access_fn_imps.hpp
pynq-v3.0-binaries/gcc-mb/microblazeel-xilinx-elf/microblazeel-xilinx-elf/include/c++/9.2.0/ext/pb_ds/detail/binary_heap_/info_fn_imps.hpp
pynq-v3.0-binaries/gcc-mb/microblazeel-xilinx-elf/microblazeel-xilinx-elf/include/c++/9.2.0/ext/pb_ds/detail/binary_heap_/resize_policy.hpp
pynq-v3.0-binaries/gcc-mb/microblazeel-xilinx-elf/microblazeel-xilinx-elf/include/c++/9.2.0/ext/pb_ds/detail/binary_heap_/entry_cmp.hpp
pynq-v3.0-binaries/gcc-mb/microblazeel-xilinx-elf/microblazeel-xilinx-elf/include/c++/9.2.0/ext/pb_ds/detail/binary_heap_/constructors_destructor_fn_imps.hpp
pynq-v3.0-binaries/gcc-mb/microblazeel-xilinx-elf/microblazeel-xilinx-elf/include/c++/9.2.0/ext/pb_ds/detail/binary_heap_/split_join_fn_imps.hpp
pynq-v3.0-binaries/gcc-mb/microblazeel-xilinx-elf/microblazeel-xilinx-elf/include/c++/9.2.0/ext/pb_ds/detail/binary_heap_/trace_fn_imps.hpp
pynq-v3.0-binaries/gcc-mb/microblazeel-xilinx-elf/microblazeel-xilinx-elf/include/c++/9.2.0/ext/pb_ds/detail/binary_heap_/point_const_iterator.hpp
pynq-v3.0-binaries/gcc-mb/microblazeel-xilinx-elf/microblazeel-xilinx-elf/include/c++/9.2.0/ext/pb_ds/detail/binary_heap_/insert_fn_imps.hpp
pynq-v3.0-binaries/gcc-mb/microblazeel-xilinx-elf/microblazeel-xilinx-elf/include/c++/9.2.0/ext/pb_ds/detail/binary_heap_/find_fn_imps.hpp
pynq-v3.0-binaries/gcc-mb/microblazeel-xilinx-elf/microblazeel-xilinx-elf/include/c++/9.2.0/ext/pb_ds/detail/binary_heap_/iterators_fn_imps.hpp
pynq-v3.0-binaries/gcc-mb/microblazeel-xilinx-elf/microblazeel-xilinx-elf/include/c++/9.2.0/ext/pb_ds/detail/binary_heap_/binary_heap_.hpp
pynq-v3.0-binaries/gcc-mb/microblazeel-xilinx-elf/microblazeel-xilinx-elf/include/c++/9.2.0/ext/pb_ds/detail/binary_heap_/erase_fn_imps.hpp
pynq-v3.0-binaries/gcc-mb/microblazeel-xilinx-elf/microblazeel-xilinx-elf/include/c++/9.2.0/ext/pb_ds/detail/binary_heap_/entry_pred.hpp
pynq-v3.0-binaries/gcc-mb/microblazeel-xilinx-elf/microblazeel-xilinx-elf/include/c++/9.2.0/ext/pb_ds/detail/types_traits.hpp
pynq-v3.0-binaries/gcc-mb/microblazeel-xilinx-elf/microblazeel-xilinx-elf/include/c++/9.2.0/ext/pb_ds/detail/thin_heap_/
pynq-v3.0-binaries/gcc-mb/microblazeel-xilinx-elf/microblazeel-xilinx-elf/include/c++/9.2.0/ext/pb_ds/detail/thin_heap_/debug_fn_imps.hpp
pynq-v3.0-binaries/gcc-mb/microblazeel-xilinx-elf/microblazeel-xilinx-elf/include/c++/9.2.0/ext/pb_ds/detail/thin_heap_/constructors_destructor_fn_imps.hpp
pynq-v3.0-binaries/gcc-mb/microblazeel-xilinx-elf/microblazeel-xilinx-elf/include/c++/9.2.0/ext/pb_ds/detail/thin_heap_/split_join_fn_imps.hpp
pynq-v3.0-binaries/gcc-mb/microblazeel-xilinx-elf/microblazeel-xilinx-elf/include/c++/9.2.0/ext/pb_ds/detail/thin_heap_/trace_fn_imps.hpp
pynq-v3.0-binaries/gcc-mb/microblazeel-xilinx-elf/microblazeel-xilinx-elf/include/c++/9.2.0/ext/pb_ds/detail/thin_heap_/thin_heap_.hpp
pynq-v3.0-binaries/gcc-mb/microblazeel-xilinx-elf/microblazeel-xilinx-elf/include/c++/9.2.0/ext/pb_ds/detail/thin_heap_/insert_fn_imps.hpp
pynq-v3.0-binaries/gcc-mb/microblazeel-xilinx-elf/microblazeel-xilinx-elf/include/c++/9.2.0/ext/pb_ds/detail/thin_heap_/find_fn_imps.hpp
pynq-v3.0-binaries/gcc-mb/microblazeel-xilinx-elf/microblazeel-xilinx-elf/include/c++/9.2.0/ext/pb_ds/detail/thin_heap_/erase_fn_imps.hpp
pynq-v3.0-binaries/gcc-mb/microblazeel-xilinx-elf/microblazeel-xilinx-elf/include/c++/9.2.0/ext/pb_ds/detail/list_update_policy/
pynq-v3.0-binaries/gcc-mb/microblazeel-xilinx-elf/microblazeel-xilinx-elf/include/c++/9.2.0/ext/pb_ds/detail/list_update_policy/sample_update_policy.hpp
pynq-v3.0-binaries/gcc-mb/microblazeel-xilinx-elf/microblazeel-xilinx-elf/include/c++/9.2.0/ext/pb_ds/detail/list_update_policy/lu_counter_metadata.hpp
pynq-v3.0-binaries/gcc-mb/microblazeel-xilinx-elf/microblazeel-xilinx-elf/include/c++/9.2.0/ext/pb_ds/detail/list_update_map_/
pynq-v3.0-binaries/gcc-mb/microblazeel-xilinx-elf/microblazeel-xilinx-elf/include/c++/9.2.0/ext/pb_ds/detail/list_update_map_/lu_map_.hpp
pynq-v3.0-binaries/gcc-mb/microblazeel-xilinx-elf/microblazeel-xilinx-elf/include/c++/9.2.0/ext/pb_ds/detail/list_update_map_/debug_fn_imps.hpp
pynq-v3.0-binaries/gcc-mb/microblazeel-xilinx-elf/microblazeel-xilinx-elf/include/c++/9.2.0/ext/pb_ds/detail/list_update_map_/info_fn_imps.hpp
pynq-v3.0-binaries/gcc-mb/microblazeel-xilinx-elf/microblazeel-xilinx-elf/include/c++/9.2.0/ext/pb_ds/detail/list_update_map_/trace_fn_imps.hpp
pynq-v3.0-binaries/gcc-mb/microblazeel-xilinx-elf/microblazeel-xilinx-elf/include/c++/9.2.0/ext/pb_ds/detail/list_update_map_/entry_metadata_base.hpp
pynq-v3.0-binaries/gcc-mb/microblazeel-xilinx-elf/microblazeel-xilinx-elf/include/c++/9.2.0/ext/pb_ds/detail/list_update_map_/constructor_destructor_fn_imps.hpp
pynq-v3.0-binaries/gcc-mb/microblazeel-xilinx-elf/microblazeel-xilinx-elf/include/c++/9.2.0/ext/pb_ds/detail/list_update_map_/insert_fn_imps.hpp
pynq-v3.0-binaries/gcc-mb/microblazeel-xilinx-elf/microblazeel-xilinx-elf/include/c++/9.2.0/ext/pb_ds/detail/list_update_map_/find_fn_imps.hpp
pynq-v3.0-binaries/gcc-mb/microblazeel-xilinx-elf/microblazeel-xilinx-elf/include/c++/9.2.0/ext/pb_ds/detail/list_update_map_/iterators_fn_imps.hpp
pynq-v3.0-binaries/gcc-mb/microblazeel-xilinx-elf/microblazeel-xilinx-elf/include/c++/9.2.0/ext/pb_ds/detail/list_update_map_/erase_fn_imps.hpp
pynq-v3.0-binaries/gcc-mb/microblazeel-xilinx-elf/microblazeel-xilinx-elf/include/c++/9.2.0/ext/pb_ds/detail/hash_fn/
pynq-v3.0-binaries/gcc-mb/microblazeel-xilinx-elf/microblazeel-xilinx-elf/include/c++/9.2.0/ext/pb_ds/detail/hash_fn/ranged_hash_fn.hpp
pynq-v3.0-binaries/gcc-mb/microblazeel-xilinx-elf/microblazeel-xilinx-elf/include/c++/9.2.0/ext/pb_ds/detail/hash_fn/direct_mask_range_hashing_imp.hpp
pynq-v3.0-binaries/gcc-mb/microblazeel-xilinx-elf/microblazeel-xilinx-elf/include/c++/9.2.0/ext/pb_ds/detail/hash_fn/probe_fn_base.hpp
pynq-v3.0-binaries/gcc-mb/microblazeel-xilinx-elf/microblazeel-xilinx-elf/include/c++/9.2.0/ext/pb_ds/detail/hash_fn/sample_ranged_probe_fn.hpp
pynq-v3.0-binaries/gcc-mb/microblazeel-xilinx-elf/microblazeel-xilinx-elf/include/c++/9.2.0/ext/pb_ds/detail/hash_fn/mod_based_range_hashing.hpp
pynq-v3.0-binaries/gcc-mb/microblazeel-xilinx-elf/microblazeel-xilinx-elf/include/c++/9.2.0/ext/pb_ds/detail/hash_fn/mask_based_range_hashing.hpp
pynq-v3.0-binaries/gcc-mb/microblazeel-xilinx-elf/microblazeel-xilinx-elf/include/c++/9.2.0/ext/pb_ds/detail/hash_fn/sample_ranged_hash_fn.hpp
pynq-v3.0-binaries/gcc-mb/microblazeel-xilinx-elf/microblazeel-xilinx-elf/include/c++/9.2.0/ext/pb_ds/detail/hash_fn/linear_probe_fn_imp.hpp
pynq-v3.0-binaries/gcc-mb/microblazeel-xilinx-elf/microblazeel-xilinx-elf/include/c++/9.2.0/ext/pb_ds/detail/hash_fn/quadratic_probe_fn_imp.hpp
pynq-v3.0-binaries/gcc-mb/microblazeel-xilinx-elf/microblazeel-xilinx-elf/include/c++/9.2.0/ext/pb_ds/detail/hash_fn/direct_mod_range_hashing_imp.hpp
pynq-v3.0-binaries/gcc-mb/microblazeel-xilinx-elf/microblazeel-xilinx-elf/include/c++/9.2.0/ext/pb_ds/detail/hash_fn/ranged_probe_fn.hpp
pynq-v3.0-binaries/gcc-mb/microblazeel-xilinx-elf/microblazeel-xilinx-elf/include/c++/9.2.0/ext/pb_ds/detail/hash_fn/sample_probe_fn.hpp
pynq-v3.0-binaries/gcc-mb/microblazeel-xilinx-elf/microblazeel-xilinx-elf/include/c++/9.2.0/ext/pb_ds/detail/hash_fn/sample_range_hashing.hpp
pynq-v3.0-binaries/gcc-mb/microblazeel-xilinx-elf/microblazeel-xilinx-elf/include/c++/9.2.0/ext/pb_ds/detail/cc_hash_table_map_/
pynq-v3.0-binaries/gcc-mb/microblazeel-xilinx-elf/microblazeel-xilinx-elf/include/c++/9.2.0/ext/pb_ds/detail/cc_hash_table_map_/resize_no_store_hash_fn_imps.hpp
pynq-v3.0-binaries/gcc-mb/microblazeel-xilinx-elf/microblazeel-xilinx-elf/include/c++/9.2.0/ext/pb_ds/detail/cc_hash_table_map_/resize_store_hash_fn_imps.hpp
pynq-v3.0-binaries/gcc-mb/microblazeel-xilinx-elf/microblazeel-xilinx-elf/include/c++/9.2.0/ext/pb_ds/detail/cc_hash_table_map_/constructor_destructor_store_hash_fn_imps.hpp
pynq-v3.0-binaries/gcc-mb/microblazeel-xilinx-elf/microblazeel-xilinx-elf/include/c++/9.2.0/ext/pb_ds/detail/cc_hash_table_map_/cmp_fn_imps.hpp
pynq-v3.0-binaries/gcc-mb/microblazeel-xilinx-elf/microblazeel-xilinx-elf/include/c++/9.2.0/ext/pb_ds/detail/cc_hash_table_map_/debug_fn_imps.hpp
pynq-v3.0-binaries/gcc-mb/microblazeel-xilinx-elf/microblazeel-xilinx-elf/include/c++/9.2.0/ext/pb_ds/detail/cc_hash_table_map_/policy_access_fn_imps.hpp
pynq-v3.0-binaries/gcc-mb/microblazeel-xilinx-elf/microblazeel-xilinx-elf/include/c++/9.2.0/ext/pb_ds/detail/cc_hash_table_map_/info_fn_imps.hpp
pynq-v3.0-binaries/gcc-mb/microblazeel-xilinx-elf/microblazeel-xilinx-elf/include/c++/9.2.0/ext/pb_ds/detail/cc_hash_table_map_/insert_no_store_hash_fn_imps.hpp
pynq-v3.0-binaries/gcc-mb/microblazeel-xilinx-elf/microblazeel-xilinx-elf/include/c++/9.2.0/ext/pb_ds/detail/cc_hash_table_map_/trace_fn_imps.hpp
pynq-v3.0-binaries/gcc-mb/microblazeel-xilinx-elf/microblazeel-xilinx-elf/include/c++/9.2.0/ext/pb_ds/detail/cc_hash_table_map_/erase_no_store_hash_fn_imps.hpp
pynq-v3.0-binaries/gcc-mb/microblazeel-xilinx-elf/microblazeel-xilinx-elf/include/c++/9.2.0/ext/pb_ds/detail/cc_hash_table_map_/entry_list_fn_imps.hpp
pynq-v3.0-binaries/gcc-mb/microblazeel-xilinx-elf/microblazeel-xilinx-elf/include/c++/9.2.0/ext/pb_ds/detail/cc_hash_table_map_/cc_ht_map_.hpp
pynq-v3.0-binaries/gcc-mb/microblazeel-xilinx-elf/microblazeel-xilinx-elf/include/c++/9.2.0/ext/pb_ds/detail/cc_hash_table_map_/constructor_destructor_fn_imps.hpp
pynq-v3.0-binaries/gcc-mb/microblazeel-xilinx-elf/microblazeel-xilinx-elf/include/c++/9.2.0/ext/pb_ds/detail/cc_hash_table_map_/debug_no_store_hash_fn_imps.hpp
pynq-v3.0-binaries/gcc-mb/microblazeel-xilinx-elf/microblazeel-xilinx-elf/include/c++/9.2.0/ext/pb_ds/detail/cc_hash_table_map_/insert_fn_imps.hpp
pynq-v3.0-binaries/gcc-mb/microblazeel-xilinx-elf/microblazeel-xilinx-elf/include/c++/9.2.0/ext/pb_ds/detail/cc_hash_table_map_/find_store_hash_fn_imps.hpp
pynq-v3.0-binaries/gcc-mb/microblazeel-xilinx-elf/microblazeel-xilinx-elf/include/c++/9.2.0/ext/pb_ds/detail/cc_hash_table_map_/erase_store_hash_fn_imps.hpp
pynq-v3.0-binaries/gcc-mb/microblazeel-xilinx-elf/microblazeel-xilinx-elf/include/c++/9.2.0/ext/pb_ds/detail/cc_hash_table_map_/cond_key_dtor_entry_dealtor.hpp
pynq-v3.0-binaries/gcc-mb/microblazeel-xilinx-elf/microblazeel-xilinx-elf/include/c++/9.2.0/ext/pb_ds/detail/cc_hash_table_map_/find_fn_imps.hpp
pynq-v3.0-binaries/gcc-mb/microblazeel-xilinx-elf/microblazeel-xilinx-elf/include/c++/9.2.0/ext/pb_ds/detail/cc_hash_table_map_/resize_fn_imps.hpp
pynq-v3.0-binaries/gcc-mb/microblazeel-xilinx-elf/microblazeel-xilinx-elf/include/c++/9.2.0/ext/pb_ds/detail/cc_hash_table_map_/iterators_fn_imps.hpp
pynq-v3.0-binaries/gcc-mb/microblazeel-xilinx-elf/microblazeel-xilinx-elf/include/c++/9.2.0/ext/pb_ds/detail/cc_hash_table_map_/erase_fn_imps.hpp
pynq-v3.0-binaries/gcc-mb/microblazeel-xilinx-elf/microblazeel-xilinx-elf/include/c++/9.2.0/ext/pb_ds/detail/cc_hash_table_map_/insert_store_hash_fn_imps.hpp
pynq-v3.0-binaries/gcc-mb/microblazeel-xilinx-elf/microblazeel-xilinx-elf/include/c++/9.2.0/ext/pb_ds/detail/cc_hash_table_map_/size_fn_imps.hpp
pynq-v3.0-binaries/gcc-mb/microblazeel-xilinx-elf/microblazeel-xilinx-elf/include/c++/9.2.0/ext/pb_ds/detail/cc_hash_table_map_/debug_store_hash_fn_imps.hpp
pynq-v3.0-binaries/gcc-mb/microblazeel-xilinx-elf/microblazeel-xilinx-elf/include/c++/9.2.0/ext/pb_ds/detail/cc_hash_table_map_/constructor_destructor_no_store_hash_fn_imps.hpp
pynq-v3.0-binaries/gcc-mb/microblazeel-xilinx-elf/microblazeel-xilinx-elf/include/c++/9.2.0/ext/pb_ds/detail/binomial_heap_/
pynq-v3.0-binaries/gcc-mb/microblazeel-xilinx-elf/microblazeel-xilinx-elf/include/c++/9.2.0/ext/pb_ds/detail/binomial_heap_/debug_fn_imps.hpp
pynq-v3.0-binaries/gcc-mb/microblazeel-xilinx-elf/microblazeel-xilinx-elf/include/c++/9.2.0/ext/pb_ds/detail/binomial_heap_/constructors_destructor_fn_imps.hpp
pynq-v3.0-binaries/gcc-mb/microblazeel-xilinx-elf/microblazeel-xilinx-elf/include/c++/9.2.0/ext/pb_ds/detail/binomial_heap_/binomial_heap_.hpp
pynq-v3.0-binaries/gcc-mb/microblazeel-xilinx-elf/microblazeel-xilinx-elf/include/c++/9.2.0/ext/pb_ds/detail/gp_hash_table_map_/
pynq-v3.0-binaries/gcc-mb/microblazeel-xilinx-elf/microblazeel-xilinx-elf/include/c++/9.2.0/ext/pb_ds/detail/gp_hash_table_map_/resize_no_store_hash_fn_imps.hpp
pynq-v3.0-binaries/gcc-mb/microblazeel-xilinx-elf/microblazeel-xilinx-elf/include/c++/9.2.0/ext/pb_ds/detail/gp_hash_table_map_/find_no_store_hash_fn_imps.hpp
pynq-v3.0-binaries/gcc-mb/microblazeel-xilinx-elf/microblazeel-xilinx-elf/include/c++/9.2.0/ext/pb_ds/detail/gp_hash_table_map_/resize_store_hash_fn_imps.hpp
pynq-v3.0-binaries/gcc-mb/microblazeel-xilinx-elf/microblazeel-xilinx-elf/include/c++/9.2.0/ext/pb_ds/detail/gp_hash_table_map_/constructor_destructor_store_hash_fn_imps.hpp
pynq-v3.0-binaries/gcc-mb/microblazeel-xilinx-elf/microblazeel-xilinx-elf/include/c++/9.2.0/ext/pb_ds/detail/gp_hash_table_map_/debug_fn_imps.hpp
pynq-v3.0-binaries/gcc-mb/microblazeel-xilinx-elf/microblazeel-xilinx-elf/include/c++/9.2.0/ext/pb_ds/detail/gp_hash_table_map_/policy_access_fn_imps.hpp
pynq-v3.0-binaries/gcc-mb/microblazeel-xilinx-elf/microblazeel-xilinx-elf/include/c++/9.2.0/ext/pb_ds/detail/gp_hash_table_map_/info_fn_imps.hpp
pynq-v3.0-binaries/gcc-mb/microblazeel-xilinx-elf/microblazeel-xilinx-elf/include/c++/9.2.0/ext/pb_ds/detail/gp_hash_table_map_/insert_no_store_hash_fn_imps.hpp
pynq-v3.0-binaries/gcc-mb/microblazeel-xilinx-elf/microblazeel-xilinx-elf/include/c++/9.2.0/ext/pb_ds/detail/gp_hash_table_map_/iterator_fn_imps.hpp
pynq-v3.0-binaries/gcc-mb/microblazeel-xilinx-elf/microblazeel-xilinx-elf/include/c++/9.2.0/ext/pb_ds/detail/gp_hash_table_map_/trace_fn_imps.hpp
pynq-v3.0-binaries/gcc-mb/microblazeel-xilinx-elf/microblazeel-xilinx-elf/include/c++/9.2.0/ext/pb_ds/detail/gp_hash_table_map_/erase_no_store_hash_fn_imps.hpp
pynq-v3.0-binaries/gcc-mb/microblazeel-xilinx-elf/microblazeel-xilinx-elf/include/c++/9.2.0/ext/pb_ds/detail/gp_hash_table_map_/gp_ht_map_.hpp
pynq-v3.0-binaries/gcc-mb/microblazeel-xilinx-elf/microblazeel-xilinx-elf/include/c++/9.2.0/ext/pb_ds/detail/gp_hash_table_map_/constructor_destructor_fn_imps.hpp
pynq-v3.0-binaries/gcc-mb/microblazeel-xilinx-elf/microblazeel-xilinx-elf/include/c++/9.2.0/ext/pb_ds/detail/gp_hash_table_map_/debug_no_store_hash_fn_imps.hpp
pynq-v3.0-binaries/gcc-mb/microblazeel-xilinx-elf/microblazeel-xilinx-elf/include/c++/9.2.0/ext/pb_ds/detail/gp_hash_table_map_/insert_fn_imps.hpp
pynq-v3.0-binaries/gcc-mb/microblazeel-xilinx-elf/microblazeel-xilinx-elf/include/c++/9.2.0/ext/pb_ds/detail/gp_hash_table_map_/find_store_hash_fn_imps.hpp
pynq-v3.0-binaries/gcc-mb/microblazeel-xilinx-elf/microblazeel-xilinx-elf/include/c++/9.2.0/ext/pb_ds/detail/gp_hash_table_map_/erase_store_hash_fn_imps.hpp
pynq-v3.0-binaries/gcc-mb/microblazeel-xilinx-elf/microblazeel-xilinx-elf/include/c++/9.2.0/ext/pb_ds/detail/gp_hash_table_map_/find_fn_imps.hpp
pynq-v3.0-binaries/gcc-mb/microblazeel-xilinx-elf/microblazeel-xilinx-elf/include/c++/9.2.0/ext/pb_ds/detail/gp_hash_table_map_/resize_fn_imps.hpp
pynq-v3.0-binaries/gcc-mb/microblazeel-xilinx-elf/microblazeel-xilinx-elf/include/c++/9.2.0/ext/pb_ds/detail/gp_hash_table_map_/erase_fn_imps.hpp
pynq-v3.0-binaries/gcc-mb/microblazeel-xilinx-elf/microblazeel-xilinx-elf/include/c++/9.2.0/ext/pb_ds/detail/gp_hash_table_map_/insert_store_hash_fn_imps.hpp
pynq-v3.0-binaries/gcc-mb/microblazeel-xilinx-elf/microblazeel-xilinx-elf/include/c++/9.2.0/ext/pb_ds/detail/gp_hash_table_map_/debug_store_hash_fn_imps.hpp
pynq-v3.0-binaries/gcc-mb/microblazeel-xilinx-elf/microblazeel-xilinx-elf/include/c++/9.2.0/ext/pb_ds/detail/gp_hash_table_map_/constructor_destructor_no_store_hash_fn_imps.hpp
pynq-v3.0-binaries/gcc-mb/microblazeel-xilinx-elf/microblazeel-xilinx-elf/include/c++/9.2.0/ext/pb_ds/detail/left_child_next_sibling_heap_/
pynq-v3.0-binaries/gcc-mb/microblazeel-xilinx-elf/microblazeel-xilinx-elf/include/c++/9.2.0/ext/pb_ds/detail/left_child_next_sibling_heap_/left_child_next_sibling_heap_.hpp
pynq-v3.0-binaries/gcc-mb/microblazeel-xilinx-elf/microblazeel-xilinx-elf/include/c++/9.2.0/ext/pb_ds/detail/left_child_next_sibling_heap_/const_iterator.hpp
pynq-v3.0-binaries/gcc-mb/microblazeel-xilinx-elf/microblazeel-xilinx-elf/include/c++/9.2.0/ext/pb_ds/detail/left_child_next_sibling_heap_/debug_fn_imps.hpp
pynq-v3.0-binaries/gcc-mb/microblazeel-xilinx-elf/microblazeel-xilinx-elf/include/c++/9.2.0/ext/pb_ds/detail/left_child_next_sibling_heap_/policy_access_fn_imps.hpp
pynq-v3.0-binaries/gcc-mb/microblazeel-xilinx-elf/microblazeel-xilinx-elf/include/c++/9.2.0/ext/pb_ds/detail/left_child_next_sibling_heap_/info_fn_imps.hpp
pynq-v3.0-binaries/gcc-mb/microblazeel-xilinx-elf/microblazeel-xilinx-elf/include/c++/9.2.0/ext/pb_ds/detail/left_child_next_sibling_heap_/constructors_destructor_fn_imps.hpp
pynq-v3.0-binaries/gcc-mb/microblazeel-xilinx-elf/microblazeel-xilinx-elf/include/c++/9.2.0/ext/pb_ds/detail/left_child_next_sibling_heap_/trace_fn_imps.hpp
pynq-v3.0-binaries/gcc-mb/microblazeel-xilinx-elf/microblazeel-xilinx-elf/include/c++/9.2.0/ext/pb_ds/detail/left_child_next_sibling_heap_/point_const_iterator.hpp
pynq-v3.0-binaries/gcc-mb/microblazeel-xilinx-elf/microblazeel-xilinx-elf/include/c++/9.2.0/ext/pb_ds/detail/left_child_next_sibling_heap_/node.hpp
pynq-v3.0-binaries/gcc-mb/microblazeel-xilinx-elf/microblazeel-xilinx-elf/include/c++/9.2.0/ext/pb_ds/detail/left_child_next_sibling_heap_/insert_fn_imps.hpp
pynq-v3.0-binaries/gcc-mb/microblazeel-xilinx-elf/microblazeel-xilinx-elf/include/c++/9.2.0/ext/pb_ds/detail/left_child_next_sibling_heap_/iterators_fn_imps.hpp
pynq-v3.0-binaries/gcc-mb/microblazeel-xilinx-elf/microblazeel-xilinx-elf/include/c++/9.2.0/ext/pb_ds/detail/left_child_next_sibling_heap_/erase_fn_imps.hpp
pynq-v3.0-binaries/gcc-mb/microblazeel-xilinx-elf/microblazeel-xilinx-elf/include/c++/9.2.0/ext/pb_ds/detail/splay_tree_/
pynq-v3.0-binaries/gcc-mb/microblazeel-xilinx-elf/microblazeel-xilinx-elf/include/c++/9.2.0/ext/pb_ds/detail/splay_tree_/traits.hpp
pynq-v3.0-binaries/gcc-mb/microblazeel-xilinx-elf/microblazeel-xilinx-elf/include/c++/9.2.0/ext/pb_ds/detail/splay_tree_/debug_fn_imps.hpp
pynq-v3.0-binaries/gcc-mb/microblazeel-xilinx-elf/microblazeel-xilinx-elf/include/c++/9.2.0/ext/pb_ds/detail/splay_tree_/info_fn_imps.hpp
pynq-v3.0-binaries/gcc-mb/microblazeel-xilinx-elf/microblazeel-xilinx-elf/include/c++/9.2.0/ext/pb_ds/detail/splay_tree_/constructors_destructor_fn_imps.hpp
pynq-v3.0-binaries/gcc-mb/microblazeel-xilinx-elf/microblazeel-xilinx-elf/include/c++/9.2.0/ext/pb_ds/detail/splay_tree_/split_join_fn_imps.hpp
pynq-v3.0-binaries/gcc-mb/microblazeel-xilinx-elf/microblazeel-xilinx-elf/include/c++/9.2.0/ext/pb_ds/detail/splay_tree_/splay_tree_.hpp
pynq-v3.0-binaries/gcc-mb/microblazeel-xilinx-elf/microblazeel-xilinx-elf/include/c++/9.2.0/ext/pb_ds/detail/splay_tree_/node.hpp
pynq-v3.0-binaries/gcc-mb/microblazeel-xilinx-elf/microblazeel-xilinx-elf/include/c++/9.2.0/ext/pb_ds/detail/splay_tree_/insert_fn_imps.hpp
pynq-v3.0-binaries/gcc-mb/microblazeel-xilinx-elf/microblazeel-xilinx-elf/include/c++/9.2.0/ext/pb_ds/detail/splay_tree_/find_fn_imps.hpp
pynq-v3.0-binaries/gcc-mb/microblazeel-xilinx-elf/microblazeel-xilinx-elf/include/c++/9.2.0/ext/pb_ds/detail/splay_tree_/splay_fn_imps.hpp
pynq-v3.0-binaries/gcc-mb/microblazeel-xilinx-elf/microblazeel-xilinx-elf/include/c++/9.2.0/ext/pb_ds/detail/splay_tree_/erase_fn_imps.hpp
pynq-v3.0-binaries/gcc-mb/microblazeel-xilinx-elf/microblazeel-xilinx-elf/include/c++/9.2.0/ext/pb_ds/detail/branch_policy/
pynq-v3.0-binaries/gcc-mb/microblazeel-xilinx-elf/microblazeel-xilinx-elf/include/c++/9.2.0/ext/pb_ds/detail/branch_policy/traits.hpp
pynq-v3.0-binaries/gcc-mb/microblazeel-xilinx-elf/microblazeel-xilinx-elf/include/c++/9.2.0/ext/pb_ds/detail/branch_policy/null_node_metadata.hpp
pynq-v3.0-binaries/gcc-mb/microblazeel-xilinx-elf/microblazeel-xilinx-elf/include/c++/9.2.0/ext/pb_ds/detail/branch_policy/branch_policy.hpp
pynq-v3.0-binaries/gcc-mb/microblazeel-xilinx-elf/microblazeel-xilinx-elf/include/c++/9.2.0/ext/pb_ds/detail/standard_policies.hpp
pynq-v3.0-binaries/gcc-mb/microblazeel-xilinx-elf/microblazeel-xilinx-elf/include/c++/9.2.0/ext/pb_ds/detail/unordered_iterator/
pynq-v3.0-binaries/gcc-mb/microblazeel-xilinx-elf/microblazeel-xilinx-elf/include/c++/9.2.0/ext/pb_ds/detail/unordered_iterator/const_iterator.hpp
pynq-v3.0-binaries/gcc-mb/microblazeel-xilinx-elf/microblazeel-xilinx-elf/include/c++/9.2.0/ext/pb_ds/detail/unordered_iterator/point_iterator.hpp
pynq-v3.0-binaries/gcc-mb/microblazeel-xilinx-elf/microblazeel-xilinx-elf/include/c++/9.2.0/ext/pb_ds/detail/unordered_iterator/point_const_iterator.hpp
pynq-v3.0-binaries/gcc-mb/microblazeel-xilinx-elf/microblazeel-xilinx-elf/include/c++/9.2.0/ext/pb_ds/detail/unordered_iterator/iterator.hpp
pynq-v3.0-binaries/gcc-mb/microblazeel-xilinx-elf/microblazeel-xilinx-elf/include/c++/9.2.0/ext/pb_ds/detail/trie_policy/
pynq-v3.0-binaries/gcc-mb/microblazeel-xilinx-elf/microblazeel-xilinx-elf/include/c++/9.2.0/ext/pb_ds/detail/trie_policy/sample_trie_node_update.hpp
pynq-v3.0-binaries/gcc-mb/microblazeel-xilinx-elf/microblazeel-xilinx-elf/include/c++/9.2.0/ext/pb_ds/detail/trie_policy/prefix_search_node_update_imp.hpp
pynq-v3.0-binaries/gcc-mb/microblazeel-xilinx-elf/microblazeel-xilinx-elf/include/c++/9.2.0/ext/pb_ds/detail/trie_policy/sample_trie_access_traits.hpp
pynq-v3.0-binaries/gcc-mb/microblazeel-xilinx-elf/microblazeel-xilinx-elf/include/c++/9.2.0/ext/pb_ds/detail/trie_policy/trie_string_access_traits_imp.hpp
pynq-v3.0-binaries/gcc-mb/microblazeel-xilinx-elf/microblazeel-xilinx-elf/include/c++/9.2.0/ext/pb_ds/detail/trie_policy/order_statistics_imp.hpp
pynq-v3.0-binaries/gcc-mb/microblazeel-xilinx-elf/microblazeel-xilinx-elf/include/c++/9.2.0/ext/pb_ds/detail/trie_policy/node_metadata_selector.hpp
pynq-v3.0-binaries/gcc-mb/microblazeel-xilinx-elf/microblazeel-xilinx-elf/include/c++/9.2.0/ext/pb_ds/detail/trie_policy/trie_policy_base.hpp
pynq-v3.0-binaries/gcc-mb/microblazeel-xilinx-elf/microblazeel-xilinx-elf/include/c++/9.2.0/ext/pb_ds/detail/tree_policy/
pynq-v3.0-binaries/gcc-mb/microblazeel-xilinx-elf/microblazeel-xilinx-elf/include/c++/9.2.0/ext/pb_ds/detail/tree_policy/sample_tree_node_update.hpp
pynq-v3.0-binaries/gcc-mb/microblazeel-xilinx-elf/microblazeel-xilinx-elf/include/c++/9.2.0/ext/pb_ds/detail/tree_policy/order_statistics_imp.hpp
pynq-v3.0-binaries/gcc-mb/microblazeel-xilinx-elf/microblazeel-xilinx-elf/include/c++/9.2.0/ext/pb_ds/detail/tree_policy/node_metadata_selector.hpp
pynq-v3.0-binaries/gcc-mb/microblazeel-xilinx-elf/microblazeel-xilinx-elf/include/c++/9.2.0/ext/pb_ds/detail/tree_trace_base.hpp
pynq-v3.0-binaries/gcc-mb/microblazeel-xilinx-elf/microblazeel-xilinx-elf/include/c++/9.2.0/ext/pb_ds/detail/bin_search_tree_/
pynq-v3.0-binaries/gcc-mb/microblazeel-xilinx-elf/microblazeel-xilinx-elf/include/c++/9.2.0/ext/pb_ds/detail/bin_search_tree_/rotate_fn_imps.hpp
pynq-v3.0-binaries/gcc-mb/microblazeel-xilinx-elf/microblazeel-xilinx-elf/include/c++/9.2.0/ext/pb_ds/detail/bin_search_tree_/traits.hpp
pynq-v3.0-binaries/gcc-mb/microblazeel-xilinx-elf/microblazeel-xilinx-elf/include/c++/9.2.0/ext/pb_ds/detail/bin_search_tree_/debug_fn_imps.hpp
pynq-v3.0-binaries/gcc-mb/microblazeel-xilinx-elf/microblazeel-xilinx-elf/include/c++/9.2.0/ext/pb_ds/detail/bin_search_tree_/node_iterators.hpp
pynq-v3.0-binaries/gcc-mb/microblazeel-xilinx-elf/microblazeel-xilinx-elf/include/c++/9.2.0/ext/pb_ds/detail/bin_search_tree_/policy_access_fn_imps.hpp
pynq-v3.0-binaries/gcc-mb/microblazeel-xilinx-elf/microblazeel-xilinx-elf/include/c++/9.2.0/ext/pb_ds/detail/bin_search_tree_/info_fn_imps.hpp
pynq-v3.0-binaries/gcc-mb/microblazeel-xilinx-elf/microblazeel-xilinx-elf/include/c++/9.2.0/ext/pb_ds/detail/bin_search_tree_/constructors_destructor_fn_imps.hpp
pynq-v3.0-binaries/gcc-mb/microblazeel-xilinx-elf/microblazeel-xilinx-elf/include/c++/9.2.0/ext/pb_ds/detail/bin_search_tree_/split_join_fn_imps.hpp
pynq-v3.0-binaries/gcc-mb/microblazeel-xilinx-elf/microblazeel-xilinx-elf/include/c++/9.2.0/ext/pb_ds/detail/bin_search_tree_/point_iterators.hpp
pynq-v3.0-binaries/gcc-mb/microblazeel-xilinx-elf/microblazeel-xilinx-elf/include/c++/9.2.0/ext/pb_ds/detail/bin_search_tree_/bin_search_tree_.hpp
pynq-v3.0-binaries/gcc-mb/microblazeel-xilinx-elf/microblazeel-xilinx-elf/include/c++/9.2.0/ext/pb_ds/detail/bin_search_tree_/r_erase_fn_imps.hpp
pynq-v3.0-binaries/gcc-mb/microblazeel-xilinx-elf/microblazeel-xilinx-elf/include/c++/9.2.0/ext/pb_ds/detail/bin_search_tree_/insert_fn_imps.hpp
pynq-v3.0-binaries/gcc-mb/microblazeel-xilinx-elf/microblazeel-xilinx-elf/include/c++/9.2.0/ext/pb_ds/detail/bin_search_tree_/find_fn_imps.hpp
pynq-v3.0-binaries/gcc-mb/microblazeel-xilinx-elf/microblazeel-xilinx-elf/include/c++/9.2.0/ext/pb_ds/detail/bin_search_tree_/iterators_fn_imps.hpp
pynq-v3.0-binaries/gcc-mb/microblazeel-xilinx-elf/microblazeel-xilinx-elf/include/c++/9.2.0/ext/pb_ds/detail/bin_search_tree_/erase_fn_imps.hpp
pynq-v3.0-binaries/gcc-mb/microblazeel-xilinx-elf/microblazeel-xilinx-elf/include/c++/9.2.0/ext/pb_ds/detail/ov_tree_map_/
pynq-v3.0-binaries/gcc-mb/microblazeel-xilinx-elf/microblazeel-xilinx-elf/include/c++/9.2.0/ext/pb_ds/detail/ov_tree_map_/traits.hpp
pynq-v3.0-binaries/gcc-mb/microblazeel-xilinx-elf/microblazeel-xilinx-elf/include/c++/9.2.0/ext/pb_ds/detail/ov_tree_map_/debug_fn_imps.hpp
pynq-v3.0-binaries/gcc-mb/microblazeel-xilinx-elf/microblazeel-xilinx-elf/include/c++/9.2.0/ext/pb_ds/detail/ov_tree_map_/node_iterators.hpp
pynq-v3.0-binaries/gcc-mb/microblazeel-xilinx-elf/microblazeel-xilinx-elf/include/c++/9.2.0/ext/pb_ds/detail/ov_tree_map_/policy_access_fn_imps.hpp
pynq-v3.0-binaries/gcc-mb/microblazeel-xilinx-elf/microblazeel-xilinx-elf/include/c++/9.2.0/ext/pb_ds/detail/ov_tree_map_/info_fn_imps.hpp
pynq-v3.0-binaries/gcc-mb/microblazeel-xilinx-elf/microblazeel-xilinx-elf/include/c++/9.2.0/ext/pb_ds/detail/ov_tree_map_/constructors_destructor_fn_imps.hpp
pynq-v3.0-binaries/gcc-mb/microblazeel-xilinx-elf/microblazeel-xilinx-elf/include/c++/9.2.0/ext/pb_ds/detail/ov_tree_map_/ov_tree_map_.hpp
pynq-v3.0-binaries/gcc-mb/microblazeel-xilinx-elf/microblazeel-xilinx-elf/include/c++/9.2.0/ext/pb_ds/detail/ov_tree_map_/split_join_fn_imps.hpp
pynq-v3.0-binaries/gcc-mb/microblazeel-xilinx-elf/microblazeel-xilinx-elf/include/c++/9.2.0/ext/pb_ds/detail/ov_tree_map_/insert_fn_imps.hpp
pynq-v3.0-binaries/gcc-mb/microblazeel-xilinx-elf/microblazeel-xilinx-elf/include/c++/9.2.0/ext/pb_ds/detail/ov_tree_map_/iterators_fn_imps.hpp
pynq-v3.0-binaries/gcc-mb/microblazeel-xilinx-elf/microblazeel-xilinx-elf/include/c++/9.2.0/ext/pb_ds/detail/ov_tree_map_/erase_fn_imps.hpp
pynq-v3.0-binaries/gcc-mb/microblazeel-xilinx-elf/microblazeel-xilinx-elf/include/c++/9.2.0/ext/pb_ds/detail/rb_tree_map_/
pynq-v3.0-binaries/gcc-mb/microblazeel-xilinx-elf/microblazeel-xilinx-elf/include/c++/9.2.0/ext/pb_ds/detail/rb_tree_map_/traits.hpp
pynq-v3.0-binaries/gcc-mb/microblazeel-xilinx-elf/microblazeel-xilinx-elf/include/c++/9.2.0/ext/pb_ds/detail/rb_tree_map_/debug_fn_imps.hpp
pynq-v3.0-binaries/gcc-mb/microblazeel-xilinx-elf/microblazeel-xilinx-elf/include/c++/9.2.0/ext/pb_ds/detail/rb_tree_map_/info_fn_imps.hpp
pynq-v3.0-binaries/gcc-mb/microblazeel-xilinx-elf/microblazeel-xilinx-elf/include/c++/9.2.0/ext/pb_ds/detail/rb_tree_map_/constructors_destructor_fn_imps.hpp
pynq-v3.0-binaries/gcc-mb/microblazeel-xilinx-elf/microblazeel-xilinx-elf/include/c++/9.2.0/ext/pb_ds/detail/rb_tree_map_/split_join_fn_imps.hpp
pynq-v3.0-binaries/gcc-mb/microblazeel-xilinx-elf/microblazeel-xilinx-elf/include/c++/9.2.0/ext/pb_ds/detail/rb_tree_map_/node.hpp
pynq-v3.0-binaries/gcc-mb/microblazeel-xilinx-elf/microblazeel-xilinx-elf/include/c++/9.2.0/ext/pb_ds/detail/rb_tree_map_/insert_fn_imps.hpp
pynq-v3.0-binaries/gcc-mb/microblazeel-xilinx-elf/microblazeel-xilinx-elf/include/c++/9.2.0/ext/pb_ds/detail/rb_tree_map_/find_fn_imps.hpp
pynq-v3.0-binaries/gcc-mb/microblazeel-xilinx-elf/microblazeel-xilinx-elf/include/c++/9.2.0/ext/pb_ds/detail/rb_tree_map_/erase_fn_imps.hpp
pynq-v3.0-binaries/gcc-mb/microblazeel-xilinx-elf/microblazeel-xilinx-elf/include/c++/9.2.0/ext/pb_ds/detail/rb_tree_map_/rb_tree_.hpp
pynq-v3.0-binaries/gcc-mb/microblazeel-xilinx-elf/microblazeel-xilinx-elf/include/c++/9.2.0/ext/pb_ds/detail/type_utils.hpp
pynq-v3.0-binaries/gcc-mb/microblazeel-xilinx-elf/microblazeel-xilinx-elf/include/c++/9.2.0/ext/pb_ds/detail/rc_binomial_heap_/
pynq-v3.0-binaries/gcc-mb/microblazeel-xilinx-elf/microblazeel-xilinx-elf/include/c++/9.2.0/ext/pb_ds/detail/rc_binomial_heap_/rc_binomial_heap_.hpp
pynq-v3.0-binaries/gcc-mb/microblazeel-xilinx-elf/microblazeel-xilinx-elf/include/c++/9.2.0/ext/pb_ds/detail/rc_binomial_heap_/debug_fn_imps.hpp
pynq-v3.0-binaries/gcc-mb/microblazeel-xilinx-elf/microblazeel-xilinx-elf/include/c++/9.2.0/ext/pb_ds/detail/rc_binomial_heap_/constructors_destructor_fn_imps.hpp
pynq-v3.0-binaries/gcc-mb/microblazeel-xilinx-elf/microblazeel-xilinx-elf/include/c++/9.2.0/ext/pb_ds/detail/rc_binomial_heap_/split_join_fn_imps.hpp
pynq-v3.0-binaries/gcc-mb/microblazeel-xilinx-elf/microblazeel-xilinx-elf/include/c++/9.2.0/ext/pb_ds/detail/rc_binomial_heap_/trace_fn_imps.hpp
pynq-v3.0-binaries/gcc-mb/microblazeel-xilinx-elf/microblazeel-xilinx-elf/include/c++/9.2.0/ext/pb_ds/detail/rc_binomial_heap_/insert_fn_imps.hpp
pynq-v3.0-binaries/gcc-mb/microblazeel-xilinx-elf/microblazeel-xilinx-elf/include/c++/9.2.0/ext/pb_ds/detail/rc_binomial_heap_/rc.hpp
pynq-v3.0-binaries/gcc-mb/microblazeel-xilinx-elf/microblazeel-xilinx-elf/include/c++/9.2.0/ext/pb_ds/detail/rc_binomial_heap_/erase_fn_imps.hpp
pynq-v3.0-binaries/gcc-mb/microblazeel-xilinx-elf/microblazeel-xilinx-elf/include/c++/9.2.0/ext/pb_ds/detail/eq_fn/
pynq-v3.0-binaries/gcc-mb/microblazeel-xilinx-elf/microblazeel-xilinx-elf/include/c++/9.2.0/ext/pb_ds/detail/eq_fn/hash_eq_fn.hpp
pynq-v3.0-binaries/gcc-mb/microblazeel-xilinx-elf/microblazeel-xilinx-elf/include/c++/9.2.0/ext/pb_ds/detail/eq_fn/eq_by_less.hpp
pynq-v3.0-binaries/gcc-mb/microblazeel-xilinx-elf/microblazeel-xilinx-elf/include/c++/9.2.0/ext/pb_ds/detail/container_base_dispatch.hpp
pynq-v3.0-binaries/gcc-mb/microblazeel-xilinx-elf/microblazeel-xilinx-elf/include/c++/9.2.0/ext/atomicity.h
pynq-v3.0-binaries/gcc-mb/microblazeel-xilinx-elf/microblazeel-xilinx-elf/include/c++/9.2.0/ext/hash_set
pynq-v3.0-binaries/gcc-mb/microblazeel-xilinx-elf/microblazeel-xilinx-elf/include/c++/9.2.0/ext/random.tcc
pynq-v3.0-binaries/gcc-mb/microblazeel-xilinx-elf/microblazeel-xilinx-elf/include/c++/9.2.0/ext/hash_map
pynq-v3.0-binaries/gcc-mb/microblazeel-xilinx-elf/microblazeel-xilinx-elf/include/c++/9.2.0/ext/array_allocator.h
pynq-v3.0-binaries/gcc-mb/microblazeel-xilinx-elf/microblazeel-xilinx-elf/include/c++/9.2.0/ext/concurrence.h
pynq-v3.0-binaries/gcc-mb/microblazeel-xilinx-elf/microblazeel-xilinx-elf/include/c++/9.2.0/ext/malloc_allocator.h
pynq-v3.0-binaries/gcc-mb/microblazeel-xilinx-elf/microblazeel-xilinx-elf/include/c++/9.2.0/ext/alloc_traits.h
pynq-v3.0-binaries/gcc-mb/microblazeel-xilinx-elf/microblazeel-xilinx-elf/include/c++/9.2.0/ext/pool_allocator.h
pynq-v3.0-binaries/gcc-mb/microblazeel-xilinx-elf/microblazeel-xilinx-elf/include/c++/9.2.0/ext/rb_tree
pynq-v3.0-binaries/gcc-mb/microblazeel-xilinx-elf/microblazeel-xilinx-elf/include/c++/9.2.0/ext/throw_allocator.h
pynq-v3.0-binaries/gcc-mb/microblazeel-xilinx-elf/microblazeel-xilinx-elf/include/c++/9.2.0/ext/sso_string_base.h
pynq-v3.0-binaries/gcc-mb/microblazeel-xilinx-elf/microblazeel-xilinx-elf/include/c++/9.2.0/ext/aligned_buffer.h
pynq-v3.0-binaries/gcc-mb/microblazeel-xilinx-elf/microblazeel-xilinx-elf/include/c++/9.2.0/ext/enc_filebuf.h
pynq-v3.0-binaries/gcc-mb/microblazeel-xilinx-elf/microblazeel-xilinx-elf/include/c++/9.2.0/ext/vstring_util.h
pynq-v3.0-binaries/gcc-mb/microblazeel-xilinx-elf/microblazeel-xilinx-elf/include/c++/9.2.0/ext/cast.h
pynq-v3.0-binaries/gcc-mb/microblazeel-xilinx-elf/microblazeel-xilinx-elf/include/c++/9.2.0/ext/vstring_fwd.h
pynq-v3.0-binaries/gcc-mb/microblazeel-xilinx-elf/microblazeel-xilinx-elf/include/c++/9.2.0/ext/stdio_sync_filebuf.h
pynq-v3.0-binaries/gcc-mb/microblazeel-xilinx-elf/microblazeel-xilinx-elf/include/c++/9.2.0/ext/algorithm
pynq-v3.0-binaries/gcc-mb/microblazeel-xilinx-elf/microblazeel-xilinx-elf/include/c++/9.2.0/ext/debug_allocator.h
pynq-v3.0-binaries/gcc-mb/microblazeel-xilinx-elf/microblazeel-xilinx-elf/include/c++/9.2.0/ext/rc_string_base.h
pynq-v3.0-binaries/gcc-mb/microblazeel-xilinx-elf/microblazeel-xilinx-elf/include/c++/9.2.0/ext/typelist.h
pynq-v3.0-binaries/gcc-mb/microblazeel-xilinx-elf/microblazeel-xilinx-elf/include/c++/9.2.0/ext/slist
pynq-v3.0-binaries/gcc-mb/microblazeel-xilinx-elf/microblazeel-xilinx-elf/include/c++/9.2.0/ext/iterator
pynq-v3.0-binaries/gcc-mb/microblazeel-xilinx-elf/microblazeel-xilinx-elf/include/c++/9.2.0/ext/rope
pynq-v3.0-binaries/gcc-mb/microblazeel-xilinx-elf/microblazeel-xilinx-elf/include/c++/9.2.0/ext/pointer.h
pynq-v3.0-binaries/gcc-mb/microblazeel-xilinx-elf/microblazeel-xilinx-elf/include/c++/9.2.0/ext/type_traits.h
pynq-v3.0-binaries/gcc-mb/microblazeel-xilinx-elf/microblazeel-xilinx-elf/include/c++/9.2.0/cctype
pynq-v3.0-binaries/gcc-mb/microblazeel-xilinx-elf/microblazeel-xilinx-elf/include/c++/9.2.0/chrono
pynq-v3.0-binaries/gcc-mb/microblazeel-xilinx-elf/microblazeel-xilinx-elf/include/c++/9.2.0/ctime
pynq-v3.0-binaries/gcc-mb/microblazeel-xilinx-elf/microblazeel-xilinx-elf/include/c++/9.2.0/vector
pynq-v3.0-binaries/gcc-mb/microblazeel-xilinx-elf/microblazeel-xilinx-elf/include/c++/9.2.0/stdlib.h
pynq-v3.0-binaries/gcc-mb/microblazeel-xilinx-elf/microblazeel-xilinx-elf/include/c++/9.2.0/iomanip
pynq-v3.0-binaries/gcc-mb/microblazeel-xilinx-elf/microblazeel-xilinx-elf/include/c++/9.2.0/cstdint
pynq-v3.0-binaries/gcc-mb/microblazeel-xilinx-elf/microblazeel-xilinx-elf/include/c++/9.2.0/microblazeel-xilinx-elf/
pynq-v3.0-binaries/gcc-mb/microblazeel-xilinx-elf/microblazeel-xilinx-elf/include/c++/9.2.0/microblazeel-xilinx-elf/ext/
pynq-v3.0-binaries/gcc-mb/microblazeel-xilinx-elf/microblazeel-xilinx-elf/include/c++/9.2.0/microblazeel-xilinx-elf/ext/opt_random.h
pynq-v3.0-binaries/gcc-mb/microblazeel-xilinx-elf/microblazeel-xilinx-elf/include/c++/9.2.0/microblazeel-xilinx-elf/bits/
pynq-v3.0-binaries/gcc-mb/microblazeel-xilinx-elf/microblazeel-xilinx-elf/include/c++/9.2.0/microblazeel-xilinx-elf/bits/gthr-single.h
pynq-v3.0-binaries/gcc-mb/microblazeel-xilinx-elf/microblazeel-xilinx-elf/include/c++/9.2.0/microblazeel-xilinx-elf/bits/atomic_word.h
pynq-v3.0-binaries/gcc-mb/microblazeel-xilinx-elf/microblazeel-xilinx-elf/include/c++/9.2.0/microblazeel-xilinx-elf/bits/c++config.h
pynq-v3.0-binaries/gcc-mb/microblazeel-xilinx-elf/microblazeel-xilinx-elf/include/c++/9.2.0/microblazeel-xilinx-elf/bits/extc++.h
pynq-v3.0-binaries/gcc-mb/microblazeel-xilinx-elf/microblazeel-xilinx-elf/include/c++/9.2.0/microblazeel-xilinx-elf/bits/basic_file.h
pynq-v3.0-binaries/gcc-mb/microblazeel-xilinx-elf/microblazeel-xilinx-elf/include/c++/9.2.0/microblazeel-xilinx-elf/bits/gthr-default.h
pynq-v3.0-binaries/gcc-mb/microblazeel-xilinx-elf/microblazeel-xilinx-elf/include/c++/9.2.0/microblazeel-xilinx-elf/bits/gthr.h
pynq-v3.0-binaries/gcc-mb/microblazeel-xilinx-elf/microblazeel-xilinx-elf/include/c++/9.2.0/microblazeel-xilinx-elf/bits/gthr-posix.h
pynq-v3.0-binaries/gcc-mb/microblazeel-xilinx-elf/microblazeel-xilinx-elf/include/c++/9.2.0/microblazeel-xilinx-elf/bits/stdtr1c++.h
pynq-v3.0-binaries/gcc-mb/microblazeel-xilinx-elf/microblazeel-xilinx-elf/include/c++/9.2.0/microblazeel-xilinx-elf/bits/stdc++.h
pynq-v3.0-binaries/gcc-mb/microblazeel-xilinx-elf/microblazeel-xilinx-elf/include/c++/9.2.0/microblazeel-xilinx-elf/bits/c++allocator.h
pynq-v3.0-binaries/gcc-mb/microblazeel-xilinx-elf/microblazeel-xilinx-elf/include/c++/9.2.0/microblazeel-xilinx-elf/bits/messages_members.h
pynq-v3.0-binaries/gcc-mb/microblazeel-xilinx-elf/microblazeel-xilinx-elf/include/c++/9.2.0/microblazeel-xilinx-elf/bits/c++locale.h
pynq-v3.0-binaries/gcc-mb/microblazeel-xilinx-elf/microblazeel-xilinx-elf/include/c++/9.2.0/microblazeel-xilinx-elf/bits/os_defines.h
pynq-v3.0-binaries/gcc-mb/microblazeel-xilinx-elf/microblazeel-xilinx-elf/include/c++/9.2.0/microblazeel-xilinx-elf/bits/error_constants.h
pynq-v3.0-binaries/gcc-mb/microblazeel-xilinx-elf/microblazeel-xilinx-elf/include/c++/9.2.0/microblazeel-xilinx-elf/bits/time_members.h
pynq-v3.0-binaries/gcc-mb/microblazeel-xilinx-elf/microblazeel-xilinx-elf/include/c++/9.2.0/microblazeel-xilinx-elf/bits/c++io.h
pynq-v3.0-binaries/gcc-mb/microblazeel-xilinx-elf/microblazeel-xilinx-elf/include/c++/9.2.0/microblazeel-xilinx-elf/bits/opt_random.h
pynq-v3.0-binaries/gcc-mb/microblazeel-xilinx-elf/microblazeel-xilinx-elf/include/c++/9.2.0/microblazeel-xilinx-elf/bits/ctype_base.h
pynq-v3.0-binaries/gcc-mb/microblazeel-xilinx-elf/microblazeel-xilinx-elf/include/c++/9.2.0/microblazeel-xilinx-elf/bits/ctype_inline.h
pynq-v3.0-binaries/gcc-mb/microblazeel-xilinx-elf/microblazeel-xilinx-elf/include/c++/9.2.0/microblazeel-xilinx-elf/bits/cpu_defines.h
pynq-v3.0-binaries/gcc-mb/microblazeel-xilinx-elf/microblazeel-xilinx-elf/include/c++/9.2.0/microblazeel-xilinx-elf/bits/cxxabi_tweaks.h
pynq-v3.0-binaries/gcc-mb/microblazeel-xilinx-elf/microblazeel-xilinx-elf/include/c++/9.2.0/future
pynq-v3.0-binaries/gcc-mb/microblazeel-xilinx-elf/microblazeel-xilinx-elf/include/c++/9.2.0/locale
pynq-v3.0-binaries/gcc-mb/microblazeel-xilinx-elf/microblazeel-xilinx-elf/include/c++/9.2.0/string
pynq-v3.0-binaries/gcc-mb/microblazeel-xilinx-elf/microblazeel-xilinx-elf/include/c++/9.2.0/random
pynq-v3.0-binaries/gcc-mb/microblazeel-xilinx-elf/microblazeel-xilinx-elf/include/c++/9.2.0/condition_variable
pynq-v3.0-binaries/gcc-mb/microblazeel-xilinx-elf/microblazeel-xilinx-elf/include/c++/9.2.0/cstddef
pynq-v3.0-binaries/gcc-mb/microblazeel-xilinx-elf/microblazeel-xilinx-elf/include/c++/9.2.0/memory
pynq-v3.0-binaries/gcc-mb/microblazeel-xilinx-elf/microblazeel-xilinx-elf/include/c++/9.2.0/functional
pynq-v3.0-binaries/gcc-mb/microblazeel-xilinx-elf/microblazeel-xilinx-elf/include/c++/9.2.0/cwctype
pynq-v3.0-binaries/gcc-mb/microblazeel-xilinx-elf/microblazeel-xilinx-elf/include/c++/9.2.0/streambuf
pynq-v3.0-binaries/gcc-mb/microblazeel-xilinx-elf/microblazeel-xilinx-elf/include/c++/9.2.0/cstring
pynq-v3.0-binaries/gcc-mb/microblazeel-xilinx-elf/microblazeel-xilinx-elf/include/c++/9.2.0/cassert
pynq-v3.0-binaries/gcc-mb/microblazeel-xilinx-elf/microblazeel-xilinx-elf/include/c++/9.2.0/numeric
pynq-v3.0-binaries/gcc-mb/microblazeel-xilinx-elf/microblazeel-xilinx-elf/include/c++/9.2.0/typeindex
pynq-v3.0-binaries/gcc-mb/microblazeel-xilinx-elf/microblazeel-xilinx-elf/include/c++/9.2.0/cmath
pynq-v3.0-binaries/gcc-mb/microblazeel-xilinx-elf/microblazeel-xilinx-elf/include/c++/9.2.0/unordered_map
pynq-v3.0-binaries/gcc-mb/microblazeel-xilinx-elf/microblazeel-xilinx-elf/include/c++/9.2.0/stack
pynq-v3.0-binaries/gcc-mb/microblazeel-xilinx-elf/microblazeel-xilinx-elf/include/c++/9.2.0/tgmath.h
pynq-v3.0-binaries/gcc-mb/microblazeel-xilinx-elf/microblazeel-xilinx-elf/include/c++/9.2.0/cfloat
pynq-v3.0-binaries/gcc-mb/microblazeel-xilinx-elf/microblazeel-xilinx-elf/include/c++/9.2.0/bit
pynq-v3.0-binaries/gcc-mb/microblazeel-xilinx-elf/microblazeel-xilinx-elf/include/c++/9.2.0/array
pynq-v3.0-binaries/gcc-mb/microblazeel-xilinx-elf/microblazeel-xilinx-elf/include/c++/9.2.0/utility
pynq-v3.0-binaries/gcc-mb/microblazeel-xilinx-elf/microblazeel-xilinx-elf/include/c++/9.2.0/scoped_allocator
pynq-v3.0-binaries/gcc-mb/microblazeel-xilinx-elf/microblazeel-xilinx-elf/include/c++/9.2.0/tr1/
pynq-v3.0-binaries/gcc-mb/microblazeel-xilinx-elf/microblazeel-xilinx-elf/include/c++/9.2.0/tr1/cctype
pynq-v3.0-binaries/gcc-mb/microblazeel-xilinx-elf/microblazeel-xilinx-elf/include/c++/9.2.0/tr1/ctime
pynq-v3.0-binaries/gcc-mb/microblazeel-xilinx-elf/microblazeel-xilinx-elf/include/c++/9.2.0/tr1/wctype.h
pynq-v3.0-binaries/gcc-mb/microblazeel-xilinx-elf/microblazeel-xilinx-elf/include/c++/9.2.0/tr1/stdlib.h
pynq-v3.0-binaries/gcc-mb/microblazeel-xilinx-elf/microblazeel-xilinx-elf/include/c++/9.2.0/tr1/cstdint
pynq-v3.0-binaries/gcc-mb/microblazeel-xilinx-elf/microblazeel-xilinx-elf/include/c++/9.2.0/tr1/random
pynq-v3.0-binaries/gcc-mb/microblazeel-xilinx-elf/microblazeel-xilinx-elf/include/c++/9.2.0/tr1/legendre_function.tcc
pynq-v3.0-binaries/gcc-mb/microblazeel-xilinx-elf/microblazeel-xilinx-elf/include/c++/9.2.0/tr1/memory
pynq-v3.0-binaries/gcc-mb/microblazeel-xilinx-elf/microblazeel-xilinx-elf/include/c++/9.2.0/tr1/functional
pynq-v3.0-binaries/gcc-mb/microblazeel-xilinx-elf/microblazeel-xilinx-elf/include/c++/9.2.0/tr1/cwctype
pynq-v3.0-binaries/gcc-mb/microblazeel-xilinx-elf/microblazeel-xilinx-elf/include/c++/9.2.0/tr1/exp_integral.tcc
pynq-v3.0-binaries/gcc-mb/microblazeel-xilinx-elf/microblazeel-xilinx-elf/include/c++/9.2.0/tr1/hypergeometric.tcc
pynq-v3.0-binaries/gcc-mb/microblazeel-xilinx-elf/microblazeel-xilinx-elf/include/c++/9.2.0/tr1/cmath
pynq-v3.0-binaries/gcc-mb/microblazeel-xilinx-elf/microblazeel-xilinx-elf/include/c++/9.2.0/tr1/unordered_map
pynq-v3.0-binaries/gcc-mb/microblazeel-xilinx-elf/microblazeel-xilinx-elf/include/c++/9.2.0/tr1/beta_function.tcc
pynq-v3.0-binaries/gcc-mb/microblazeel-xilinx-elf/microblazeel-xilinx-elf/include/c++/9.2.0/tr1/unordered_set.h
pynq-v3.0-binaries/gcc-mb/microblazeel-xilinx-elf/microblazeel-xilinx-elf/include/c++/9.2.0/tr1/poly_laguerre.tcc
pynq-v3.0-binaries/gcc-mb/microblazeel-xilinx-elf/microblazeel-xilinx-elf/include/c++/9.2.0/tr1/float.h
pynq-v3.0-binaries/gcc-mb/microblazeel-xilinx-elf/microblazeel-xilinx-elf/include/c++/9.2.0/tr1/tgmath.h
pynq-v3.0-binaries/gcc-mb/microblazeel-xilinx-elf/microblazeel-xilinx-elf/include/c++/9.2.0/tr1/cfloat
pynq-v3.0-binaries/gcc-mb/microblazeel-xilinx-elf/microblazeel-xilinx-elf/include/c++/9.2.0/tr1/gamma.tcc
pynq-v3.0-binaries/gcc-mb/microblazeel-xilinx-elf/microblazeel-xilinx-elf/include/c++/9.2.0/tr1/array
pynq-v3.0-binaries/gcc-mb/microblazeel-xilinx-elf/microblazeel-xilinx-elf/include/c++/9.2.0/tr1/limits.h
pynq-v3.0-binaries/gcc-mb/microblazeel-xilinx-elf/microblazeel-xilinx-elf/include/c++/9.2.0/tr1/utility
pynq-v3.0-binaries/gcc-mb/microblazeel-xilinx-elf/microblazeel-xilinx-elf/include/c++/9.2.0/tr1/random.h
pynq-v3.0-binaries/gcc-mb/microblazeel-xilinx-elf/microblazeel-xilinx-elf/include/c++/9.2.0/tr1/type_traits
pynq-v3.0-binaries/gcc-mb/microblazeel-xilinx-elf/microblazeel-xilinx-elf/include/c++/9.2.0/tr1/complex.h
pynq-v3.0-binaries/gcc-mb/microblazeel-xilinx-elf/microblazeel-xilinx-elf/include/c++/9.2.0/tr1/ctgmath
pynq-v3.0-binaries/gcc-mb/microblazeel-xilinx-elf/microblazeel-xilinx-elf/include/c++/9.2.0/tr1/cstdio
pynq-v3.0-binaries/gcc-mb/microblazeel-xilinx-elf/microblazeel-xilinx-elf/include/c++/9.2.0/tr1/hashtable.h
pynq-v3.0-binaries/gcc-mb/microblazeel-xilinx-elf/microblazeel-xilinx-elf/include/c++/9.2.0/tr1/wchar.h
pynq-v3.0-binaries/gcc-mb/microblazeel-xilinx-elf/microblazeel-xilinx-elf/include/c++/9.2.0/tr1/unordered_set
pynq-v3.0-binaries/gcc-mb/microblazeel-xilinx-elf/microblazeel-xilinx-elf/include/c++/9.2.0/tr1/random.tcc
pynq-v3.0-binaries/gcc-mb/microblazeel-xilinx-elf/microblazeel-xilinx-elf/include/c++/9.2.0/tr1/climits
pynq-v3.0-binaries/gcc-mb/microblazeel-xilinx-elf/microblazeel-xilinx-elf/include/c++/9.2.0/tr1/ell_integral.tcc
pynq-v3.0-binaries/gcc-mb/microblazeel-xilinx-elf/microblazeel-xilinx-elf/include/c++/9.2.0/tr1/cstdlib
pynq-v3.0-binaries/gcc-mb/microblazeel-xilinx-elf/microblazeel-xilinx-elf/include/c++/9.2.0/tr1/cstdarg
pynq-v3.0-binaries/gcc-mb/microblazeel-xilinx-elf/microblazeel-xilinx-elf/include/c++/9.2.0/tr1/cwchar
pynq-v3.0-binaries/gcc-mb/microblazeel-xilinx-elf/microblazeel-xilinx-elf/include/c++/9.2.0/tr1/math.h
pynq-v3.0-binaries/gcc-mb/microblazeel-xilinx-elf/microblazeel-xilinx-elf/include/c++/9.2.0/tr1/cinttypes
pynq-v3.0-binaries/gcc-mb/microblazeel-xilinx-elf/microblazeel-xilinx-elf/include/c++/9.2.0/tr1/hashtable_policy.h
pynq-v3.0-binaries/gcc-mb/microblazeel-xilinx-elf/microblazeel-xilinx-elf/include/c++/9.2.0/tr1/ctype.h
pynq-v3.0-binaries/gcc-mb/microblazeel-xilinx-elf/microblazeel-xilinx-elf/include/c++/9.2.0/tr1/stdbool.h
pynq-v3.0-binaries/gcc-mb/microblazeel-xilinx-elf/microblazeel-xilinx-elf/include/c++/9.2.0/tr1/poly_hermite.tcc
pynq-v3.0-binaries/gcc-mb/microblazeel-xilinx-elf/microblazeel-xilinx-elf/include/c++/9.2.0/tr1/special_function_util.h
pynq-v3.0-binaries/gcc-mb/microblazeel-xilinx-elf/microblazeel-xilinx-elf/include/c++/9.2.0/tr1/tuple
pynq-v3.0-binaries/gcc-mb/microblazeel-xilinx-elf/microblazeel-xilinx-elf/include/c++/9.2.0/tr1/ccomplex
pynq-v3.0-binaries/gcc-mb/microblazeel-xilinx-elf/microblazeel-xilinx-elf/include/c++/9.2.0/tr1/stdarg.h
pynq-v3.0-binaries/gcc-mb/microblazeel-xilinx-elf/microblazeel-xilinx-elf/include/c++/9.2.0/tr1/bessel_function.tcc
pynq-v3.0-binaries/gcc-mb/microblazeel-xilinx-elf/microblazeel-xilinx-elf/include/c++/9.2.0/tr1/functional_hash.h
pynq-v3.0-binaries/gcc-mb/microblazeel-xilinx-elf/microblazeel-xilinx-elf/include/c++/9.2.0/tr1/fenv.h
pynq-v3.0-binaries/gcc-mb/microblazeel-xilinx-elf/microblazeel-xilinx-elf/include/c++/9.2.0/tr1/unordered_map.h
pynq-v3.0-binaries/gcc-mb/microblazeel-xilinx-elf/microblazeel-xilinx-elf/include/c++/9.2.0/tr1/shared_ptr.h
pynq-v3.0-binaries/gcc-mb/microblazeel-xilinx-elf/microblazeel-xilinx-elf/include/c++/9.2.0/tr1/modified_bessel_func.tcc
pynq-v3.0-binaries/gcc-mb/microblazeel-xilinx-elf/microblazeel-xilinx-elf/include/c++/9.2.0/tr1/cfenv
pynq-v3.0-binaries/gcc-mb/microblazeel-xilinx-elf/microblazeel-xilinx-elf/include/c++/9.2.0/tr1/riemann_zeta.tcc
pynq-v3.0-binaries/gcc-mb/microblazeel-xilinx-elf/microblazeel-xilinx-elf/include/c++/9.2.0/tr1/stdint.h
pynq-v3.0-binaries/gcc-mb/microblazeel-xilinx-elf/microblazeel-xilinx-elf/include/c++/9.2.0/tr1/cstdbool
pynq-v3.0-binaries/gcc-mb/microblazeel-xilinx-elf/microblazeel-xilinx-elf/include/c++/9.2.0/tr1/complex
pynq-v3.0-binaries/gcc-mb/microblazeel-xilinx-elf/microblazeel-xilinx-elf/include/c++/9.2.0/tr1/stdio.h
pynq-v3.0-binaries/gcc-mb/microblazeel-xilinx-elf/microblazeel-xilinx-elf/include/c++/9.2.0/tr1/inttypes.h
pynq-v3.0-binaries/gcc-mb/microblazeel-xilinx-elf/microblazeel-xilinx-elf/include/c++/9.2.0/tr1/regex
pynq-v3.0-binaries/gcc-mb/microblazeel-xilinx-elf/microblazeel-xilinx-elf/include/c++/9.2.0/type_traits
pynq-v3.0-binaries/gcc-mb/microblazeel-xilinx-elf/microblazeel-xilinx-elf/include/c++/9.2.0/atomic
pynq-v3.0-binaries/gcc-mb/microblazeel-xilinx-elf/microblazeel-xilinx-elf/include/c++/9.2.0/codecvt
pynq-v3.0-binaries/gcc-mb/microblazeel-xilinx-elf/microblazeel-xilinx-elf/include/c++/9.2.0/experimental/
pynq-v3.0-binaries/gcc-mb/microblazeel-xilinx-elf/microblazeel-xilinx-elf/include/c++/9.2.0/experimental/chrono
pynq-v3.0-binaries/gcc-mb/microblazeel-xilinx-elf/microblazeel-xilinx-elf/include/c++/9.2.0/experimental/vector
pynq-v3.0-binaries/gcc-mb/microblazeel-xilinx-elf/microblazeel-xilinx-elf/include/c++/9.2.0/experimental/net
pynq-v3.0-binaries/gcc-mb/microblazeel-xilinx-elf/microblazeel-xilinx-elf/include/c++/9.2.0/experimental/propagate_const
pynq-v3.0-binaries/gcc-mb/microblazeel-xilinx-elf/microblazeel-xilinx-elf/include/c++/9.2.0/experimental/source_location
pynq-v3.0-binaries/gcc-mb/microblazeel-xilinx-elf/microblazeel-xilinx-elf/include/c++/9.2.0/experimental/string
pynq-v3.0-binaries/gcc-mb/microblazeel-xilinx-elf/microblazeel-xilinx-elf/include/c++/9.2.0/experimental/executor
pynq-v3.0-binaries/gcc-mb/microblazeel-xilinx-elf/microblazeel-xilinx-elf/include/c++/9.2.0/experimental/random
pynq-v3.0-binaries/gcc-mb/microblazeel-xilinx-elf/microblazeel-xilinx-elf/include/c++/9.2.0/experimental/memory
pynq-v3.0-binaries/gcc-mb/microblazeel-xilinx-elf/microblazeel-xilinx-elf/include/c++/9.2.0/experimental/functional
pynq-v3.0-binaries/gcc-mb/microblazeel-xilinx-elf/microblazeel-xilinx-elf/include/c++/9.2.0/experimental/numeric
pynq-v3.0-binaries/gcc-mb/microblazeel-xilinx-elf/microblazeel-xilinx-elf/include/c++/9.2.0/experimental/unordered_map
pynq-v3.0-binaries/gcc-mb/microblazeel-xilinx-elf/microblazeel-xilinx-elf/include/c++/9.2.0/experimental/io_context
pynq-v3.0-binaries/gcc-mb/microblazeel-xilinx-elf/microblazeel-xilinx-elf/include/c++/9.2.0/experimental/array
pynq-v3.0-binaries/gcc-mb/microblazeel-xilinx-elf/microblazeel-xilinx-elf/include/c++/9.2.0/experimental/utility
pynq-v3.0-binaries/gcc-mb/microblazeel-xilinx-elf/microblazeel-xilinx-elf/include/c++/9.2.0/experimental/type_traits
pynq-v3.0-binaries/gcc-mb/microblazeel-xilinx-elf/microblazeel-xilinx-elf/include/c++/9.2.0/experimental/forward_list
pynq-v3.0-binaries/gcc-mb/microblazeel-xilinx-elf/microblazeel-xilinx-elf/include/c++/9.2.0/experimental/set
pynq-v3.0-binaries/gcc-mb/microblazeel-xilinx-elf/microblazeel-xilinx-elf/include/c++/9.2.0/experimental/unordered_set
pynq-v3.0-binaries/gcc-mb/microblazeel-xilinx-elf/microblazeel-xilinx-elf/include/c++/9.2.0/experimental/memory_resource
pynq-v3.0-binaries/gcc-mb/microblazeel-xilinx-elf/microblazeel-xilinx-elf/include/c++/9.2.0/experimental/timer
pynq-v3.0-binaries/gcc-mb/microblazeel-xilinx-elf/microblazeel-xilinx-elf/include/c++/9.2.0/experimental/deque
pynq-v3.0-binaries/gcc-mb/microblazeel-xilinx-elf/microblazeel-xilinx-elf/include/c++/9.2.0/experimental/tuple
pynq-v3.0-binaries/gcc-mb/microblazeel-xilinx-elf/microblazeel-xilinx-elf/include/c++/9.2.0/experimental/socket
pynq-v3.0-binaries/gcc-mb/microblazeel-xilinx-elf/microblazeel-xilinx-elf/include/c++/9.2.0/experimental/any
pynq-v3.0-binaries/gcc-mb/microblazeel-xilinx-elf/microblazeel-xilinx-elf/include/c++/9.2.0/experimental/system_error
pynq-v3.0-binaries/gcc-mb/microblazeel-xilinx-elf/microblazeel-xilinx-elf/include/c++/9.2.0/experimental/map
pynq-v3.0-binaries/gcc-mb/microblazeel-xilinx-elf/microblazeel-xilinx-elf/include/c++/9.2.0/experimental/ratio
pynq-v3.0-binaries/gcc-mb/microblazeel-xilinx-elf/microblazeel-xilinx-elf/include/c++/9.2.0/experimental/optional
pynq-v3.0-binaries/gcc-mb/microblazeel-xilinx-elf/microblazeel-xilinx-elf/include/c++/9.2.0/experimental/algorithm
pynq-v3.0-binaries/gcc-mb/microblazeel-xilinx-elf/microblazeel-xilinx-elf/include/c++/9.2.0/experimental/list
pynq-v3.0-binaries/gcc-mb/microblazeel-xilinx-elf/microblazeel-xilinx-elf/include/c++/9.2.0/experimental/bits/
pynq-v3.0-binaries/gcc-mb/microblazeel-xilinx-elf/microblazeel-xilinx-elf/include/c++/9.2.0/experimental/bits/lfts_config.h
pynq-v3.0-binaries/gcc-mb/microblazeel-xilinx-elf/microblazeel-xilinx-elf/include/c++/9.2.0/experimental/bits/shared_ptr.h
pynq-v3.0-binaries/gcc-mb/microblazeel-xilinx-elf/microblazeel-xilinx-elf/include/c++/9.2.0/experimental/bits/string_view.tcc
pynq-v3.0-binaries/gcc-mb/microblazeel-xilinx-elf/microblazeel-xilinx-elf/include/c++/9.2.0/experimental/bits/net.h
pynq-v3.0-binaries/gcc-mb/microblazeel-xilinx-elf/microblazeel-xilinx-elf/include/c++/9.2.0/experimental/internet
pynq-v3.0-binaries/gcc-mb/microblazeel-xilinx-elf/microblazeel-xilinx-elf/include/c++/9.2.0/experimental/buffer
pynq-v3.0-binaries/gcc-mb/microblazeel-xilinx-elf/microblazeel-xilinx-elf/include/c++/9.2.0/experimental/iterator
pynq-v3.0-binaries/gcc-mb/microblazeel-xilinx-elf/microblazeel-xilinx-elf/include/c++/9.2.0/experimental/string_view
pynq-v3.0-binaries/gcc-mb/microblazeel-xilinx-elf/microblazeel-xilinx-elf/include/c++/9.2.0/experimental/regex
pynq-v3.0-binaries/gcc-mb/microblazeel-xilinx-elf/microblazeel-xilinx-elf/include/c++/9.2.0/experimental/netfwd
pynq-v3.0-binaries/gcc-mb/microblazeel-xilinx-elf/microblazeel-xilinx-elf/include/c++/9.2.0/version
pynq-v3.0-binaries/gcc-mb/microblazeel-xilinx-elf/microblazeel-xilinx-elf/include/c++/9.2.0/forward_list
pynq-v3.0-binaries/gcc-mb/microblazeel-xilinx-elf/microblazeel-xilinx-elf/include/c++/9.2.0/thread
pynq-v3.0-binaries/gcc-mb/microblazeel-xilinx-elf/microblazeel-xilinx-elf/include/c++/9.2.0/complex.h
pynq-v3.0-binaries/gcc-mb/microblazeel-xilinx-elf/microblazeel-xilinx-elf/include/c++/9.2.0/csetjmp
pynq-v3.0-binaries/gcc-mb/microblazeel-xilinx-elf/microblazeel-xilinx-elf/include/c++/9.2.0/ctgmath
pynq-v3.0-binaries/gcc-mb/microblazeel-xilinx-elf/microblazeel-xilinx-elf/include/c++/9.2.0/stdexcept
pynq-v3.0-binaries/gcc-mb/microblazeel-xilinx-elf/microblazeel-xilinx-elf/include/c++/9.2.0/cstdio
pynq-v3.0-binaries/gcc-mb/microblazeel-xilinx-elf/microblazeel-xilinx-elf/include/c++/9.2.0/set
pynq-v3.0-binaries/gcc-mb/microblazeel-xilinx-elf/microblazeel-xilinx-elf/include/c++/9.2.0/mutex
pynq-v3.0-binaries/gcc-mb/microblazeel-xilinx-elf/microblazeel-xilinx-elf/include/c++/9.2.0/iostream
pynq-v3.0-binaries/gcc-mb/microblazeel-xilinx-elf/microblazeel-xilinx-elf/include/c++/9.2.0/filesystem
pynq-v3.0-binaries/gcc-mb/microblazeel-xilinx-elf/microblazeel-xilinx-elf/include/c++/9.2.0/cxxabi.h
pynq-v3.0-binaries/gcc-mb/microblazeel-xilinx-elf/microblazeel-xilinx-elf/include/c++/9.2.0/charconv
pynq-v3.0-binaries/gcc-mb/microblazeel-xilinx-elf/microblazeel-xilinx-elf/include/c++/9.2.0/exception
pynq-v3.0-binaries/gcc-mb/microblazeel-xilinx-elf/microblazeel-xilinx-elf/include/c++/9.2.0/unordered_set
pynq-v3.0-binaries/gcc-mb/microblazeel-xilinx-elf/microblazeel-xilinx-elf/include/c++/9.2.0/new
pynq-v3.0-binaries/gcc-mb/microblazeel-xilinx-elf/microblazeel-xilinx-elf/include/c++/9.2.0/ostream
pynq-v3.0-binaries/gcc-mb/microblazeel-xilinx-elf/microblazeel-xilinx-elf/include/c++/9.2.0/variant
pynq-v3.0-binaries/gcc-mb/microblazeel-xilinx-elf/microblazeel-xilinx-elf/include/c++/9.2.0/memory_resource
pynq-v3.0-binaries/gcc-mb/microblazeel-xilinx-elf/microblazeel-xilinx-elf/include/c++/9.2.0/climits
pynq-v3.0-binaries/gcc-mb/microblazeel-xilinx-elf/microblazeel-xilinx-elf/include/c++/9.2.0/cstdlib
pynq-v3.0-binaries/gcc-mb/microblazeel-xilinx-elf/microblazeel-xilinx-elf/include/c++/9.2.0/cstdarg
pynq-v3.0-binaries/gcc-mb/microblazeel-xilinx-elf/microblazeel-xilinx-elf/include/c++/9.2.0/iosfwd
pynq-v3.0-binaries/gcc-mb/microblazeel-xilinx-elf/microblazeel-xilinx-elf/include/c++/9.2.0/cwchar
pynq-v3.0-binaries/gcc-mb/microblazeel-xilinx-elf/microblazeel-xilinx-elf/include/c++/9.2.0/math.h
pynq-v3.0-binaries/gcc-mb/microblazeel-xilinx-elf/microblazeel-xilinx-elf/include/c++/9.2.0/cerrno
pynq-v3.0-binaries/gcc-mb/microblazeel-xilinx-elf/microblazeel-xilinx-elf/include/c++/9.2.0/cinttypes
pynq-v3.0-binaries/gcc-mb/microblazeel-xilinx-elf/microblazeel-xilinx-elf/include/c++/9.2.0/deque
pynq-v3.0-binaries/gcc-mb/microblazeel-xilinx-elf/microblazeel-xilinx-elf/include/c++/9.2.0/profile/
pynq-v3.0-binaries/gcc-mb/microblazeel-xilinx-elf/microblazeel-xilinx-elf/include/c++/9.2.0/profile/vector
pynq-v3.0-binaries/gcc-mb/microblazeel-xilinx-elf/microblazeel-xilinx-elf/include/c++/9.2.0/profile/unordered_base.h
pynq-v3.0-binaries/gcc-mb/microblazeel-xilinx-elf/microblazeel-xilinx-elf/include/c++/9.2.0/profile/multimap.h
pynq-v3.0-binaries/gcc-mb/microblazeel-xilinx-elf/microblazeel-xilinx-elf/include/c++/9.2.0/profile/ordered_base.h
pynq-v3.0-binaries/gcc-mb/microblazeel-xilinx-elf/microblazeel-xilinx-elf/include/c++/9.2.0/profile/unordered_map
pynq-v3.0-binaries/gcc-mb/microblazeel-xilinx-elf/microblazeel-xilinx-elf/include/c++/9.2.0/profile/array
pynq-v3.0-binaries/gcc-mb/microblazeel-xilinx-elf/microblazeel-xilinx-elf/include/c++/9.2.0/profile/forward_list
pynq-v3.0-binaries/gcc-mb/microblazeel-xilinx-elf/microblazeel-xilinx-elf/include/c++/9.2.0/profile/set
pynq-v3.0-binaries/gcc-mb/microblazeel-xilinx-elf/microblazeel-xilinx-elf/include/c++/9.2.0/profile/unordered_set
pynq-v3.0-binaries/gcc-mb/microblazeel-xilinx-elf/microblazeel-xilinx-elf/include/c++/9.2.0/profile/impl/
pynq-v3.0-binaries/gcc-mb/microblazeel-xilinx-elf/microblazeel-xilinx-elf/include/c++/9.2.0/profile/impl/profiler_algos.h
pynq-v3.0-binaries/gcc-mb/microblazeel-xilinx-elf/microblazeel-xilinx-elf/include/c++/9.2.0/profile/impl/profiler_vector_to_list.h
pynq-v3.0-binaries/gcc-mb/microblazeel-xilinx-elf/microblazeel-xilinx-elf/include/c++/9.2.0/profile/impl/profiler_list_to_vector.h
pynq-v3.0-binaries/gcc-mb/microblazeel-xilinx-elf/microblazeel-xilinx-elf/include/c++/9.2.0/profile/impl/profiler_vector_size.h
pynq-v3.0-binaries/gcc-mb/microblazeel-xilinx-elf/microblazeel-xilinx-elf/include/c++/9.2.0/profile/impl/profiler_map_to_unordered_map.h
pynq-v3.0-binaries/gcc-mb/microblazeel-xilinx-elf/microblazeel-xilinx-elf/include/c++/9.2.0/profile/impl/profiler_state.h
pynq-v3.0-binaries/gcc-mb/microblazeel-xilinx-elf/microblazeel-xilinx-elf/include/c++/9.2.0/profile/impl/profiler.h
pynq-v3.0-binaries/gcc-mb/microblazeel-xilinx-elf/microblazeel-xilinx-elf/include/c++/9.2.0/profile/impl/profiler_list_to_slist.h
pynq-v3.0-binaries/gcc-mb/microblazeel-xilinx-elf/microblazeel-xilinx-elf/include/c++/9.2.0/profile/impl/profiler_container_size.h
pynq-v3.0-binaries/gcc-mb/microblazeel-xilinx-elf/microblazeel-xilinx-elf/include/c++/9.2.0/profile/impl/profiler_node.h
pynq-v3.0-binaries/gcc-mb/microblazeel-xilinx-elf/microblazeel-xilinx-elf/include/c++/9.2.0/profile/impl/profiler_hash_func.h
pynq-v3.0-binaries/gcc-mb/microblazeel-xilinx-elf/microblazeel-xilinx-elf/include/c++/9.2.0/profile/impl/profiler_hashtable_size.h
pynq-v3.0-binaries/gcc-mb/microblazeel-xilinx-elf/microblazeel-xilinx-elf/include/c++/9.2.0/profile/impl/profiler_trace.h
pynq-v3.0-binaries/gcc-mb/microblazeel-xilinx-elf/microblazeel-xilinx-elf/include/c++/9.2.0/profile/deque
pynq-v3.0-binaries/gcc-mb/microblazeel-xilinx-elf/microblazeel-xilinx-elf/include/c++/9.2.0/profile/base.h
pynq-v3.0-binaries/gcc-mb/microblazeel-xilinx-elf/microblazeel-xilinx-elf/include/c++/9.2.0/profile/map.h
pynq-v3.0-binaries/gcc-mb/microblazeel-xilinx-elf/microblazeel-xilinx-elf/include/c++/9.2.0/profile/set.h
pynq-v3.0-binaries/gcc-mb/microblazeel-xilinx-elf/microblazeel-xilinx-elf/include/c++/9.2.0/profile/bitset
pynq-v3.0-binaries/gcc-mb/microblazeel-xilinx-elf/microblazeel-xilinx-elf/include/c++/9.2.0/profile/map
pynq-v3.0-binaries/gcc-mb/microblazeel-xilinx-elf/microblazeel-xilinx-elf/include/c++/9.2.0/profile/multiset.h
pynq-v3.0-binaries/gcc-mb/microblazeel-xilinx-elf/microblazeel-xilinx-elf/include/c++/9.2.0/profile/list
pynq-v3.0-binaries/gcc-mb/microblazeel-xilinx-elf/microblazeel-xilinx-elf/include/c++/9.2.0/profile/iterator_tracker.h
pynq-v3.0-binaries/gcc-mb/microblazeel-xilinx-elf/microblazeel-xilinx-elf/include/c++/9.2.0/sstream
pynq-v3.0-binaries/gcc-mb/microblazeel-xilinx-elf/microblazeel-xilinx-elf/include/c++/9.2.0/execution
pynq-v3.0-binaries/gcc-mb/microblazeel-xilinx-elf/microblazeel-xilinx-elf/include/c++/9.2.0/initializer_list
pynq-v3.0-binaries/gcc-mb/microblazeel-xilinx-elf/microblazeel-xilinx-elf/include/c++/9.2.0/bitset
pynq-v3.0-binaries/gcc-mb/microblazeel-xilinx-elf/microblazeel-xilinx-elf/include/c++/9.2.0/typeinfo
pynq-v3.0-binaries/gcc-mb/microblazeel-xilinx-elf/microblazeel-xilinx-elf/include/c++/9.2.0/tuple
pynq-v3.0-binaries/gcc-mb/microblazeel-xilinx-elf/microblazeel-xilinx-elf/include/c++/9.2.0/ciso646
pynq-v3.0-binaries/gcc-mb/microblazeel-xilinx-elf/microblazeel-xilinx-elf/include/c++/9.2.0/any
pynq-v3.0-binaries/gcc-mb/microblazeel-xilinx-elf/microblazeel-xilinx-elf/include/c++/9.2.0/pstl/
pynq-v3.0-binaries/gcc-mb/microblazeel-xilinx-elf/microblazeel-xilinx-elf/include/c++/9.2.0/pstl/algorithm_fwd.h
pynq-v3.0-binaries/gcc-mb/microblazeel-xilinx-elf/microblazeel-xilinx-elf/include/c++/9.2.0/pstl/glue_memory_impl.h
pynq-v3.0-binaries/gcc-mb/microblazeel-xilinx-elf/microblazeel-xilinx-elf/include/c++/9.2.0/pstl/parallel_backend.h
pynq-v3.0-binaries/gcc-mb/microblazeel-xilinx-elf/microblazeel-xilinx-elf/include/c++/9.2.0/pstl/unseq_backend_simd.h
pynq-v3.0-binaries/gcc-mb/microblazeel-xilinx-elf/microblazeel-xilinx-elf/include/c++/9.2.0/pstl/utils.h
pynq-v3.0-binaries/gcc-mb/microblazeel-xilinx-elf/microblazeel-xilinx-elf/include/c++/9.2.0/pstl/glue_numeric_impl.h
pynq-v3.0-binaries/gcc-mb/microblazeel-xilinx-elf/microblazeel-xilinx-elf/include/c++/9.2.0/pstl/glue_memory_defs.h
pynq-v3.0-binaries/gcc-mb/microblazeel-xilinx-elf/microblazeel-xilinx-elf/include/c++/9.2.0/pstl/glue_execution_defs.h
pynq-v3.0-binaries/gcc-mb/microblazeel-xilinx-elf/microblazeel-xilinx-elf/include/c++/9.2.0/pstl/memory_impl.h
pynq-v3.0-binaries/gcc-mb/microblazeel-xilinx-elf/microblazeel-xilinx-elf/include/c++/9.2.0/pstl/parallel_backend_tbb.h
pynq-v3.0-binaries/gcc-mb/microblazeel-xilinx-elf/microblazeel-xilinx-elf/include/c++/9.2.0/pstl/parallel_impl.h
pynq-v3.0-binaries/gcc-mb/microblazeel-xilinx-elf/microblazeel-xilinx-elf/include/c++/9.2.0/pstl/glue_algorithm_impl.h
pynq-v3.0-binaries/gcc-mb/microblazeel-xilinx-elf/microblazeel-xilinx-elf/include/c++/9.2.0/pstl/algorithm_impl.h
pynq-v3.0-binaries/gcc-mb/microblazeel-xilinx-elf/microblazeel-xilinx-elf/include/c++/9.2.0/pstl/pstl_config.h
pynq-v3.0-binaries/gcc-mb/microblazeel-xilinx-elf/microblazeel-xilinx-elf/include/c++/9.2.0/pstl/numeric_fwd.h
pynq-v3.0-binaries/gcc-mb/microblazeel-xilinx-elf/microblazeel-xilinx-elf/include/c++/9.2.0/pstl/glue_algorithm_defs.h
pynq-v3.0-binaries/gcc-mb/microblazeel-xilinx-elf/microblazeel-xilinx-elf/include/c++/9.2.0/pstl/glue_numeric_defs.h
pynq-v3.0-binaries/gcc-mb/microblazeel-xilinx-elf/microblazeel-xilinx-elf/include/c++/9.2.0/pstl/execution_defs.h
pynq-v3.0-binaries/gcc-mb/microblazeel-xilinx-elf/microblazeel-xilinx-elf/include/c++/9.2.0/pstl/execution_impl.h
pynq-v3.0-binaries/gcc-mb/microblazeel-xilinx-elf/microblazeel-xilinx-elf/include/c++/9.2.0/pstl/parallel_backend_utils.h
pynq-v3.0-binaries/gcc-mb/microblazeel-xilinx-elf/microblazeel-xilinx-elf/include/c++/9.2.0/pstl/numeric_impl.h
pynq-v3.0-binaries/gcc-mb/microblazeel-xilinx-elf/microblazeel-xilinx-elf/include/c++/9.2.0/system_error
pynq-v3.0-binaries/gcc-mb/microblazeel-xilinx-elf/microblazeel-xilinx-elf/include/c++/9.2.0/ccomplex
pynq-v3.0-binaries/gcc-mb/microblazeel-xilinx-elf/microblazeel-xilinx-elf/include/c++/9.2.0/debug/
pynq-v3.0-binaries/gcc-mb/microblazeel-xilinx-elf/microblazeel-xilinx-elf/include/c++/9.2.0/debug/safe_local_iterator.h
pynq-v3.0-binaries/gcc-mb/microblazeel-xilinx-elf/microblazeel-xilinx-elf/include/c++/9.2.0/debug/vector
pynq-v3.0-binaries/gcc-mb/microblazeel-xilinx-elf/microblazeel-xilinx-elf/include/c++/9.2.0/debug/assertions.h
pynq-v3.0-binaries/gcc-mb/microblazeel-xilinx-elf/microblazeel-xilinx-elf/include/c++/9.2.0/debug/multimap.h
pynq-v3.0-binaries/gcc-mb/microblazeel-xilinx-elf/microblazeel-xilinx-elf/include/c++/9.2.0/debug/string
pynq-v3.0-binaries/gcc-mb/microblazeel-xilinx-elf/microblazeel-xilinx-elf/include/c++/9.2.0/debug/safe_unordered_base.h
pynq-v3.0-binaries/gcc-mb/microblazeel-xilinx-elf/microblazeel-xilinx-elf/include/c++/9.2.0/debug/safe_unordered_container.h
pynq-v3.0-binaries/gcc-mb/microblazeel-xilinx-elf/microblazeel-xilinx-elf/include/c++/9.2.0/debug/safe_local_iterator.tcc
pynq-v3.0-binaries/gcc-mb/microblazeel-xilinx-elf/microblazeel-xilinx-elf/include/c++/9.2.0/debug/unordered_map
pynq-v3.0-binaries/gcc-mb/microblazeel-xilinx-elf/microblazeel-xilinx-elf/include/c++/9.2.0/debug/array
pynq-v3.0-binaries/gcc-mb/microblazeel-xilinx-elf/microblazeel-xilinx-elf/include/c++/9.2.0/debug/forward_list
pynq-v3.0-binaries/gcc-mb/microblazeel-xilinx-elf/microblazeel-xilinx-elf/include/c++/9.2.0/debug/functions.h
pynq-v3.0-binaries/gcc-mb/microblazeel-xilinx-elf/microblazeel-xilinx-elf/include/c++/9.2.0/debug/set
pynq-v3.0-binaries/gcc-mb/microblazeel-xilinx-elf/microblazeel-xilinx-elf/include/c++/9.2.0/debug/formatter.h
pynq-v3.0-binaries/gcc-mb/microblazeel-xilinx-elf/microblazeel-xilinx-elf/include/c++/9.2.0/debug/safe_sequence.tcc
pynq-v3.0-binaries/gcc-mb/microblazeel-xilinx-elf/microblazeel-xilinx-elf/include/c++/9.2.0/debug/unordered_set
pynq-v3.0-binaries/gcc-mb/microblazeel-xilinx-elf/microblazeel-xilinx-elf/include/c++/9.2.0/debug/stl_iterator.h
pynq-v3.0-binaries/gcc-mb/microblazeel-xilinx-elf/microblazeel-xilinx-elf/include/c++/9.2.0/debug/safe_container.h
pynq-v3.0-binaries/gcc-mb/microblazeel-xilinx-elf/microblazeel-xilinx-elf/include/c++/9.2.0/debug/safe_sequence.h
pynq-v3.0-binaries/gcc-mb/microblazeel-xilinx-elf/microblazeel-xilinx-elf/include/c++/9.2.0/debug/safe_unordered_container.tcc
pynq-v3.0-binaries/gcc-mb/microblazeel-xilinx-elf/microblazeel-xilinx-elf/include/c++/9.2.0/debug/deque
pynq-v3.0-binaries/gcc-mb/microblazeel-xilinx-elf/microblazeel-xilinx-elf/include/c++/9.2.0/debug/map.h
pynq-v3.0-binaries/gcc-mb/microblazeel-xilinx-elf/microblazeel-xilinx-elf/include/c++/9.2.0/debug/set.h
pynq-v3.0-binaries/gcc-mb/microblazeel-xilinx-elf/microblazeel-xilinx-elf/include/c++/9.2.0/debug/bitset
pynq-v3.0-binaries/gcc-mb/microblazeel-xilinx-elf/microblazeel-xilinx-elf/include/c++/9.2.0/debug/safe_iterator.tcc
pynq-v3.0-binaries/gcc-mb/microblazeel-xilinx-elf/microblazeel-xilinx-elf/include/c++/9.2.0/debug/safe_iterator.h
pynq-v3.0-binaries/gcc-mb/microblazeel-xilinx-elf/microblazeel-xilinx-elf/include/c++/9.2.0/debug/map
pynq-v3.0-binaries/gcc-mb/microblazeel-xilinx-elf/microblazeel-xilinx-elf/include/c++/9.2.0/debug/safe_base.h
pynq-v3.0-binaries/gcc-mb/microblazeel-xilinx-elf/microblazeel-xilinx-elf/include/c++/9.2.0/debug/macros.h
pynq-v3.0-binaries/gcc-mb/microblazeel-xilinx-elf/microblazeel-xilinx-elf/include/c++/9.2.0/debug/multiset.h
pynq-v3.0-binaries/gcc-mb/microblazeel-xilinx-elf/microblazeel-xilinx-elf/include/c++/9.2.0/debug/list
pynq-v3.0-binaries/gcc-mb/microblazeel-xilinx-elf/microblazeel-xilinx-elf/include/c++/9.2.0/debug/debug.h
pynq-v3.0-binaries/gcc-mb/microblazeel-xilinx-elf/microblazeel-xilinx-elf/include/c++/9.2.0/debug/helper_functions.h
pynq-v3.0-binaries/gcc-mb/microblazeel-xilinx-elf/microblazeel-xilinx-elf/include/c++/9.2.0/backward/
pynq-v3.0-binaries/gcc-mb/microblazeel-xilinx-elf/microblazeel-xilinx-elf/include/c++/9.2.0/backward/hash_fun.h
pynq-v3.0-binaries/gcc-mb/microblazeel-xilinx-elf/microblazeel-xilinx-elf/include/c++/9.2.0/backward/binders.h
pynq-v3.0-binaries/gcc-mb/microblazeel-xilinx-elf/microblazeel-xilinx-elf/include/c++/9.2.0/backward/auto_ptr.h
pynq-v3.0-binaries/gcc-mb/microblazeel-xilinx-elf/microblazeel-xilinx-elf/include/c++/9.2.0/backward/hashtable.h
pynq-v3.0-binaries/gcc-mb/microblazeel-xilinx-elf/microblazeel-xilinx-elf/include/c++/9.2.0/backward/hash_set
pynq-v3.0-binaries/gcc-mb/microblazeel-xilinx-elf/microblazeel-xilinx-elf/include/c++/9.2.0/backward/hash_map
pynq-v3.0-binaries/gcc-mb/microblazeel-xilinx-elf/microblazeel-xilinx-elf/include/c++/9.2.0/backward/backward_warning.h
pynq-v3.0-binaries/gcc-mb/microblazeel-xilinx-elf/microblazeel-xilinx-elf/include/c++/9.2.0/backward/strstream
pynq-v3.0-binaries/gcc-mb/microblazeel-xilinx-elf/microblazeel-xilinx-elf/include/c++/9.2.0/map
pynq-v3.0-binaries/gcc-mb/microblazeel-xilinx-elf/microblazeel-xilinx-elf/include/c++/9.2.0/shared_mutex
pynq-v3.0-binaries/gcc-mb/microblazeel-xilinx-elf/microblazeel-xilinx-elf/include/c++/9.2.0/csignal
pynq-v3.0-binaries/gcc-mb/microblazeel-xilinx-elf/microblazeel-xilinx-elf/include/c++/9.2.0/fenv.h
pynq-v3.0-binaries/gcc-mb/microblazeel-xilinx-elf/microblazeel-xilinx-elf/include/c++/9.2.0/limits
pynq-v3.0-binaries/gcc-mb/microblazeel-xilinx-elf/microblazeel-xilinx-elf/include/c++/9.2.0/cstdalign
pynq-v3.0-binaries/gcc-mb/microblazeel-xilinx-elf/microblazeel-xilinx-elf/include/c++/9.2.0/ratio
pynq-v3.0-binaries/gcc-mb/microblazeel-xilinx-elf/microblazeel-xilinx-elf/include/c++/9.2.0/fstream
pynq-v3.0-binaries/gcc-mb/microblazeel-xilinx-elf/microblazeel-xilinx-elf/include/c++/9.2.0/optional
pynq-v3.0-binaries/gcc-mb/microblazeel-xilinx-elf/microblazeel-xilinx-elf/include/c++/9.2.0/cfenv
pynq-v3.0-binaries/gcc-mb/microblazeel-xilinx-elf/microblazeel-xilinx-elf/include/c++/9.2.0/ios
pynq-v3.0-binaries/gcc-mb/microblazeel-xilinx-elf/microblazeel-xilinx-elf/include/c++/9.2.0/algorithm
pynq-v3.0-binaries/gcc-mb/microblazeel-xilinx-elf/microblazeel-xilinx-elf/include/c++/9.2.0/cstdbool
pynq-v3.0-binaries/gcc-mb/microblazeel-xilinx-elf/microblazeel-xilinx-elf/include/c++/9.2.0/istream
pynq-v3.0-binaries/gcc-mb/microblazeel-xilinx-elf/microblazeel-xilinx-elf/include/c++/9.2.0/clocale
pynq-v3.0-binaries/gcc-mb/microblazeel-xilinx-elf/microblazeel-xilinx-elf/include/c++/9.2.0/complex
pynq-v3.0-binaries/gcc-mb/microblazeel-xilinx-elf/microblazeel-xilinx-elf/include/c++/9.2.0/list
pynq-v3.0-binaries/gcc-mb/microblazeel-xilinx-elf/microblazeel-xilinx-elf/include/c++/9.2.0/decimal/
pynq-v3.0-binaries/gcc-mb/microblazeel-xilinx-elf/microblazeel-xilinx-elf/include/c++/9.2.0/decimal/decimal.h
pynq-v3.0-binaries/gcc-mb/microblazeel-xilinx-elf/microblazeel-xilinx-elf/include/c++/9.2.0/decimal/decimal
pynq-v3.0-binaries/gcc-mb/microblazeel-xilinx-elf/microblazeel-xilinx-elf/include/c++/9.2.0/parallel/
pynq-v3.0-binaries/gcc-mb/microblazeel-xilinx-elf/microblazeel-xilinx-elf/include/c++/9.2.0/parallel/search.h
pynq-v3.0-binaries/gcc-mb/microblazeel-xilinx-elf/microblazeel-xilinx-elf/include/c++/9.2.0/parallel/partial_sum.h
pynq-v3.0-binaries/gcc-mb/microblazeel-xilinx-elf/microblazeel-xilinx-elf/include/c++/9.2.0/parallel/algobase.h
pynq-v3.0-binaries/gcc-mb/microblazeel-xilinx-elf/microblazeel-xilinx-elf/include/c++/9.2.0/parallel/par_loop.h
pynq-v3.0-binaries/gcc-mb/microblazeel-xilinx-elf/microblazeel-xilinx-elf/include/c++/9.2.0/parallel/balanced_quicksort.h
pynq-v3.0-binaries/gcc-mb/microblazeel-xilinx-elf/microblazeel-xilinx-elf/include/c++/9.2.0/parallel/numeric
pynq-v3.0-binaries/gcc-mb/microblazeel-xilinx-elf/microblazeel-xilinx-elf/include/c++/9.2.0/parallel/omp_loop.h
pynq-v3.0-binaries/gcc-mb/microblazeel-xilinx-elf/microblazeel-xilinx-elf/include/c++/9.2.0/parallel/multiseq_selection.h
pynq-v3.0-binaries/gcc-mb/microblazeel-xilinx-elf/microblazeel-xilinx-elf/include/c++/9.2.0/parallel/list_partition.h
pynq-v3.0-binaries/gcc-mb/microblazeel-xilinx-elf/microblazeel-xilinx-elf/include/c++/9.2.0/parallel/basic_iterator.h
pynq-v3.0-binaries/gcc-mb/microblazeel-xilinx-elf/microblazeel-xilinx-elf/include/c++/9.2.0/parallel/random_shuffle.h
pynq-v3.0-binaries/gcc-mb/microblazeel-xilinx-elf/microblazeel-xilinx-elf/include/c++/9.2.0/parallel/types.h
pynq-v3.0-binaries/gcc-mb/microblazeel-xilinx-elf/microblazeel-xilinx-elf/include/c++/9.2.0/parallel/merge.h
pynq-v3.0-binaries/gcc-mb/microblazeel-xilinx-elf/microblazeel-xilinx-elf/include/c++/9.2.0/parallel/settings.h
pynq-v3.0-binaries/gcc-mb/microblazeel-xilinx-elf/microblazeel-xilinx-elf/include/c++/9.2.0/parallel/algo.h
pynq-v3.0-binaries/gcc-mb/microblazeel-xilinx-elf/microblazeel-xilinx-elf/include/c++/9.2.0/parallel/partition.h
pynq-v3.0-binaries/gcc-mb/microblazeel-xilinx-elf/microblazeel-xilinx-elf/include/c++/9.2.0/parallel/for_each.h
pynq-v3.0-binaries/gcc-mb/microblazeel-xilinx-elf/microblazeel-xilinx-elf/include/c++/9.2.0/parallel/for_each_selectors.h
pynq-v3.0-binaries/gcc-mb/microblazeel-xilinx-elf/microblazeel-xilinx-elf/include/c++/9.2.0/parallel/unique_copy.h
pynq-v3.0-binaries/gcc-mb/microblazeel-xilinx-elf/microblazeel-xilinx-elf/include/c++/9.2.0/parallel/equally_split.h
pynq-v3.0-binaries/gcc-mb/microblazeel-xilinx-elf/microblazeel-xilinx-elf/include/c++/9.2.0/parallel/find_selectors.h
pynq-v3.0-binaries/gcc-mb/microblazeel-xilinx-elf/microblazeel-xilinx-elf/include/c++/9.2.0/parallel/numericfwd.h
pynq-v3.0-binaries/gcc-mb/microblazeel-xilinx-elf/microblazeel-xilinx-elf/include/c++/9.2.0/parallel/compatibility.h
pynq-v3.0-binaries/gcc-mb/microblazeel-xilinx-elf/microblazeel-xilinx-elf/include/c++/9.2.0/parallel/checkers.h
pynq-v3.0-binaries/gcc-mb/microblazeel-xilinx-elf/microblazeel-xilinx-elf/include/c++/9.2.0/parallel/workstealing.h
pynq-v3.0-binaries/gcc-mb/microblazeel-xilinx-elf/microblazeel-xilinx-elf/include/c++/9.2.0/parallel/set_operations.h
pynq-v3.0-binaries/gcc-mb/microblazeel-xilinx-elf/microblazeel-xilinx-elf/include/c++/9.2.0/parallel/base.h
pynq-v3.0-binaries/gcc-mb/microblazeel-xilinx-elf/microblazeel-xilinx-elf/include/c++/9.2.0/parallel/random_number.h
pynq-v3.0-binaries/gcc-mb/microblazeel-xilinx-elf/microblazeel-xilinx-elf/include/c++/9.2.0/parallel/multiway_merge.h
pynq-v3.0-binaries/gcc-mb/microblazeel-xilinx-elf/microblazeel-xilinx-elf/include/c++/9.2.0/parallel/quicksort.h
pynq-v3.0-binaries/gcc-mb/microblazeel-xilinx-elf/microblazeel-xilinx-elf/include/c++/9.2.0/parallel/find.h
pynq-v3.0-binaries/gcc-mb/microblazeel-xilinx-elf/microblazeel-xilinx-elf/include/c++/9.2.0/parallel/losertree.h
pynq-v3.0-binaries/gcc-mb/microblazeel-xilinx-elf/microblazeel-xilinx-elf/include/c++/9.2.0/parallel/sort.h
pynq-v3.0-binaries/gcc-mb/microblazeel-xilinx-elf/microblazeel-xilinx-elf/include/c++/9.2.0/parallel/queue.h
pynq-v3.0-binaries/gcc-mb/microblazeel-xilinx-elf/microblazeel-xilinx-elf/include/c++/9.2.0/parallel/parallel.h
pynq-v3.0-binaries/gcc-mb/microblazeel-xilinx-elf/microblazeel-xilinx-elf/include/c++/9.2.0/parallel/algorithm
pynq-v3.0-binaries/gcc-mb/microblazeel-xilinx-elf/microblazeel-xilinx-elf/include/c++/9.2.0/parallel/multiway_mergesort.h
pynq-v3.0-binaries/gcc-mb/microblazeel-xilinx-elf/microblazeel-xilinx-elf/include/c++/9.2.0/parallel/omp_loop_static.h
pynq-v3.0-binaries/gcc-mb/microblazeel-xilinx-elf/microblazeel-xilinx-elf/include/c++/9.2.0/parallel/iterator.h
pynq-v3.0-binaries/gcc-mb/microblazeel-xilinx-elf/microblazeel-xilinx-elf/include/c++/9.2.0/parallel/compiletime_settings.h
pynq-v3.0-binaries/gcc-mb/microblazeel-xilinx-elf/microblazeel-xilinx-elf/include/c++/9.2.0/parallel/features.h
pynq-v3.0-binaries/gcc-mb/microblazeel-xilinx-elf/microblazeel-xilinx-elf/include/c++/9.2.0/parallel/algorithmfwd.h
pynq-v3.0-binaries/gcc-mb/microblazeel-xilinx-elf/microblazeel-xilinx-elf/include/c++/9.2.0/parallel/tags.h
pynq-v3.0-binaries/gcc-mb/microblazeel-xilinx-elf/microblazeel-xilinx-elf/include/c++/9.2.0/bits/
pynq-v3.0-binaries/gcc-mb/microblazeel-xilinx-elf/microblazeel-xilinx-elf/include/c++/9.2.0/bits/std_function.h
pynq-v3.0-binaries/gcc-mb/microblazeel-xilinx-elf/microblazeel-xilinx-elf/include/c++/9.2.0/bits/ostream.tcc
pynq-v3.0-binaries/gcc-mb/microblazeel-xilinx-elf/microblazeel-xilinx-elf/include/c++/9.2.0/bits/istream.tcc
pynq-v3.0-binaries/gcc-mb/microblazeel-xilinx-elf/microblazeel-xilinx-elf/include/c++/9.2.0/bits/basic_ios.tcc
pynq-v3.0-binaries/gcc-mb/microblazeel-xilinx-elf/microblazeel-xilinx-elf/include/c++/9.2.0/bits/fs_dir.h
pynq-v3.0-binaries/gcc-mb/microblazeel-xilinx-elf/microblazeel-xilinx-elf/include/c++/9.2.0/bits/slice_array.h
pynq-v3.0-binaries/gcc-mb/microblazeel-xilinx-elf/microblazeel-xilinx-elf/include/c++/9.2.0/bits/stl_algo.h
pynq-v3.0-binaries/gcc-mb/microblazeel-xilinx-elf/microblazeel-xilinx-elf/include/c++/9.2.0/bits/boost_concept_check.h
pynq-v3.0-binaries/gcc-mb/microblazeel-xilinx-elf/microblazeel-xilinx-elf/include/c++/9.2.0/bits/exception.h
pynq-v3.0-binaries/gcc-mb/microblazeel-xilinx-elf/microblazeel-xilinx-elf/include/c++/9.2.0/bits/localefwd.h
pynq-v3.0-binaries/gcc-mb/microblazeel-xilinx-elf/microblazeel-xilinx-elf/include/c++/9.2.0/bits/cxxabi_init_exception.h
pynq-v3.0-binaries/gcc-mb/microblazeel-xilinx-elf/microblazeel-xilinx-elf/include/c++/9.2.0/bits/regex_executor.h
pynq-v3.0-binaries/gcc-mb/microblazeel-xilinx-elf/microblazeel-xilinx-elf/include/c++/9.2.0/bits/atomic_lockfree_defines.h
pynq-v3.0-binaries/gcc-mb/microblazeel-xilinx-elf/microblazeel-xilinx-elf/include/c++/9.2.0/bits/fs_ops.h
pynq-v3.0-binaries/gcc-mb/microblazeel-xilinx-elf/microblazeel-xilinx-elf/include/c++/9.2.0/bits/allocator.h
pynq-v3.0-binaries/gcc-mb/microblazeel-xilinx-elf/microblazeel-xilinx-elf/include/c++/9.2.0/bits/stl_multimap.h
pynq-v3.0-binaries/gcc-mb/microblazeel-xilinx-elf/microblazeel-xilinx-elf/include/c++/9.2.0/bits/stl_deque.h
pynq-v3.0-binaries/gcc-mb/microblazeel-xilinx-elf/microblazeel-xilinx-elf/include/c++/9.2.0/bits/streambuf_iterator.h
pynq-v3.0-binaries/gcc-mb/microblazeel-xilinx-elf/microblazeel-xilinx-elf/include/c++/9.2.0/bits/valarray_after.h
pynq-v3.0-binaries/gcc-mb/microblazeel-xilinx-elf/microblazeel-xilinx-elf/include/c++/9.2.0/bits/basic_ios.h
pynq-v3.0-binaries/gcc-mb/microblazeel-xilinx-elf/microblazeel-xilinx-elf/include/c++/9.2.0/bits/regex_executor.tcc
pynq-v3.0-binaries/gcc-mb/microblazeel-xilinx-elf/microblazeel-xilinx-elf/include/c++/9.2.0/bits/basic_string.h
pynq-v3.0-binaries/gcc-mb/microblazeel-xilinx-elf/microblazeel-xilinx-elf/include/c++/9.2.0/bits/char_traits.h
pynq-v3.0-binaries/gcc-mb/microblazeel-xilinx-elf/microblazeel-xilinx-elf/include/c++/9.2.0/bits/std_abs.h
pynq-v3.0-binaries/gcc-mb/microblazeel-xilinx-elf/microblazeel-xilinx-elf/include/c++/9.2.0/bits/mask_array.h
pynq-v3.0-binaries/gcc-mb/microblazeel-xilinx-elf/microblazeel-xilinx-elf/include/c++/9.2.0/bits/codecvt.h
pynq-v3.0-binaries/gcc-mb/microblazeel-xilinx-elf/microblazeel-xilinx-elf/include/c++/9.2.0/bits/allocated_ptr.h
pynq-v3.0-binaries/gcc-mb/microblazeel-xilinx-elf/microblazeel-xilinx-elf/include/c++/9.2.0/bits/refwrap.h
pynq-v3.0-binaries/gcc-mb/microblazeel-xilinx-elf/microblazeel-xilinx-elf/include/c++/9.2.0/bits/atomic_futex.h
pynq-v3.0-binaries/gcc-mb/microblazeel-xilinx-elf/microblazeel-xilinx-elf/include/c++/9.2.0/bits/stl_vector.h
pynq-v3.0-binaries/gcc-mb/microblazeel-xilinx-elf/microblazeel-xilinx-elf/include/c++/9.2.0/bits/basic_string.tcc
pynq-v3.0-binaries/gcc-mb/microblazeel-xilinx-elf/microblazeel-xilinx-elf/include/c++/9.2.0/bits/valarray_array.tcc
pynq-v3.0-binaries/gcc-mb/microblazeel-xilinx-elf/microblazeel-xilinx-elf/include/c++/9.2.0/bits/stl_function.h
pynq-v3.0-binaries/gcc-mb/microblazeel-xilinx-elf/microblazeel-xilinx-elf/include/c++/9.2.0/bits/unordered_set.h
pynq-v3.0-binaries/gcc-mb/microblazeel-xilinx-elf/microblazeel-xilinx-elf/include/c++/9.2.0/bits/ptr_traits.h
pynq-v3.0-binaries/gcc-mb/microblazeel-xilinx-elf/microblazeel-xilinx-elf/include/c++/9.2.0/bits/std_mutex.h
pynq-v3.0-binaries/gcc-mb/microblazeel-xilinx-elf/microblazeel-xilinx-elf/include/c++/9.2.0/bits/ostream_insert.h
pynq-v3.0-binaries/gcc-mb/microblazeel-xilinx-elf/microblazeel-xilinx-elf/include/c++/9.2.0/bits/stl_numeric.h
pynq-v3.0-binaries/gcc-mb/microblazeel-xilinx-elf/microblazeel-xilinx-elf/include/c++/9.2.0/bits/locale_facets_nonio.tcc
pynq-v3.0-binaries/gcc-mb/microblazeel-xilinx-elf/microblazeel-xilinx-elf/include/c++/9.2.0/bits/stl_map.h
pynq-v3.0-binaries/gcc-mb/microblazeel-xilinx-elf/microblazeel-xilinx-elf/include/c++/9.2.0/bits/valarray_array.h
pynq-v3.0-binaries/gcc-mb/microblazeel-xilinx-elf/microblazeel-xilinx-elf/include/c++/9.2.0/bits/random.h
pynq-v3.0-binaries/gcc-mb/microblazeel-xilinx-elf/microblazeel-xilinx-elf/include/c++/9.2.0/bits/stl_iterator_base_funcs.h
pynq-v3.0-binaries/gcc-mb/microblazeel-xilinx-elf/microblazeel-xilinx-elf/include/c++/9.2.0/bits/list.tcc
pynq-v3.0-binaries/gcc-mb/microblazeel-xilinx-elf/microblazeel-xilinx-elf/include/c++/9.2.0/bits/stl_queue.h
pynq-v3.0-binaries/gcc-mb/microblazeel-xilinx-elf/microblazeel-xilinx-elf/include/c++/9.2.0/bits/atomic_base.h
pynq-v3.0-binaries/gcc-mb/microblazeel-xilinx-elf/microblazeel-xilinx-elf/include/c++/9.2.0/bits/predefined_ops.h
pynq-v3.0-binaries/gcc-mb/microblazeel-xilinx-elf/microblazeel-xilinx-elf/include/c++/9.2.0/bits/hash_bytes.h
pynq-v3.0-binaries/gcc-mb/microblazeel-xilinx-elf/microblazeel-xilinx-elf/include/c++/9.2.0/bits/parse_numbers.h
pynq-v3.0-binaries/gcc-mb/microblazeel-xilinx-elf/microblazeel-xilinx-elf/include/c++/9.2.0/bits/cpp_type_traits.h
pynq-v3.0-binaries/gcc-mb/microblazeel-xilinx-elf/microblazeel-xilinx-elf/include/c++/9.2.0/bits/sstream.tcc
pynq-v3.0-binaries/gcc-mb/microblazeel-xilinx-elf/microblazeel-xilinx-elf/include/c++/9.2.0/bits/hashtable.h
pynq-v3.0-binaries/gcc-mb/microblazeel-xilinx-elf/microblazeel-xilinx-elf/include/c++/9.2.0/bits/valarray_before.h
pynq-v3.0-binaries/gcc-mb/microblazeel-xilinx-elf/microblazeel-xilinx-elf/include/c++/9.2.0/bits/move.h
pynq-v3.0-binaries/gcc-mb/microblazeel-xilinx-elf/microblazeel-xilinx-elf/include/c++/9.2.0/bits/fs_path.h
pynq-v3.0-binaries/gcc-mb/microblazeel-xilinx-elf/microblazeel-xilinx-elf/include/c++/9.2.0/bits/regex_scanner.tcc
pynq-v3.0-binaries/gcc-mb/microblazeel-xilinx-elf/microblazeel-xilinx-elf/include/c++/9.2.0/bits/random.tcc
pynq-v3.0-binaries/gcc-mb/microblazeel-xilinx-elf/microblazeel-xilinx-elf/include/c++/9.2.0/bits/stl_list.h
pynq-v3.0-binaries/gcc-mb/microblazeel-xilinx-elf/microblazeel-xilinx-elf/include/c++/9.2.0/bits/stl_iterator.h
pynq-v3.0-binaries/gcc-mb/microblazeel-xilinx-elf/microblazeel-xilinx-elf/include/c++/9.2.0/bits/regex_automaton.h
pynq-v3.0-binaries/gcc-mb/microblazeel-xilinx-elf/microblazeel-xilinx-elf/include/c++/9.2.0/bits/stl_multiset.h
pynq-v3.0-binaries/gcc-mb/microblazeel-xilinx-elf/microblazeel-xilinx-elf/include/c++/9.2.0/bits/memoryfwd.h
pynq-v3.0-binaries/gcc-mb/microblazeel-xilinx-elf/microblazeel-xilinx-elf/include/c++/9.2.0/bits/unique_lock.h
pynq-v3.0-binaries/gcc-mb/microblazeel-xilinx-elf/microblazeel-xilinx-elf/include/c++/9.2.0/bits/streambuf.tcc
pynq-v3.0-binaries/gcc-mb/microblazeel-xilinx-elf/microblazeel-xilinx-elf/include/c++/9.2.0/bits/uniform_int_dist.h
pynq-v3.0-binaries/gcc-mb/microblazeel-xilinx-elf/microblazeel-xilinx-elf/include/c++/9.2.0/bits/gslice.h
pynq-v3.0-binaries/gcc-mb/microblazeel-xilinx-elf/microblazeel-xilinx-elf/include/c++/9.2.0/bits/regex_compiler.tcc
pynq-v3.0-binaries/gcc-mb/microblazeel-xilinx-elf/microblazeel-xilinx-elf/include/c++/9.2.0/bits/shared_ptr_base.h
pynq-v3.0-binaries/gcc-mb/microblazeel-xilinx-elf/microblazeel-xilinx-elf/include/c++/9.2.0/bits/stl_algobase.h
pynq-v3.0-binaries/gcc-mb/microblazeel-xilinx-elf/microblazeel-xilinx-elf/include/c++/9.2.0/bits/stl_raw_storage_iter.h
pynq-v3.0-binaries/gcc-mb/microblazeel-xilinx-elf/microblazeel-xilinx-elf/include/c++/9.2.0/bits/stl_bvector.h
pynq-v3.0-binaries/gcc-mb/microblazeel-xilinx-elf/microblazeel-xilinx-elf/include/c++/9.2.0/bits/alloc_traits.h
pynq-v3.0-binaries/gcc-mb/microblazeel-xilinx-elf/microblazeel-xilinx-elf/include/c++/9.2.0/bits/regex_compiler.h
pynq-v3.0-binaries/gcc-mb/microblazeel-xilinx-elf/microblazeel-xilinx-elf/include/c++/9.2.0/bits/stl_construct.h
pynq-v3.0-binaries/gcc-mb/microblazeel-xilinx-elf/microblazeel-xilinx-elf/include/c++/9.2.0/bits/hashtable_policy.h
pynq-v3.0-binaries/gcc-mb/microblazeel-xilinx-elf/microblazeel-xilinx-elf/include/c++/9.2.0/bits/ios_base.h
pynq-v3.0-binaries/gcc-mb/microblazeel-xilinx-elf/microblazeel-xilinx-elf/include/c++/9.2.0/bits/regex_constants.h
pynq-v3.0-binaries/gcc-mb/microblazeel-xilinx-elf/microblazeel-xilinx-elf/include/c++/9.2.0/bits/stl_heap.h
pynq-v3.0-binaries/gcc-mb/microblazeel-xilinx-elf/microblazeel-xilinx-elf/include/c++/9.2.0/bits/nested_exception.h
pynq-v3.0-binaries/gcc-mb/microblazeel-xilinx-elf/microblazeel-xilinx-elf/include/c++/9.2.0/bits/erase_if.h
pynq-v3.0-binaries/gcc-mb/microblazeel-xilinx-elf/microblazeel-xilinx-elf/include/c++/9.2.0/bits/stl_set.h
pynq-v3.0-binaries/gcc-mb/microblazeel-xilinx-elf/microblazeel-xilinx-elf/include/c++/9.2.0/bits/stl_pair.h
pynq-v3.0-binaries/gcc-mb/microblazeel-xilinx-elf/microblazeel-xilinx-elf/include/c++/9.2.0/bits/locale_facets.h
pynq-v3.0-binaries/gcc-mb/microblazeel-xilinx-elf/microblazeel-xilinx-elf/include/c++/9.2.0/bits/unique_ptr.h
pynq-v3.0-binaries/gcc-mb/microblazeel-xilinx-elf/microblazeel-xilinx-elf/include/c++/9.2.0/bits/stl_uninitialized.h
pynq-v3.0-binaries/gcc-mb/microblazeel-xilinx-elf/microblazeel-xilinx-elf/include/c++/9.2.0/bits/stl_relops.h
pynq-v3.0-binaries/gcc-mb/microblazeel-xilinx-elf/microblazeel-xilinx-elf/include/c++/9.2.0/bits/fstream.tcc
pynq-v3.0-binaries/gcc-mb/microblazeel-xilinx-elf/microblazeel-xilinx-elf/include/c++/9.2.0/bits/functexcept.h
pynq-v3.0-binaries/gcc-mb/microblazeel-xilinx-elf/microblazeel-xilinx-elf/include/c++/9.2.0/bits/regex.tcc
pynq-v3.0-binaries/gcc-mb/microblazeel-xilinx-elf/microblazeel-xilinx-elf/include/c++/9.2.0/bits/locale_facets.tcc
pynq-v3.0-binaries/gcc-mb/microblazeel-xilinx-elf/microblazeel-xilinx-elf/include/c++/9.2.0/bits/indirect_array.h
pynq-v3.0-binaries/gcc-mb/microblazeel-xilinx-elf/microblazeel-xilinx-elf/include/c++/9.2.0/bits/functional_hash.h
pynq-v3.0-binaries/gcc-mb/microblazeel-xilinx-elf/microblazeel-xilinx-elf/include/c++/9.2.0/bits/concept_check.h
pynq-v3.0-binaries/gcc-mb/microblazeel-xilinx-elf/microblazeel-xilinx-elf/include/c++/9.2.0/bits/cxxabi_forced.h
pynq-v3.0-binaries/gcc-mb/microblazeel-xilinx-elf/microblazeel-xilinx-elf/include/c++/9.2.0/bits/vector.tcc
pynq-v3.0-binaries/gcc-mb/microblazeel-xilinx-elf/microblazeel-xilinx-elf/include/c++/9.2.0/bits/locale_conv.h
pynq-v3.0-binaries/gcc-mb/microblazeel-xilinx-elf/microblazeel-xilinx-elf/include/c++/9.2.0/bits/shared_ptr_atomic.h
pynq-v3.0-binaries/gcc-mb/microblazeel-xilinx-elf/microblazeel-xilinx-elf/include/c++/9.2.0/bits/locale_facets_nonio.h
pynq-v3.0-binaries/gcc-mb/microblazeel-xilinx-elf/microblazeel-xilinx-elf/include/c++/9.2.0/bits/unordered_map.h
pynq-v3.0-binaries/gcc-mb/microblazeel-xilinx-elf/microblazeel-xilinx-elf/include/c++/9.2.0/bits/shared_ptr.h
pynq-v3.0-binaries/gcc-mb/microblazeel-xilinx-elf/microblazeel-xilinx-elf/include/c++/9.2.0/bits/range_access.h
pynq-v3.0-binaries/gcc-mb/microblazeel-xilinx-elf/microblazeel-xilinx-elf/include/c++/9.2.0/bits/node_handle.h
pynq-v3.0-binaries/gcc-mb/microblazeel-xilinx-elf/microblazeel-xilinx-elf/include/c++/9.2.0/bits/postypes.h
pynq-v3.0-binaries/gcc-mb/microblazeel-xilinx-elf/microblazeel-xilinx-elf/include/c++/9.2.0/bits/stl_tempbuf.h
pynq-v3.0-binaries/gcc-mb/microblazeel-xilinx-elf/microblazeel-xilinx-elf/include/c++/9.2.0/bits/fs_fwd.h
pynq-v3.0-binaries/gcc-mb/microblazeel-xilinx-elf/microblazeel-xilinx-elf/include/c++/9.2.0/bits/exception_defines.h
pynq-v3.0-binaries/gcc-mb/microblazeel-xilinx-elf/microblazeel-xilinx-elf/include/c++/9.2.0/bits/uses_allocator.h
pynq-v3.0-binaries/gcc-mb/microblazeel-xilinx-elf/microblazeel-xilinx-elf/include/c++/9.2.0/bits/stl_tree.h
pynq-v3.0-binaries/gcc-mb/microblazeel-xilinx-elf/microblazeel-xilinx-elf/include/c++/9.2.0/bits/locale_classes.tcc
pynq-v3.0-binaries/gcc-mb/microblazeel-xilinx-elf/microblazeel-xilinx-elf/include/c++/9.2.0/bits/string_view.tcc
pynq-v3.0-binaries/gcc-mb/microblazeel-xilinx-elf/microblazeel-xilinx-elf/include/c++/9.2.0/bits/forward_list.tcc
pynq-v3.0-binaries/gcc-mb/microblazeel-xilinx-elf/microblazeel-xilinx-elf/include/c++/9.2.0/bits/stl_stack.h
pynq-v3.0-binaries/gcc-mb/microblazeel-xilinx-elf/microblazeel-xilinx-elf/include/c++/9.2.0/bits/regex_scanner.h
pynq-v3.0-binaries/gcc-mb/microblazeel-xilinx-elf/microblazeel-xilinx-elf/include/c++/9.2.0/bits/locale_classes.h
pynq-v3.0-binaries/gcc-mb/microblazeel-xilinx-elf/microblazeel-xilinx-elf/include/c++/9.2.0/bits/forward_list.h
pynq-v3.0-binaries/gcc-mb/microblazeel-xilinx-elf/microblazeel-xilinx-elf/include/c++/9.2.0/bits/deque.tcc
pynq-v3.0-binaries/gcc-mb/microblazeel-xilinx-elf/microblazeel-xilinx-elf/include/c++/9.2.0/bits/quoted_string.h
pynq-v3.0-binaries/gcc-mb/microblazeel-xilinx-elf/microblazeel-xilinx-elf/include/c++/9.2.0/bits/regex.h
pynq-v3.0-binaries/gcc-mb/microblazeel-xilinx-elf/microblazeel-xilinx-elf/include/c++/9.2.0/bits/stringfwd.h
pynq-v3.0-binaries/gcc-mb/microblazeel-xilinx-elf/microblazeel-xilinx-elf/include/c++/9.2.0/bits/exception_ptr.h
pynq-v3.0-binaries/gcc-mb/microblazeel-xilinx-elf/microblazeel-xilinx-elf/include/c++/9.2.0/bits/algorithmfwd.h
pynq-v3.0-binaries/gcc-mb/microblazeel-xilinx-elf/microblazeel-xilinx-elf/include/c++/9.2.0/bits/invoke.h
pynq-v3.0-binaries/gcc-mb/microblazeel-xilinx-elf/microblazeel-xilinx-elf/include/c++/9.2.0/bits/stl_iterator_base_types.h
pynq-v3.0-binaries/gcc-mb/microblazeel-xilinx-elf/microblazeel-xilinx-elf/include/c++/9.2.0/bits/regex_error.h
pynq-v3.0-binaries/gcc-mb/microblazeel-xilinx-elf/microblazeel-xilinx-elf/include/c++/9.2.0/bits/gslice_array.h
pynq-v3.0-binaries/gcc-mb/microblazeel-xilinx-elf/microblazeel-xilinx-elf/include/c++/9.2.0/bits/c++0x_warning.h
pynq-v3.0-binaries/gcc-mb/microblazeel-xilinx-elf/microblazeel-xilinx-elf/include/c++/9.2.0/bits/enable_special_members.h
pynq-v3.0-binaries/gcc-mb/microblazeel-xilinx-elf/microblazeel-xilinx-elf/include/c++/9.2.0/bits/regex_automaton.tcc
pynq-v3.0-binaries/gcc-mb/microblazeel-xilinx-elf/microblazeel-xilinx-elf/include/c++/9.2.0/bits/specfun.h
pynq-v3.0-binaries/gcc-mb/microblazeel-xilinx-elf/microblazeel-xilinx-elf/include/c++/9.2.0/bits/stream_iterator.h
pynq-v3.0-binaries/gcc-mb/microblazeel-xilinx-elf/microblazeel-xilinx-elf/include/c++/9.2.0/cuchar
pynq-v3.0-binaries/gcc-mb/microblazeel-xilinx-elf/microblazeel-xilinx-elf/include/c++/9.2.0/tr2/
pynq-v3.0-binaries/gcc-mb/microblazeel-xilinx-elf/microblazeel-xilinx-elf/include/c++/9.2.0/tr2/type_traits
pynq-v3.0-binaries/gcc-mb/microblazeel-xilinx-elf/microblazeel-xilinx-elf/include/c++/9.2.0/tr2/bool_set
pynq-v3.0-binaries/gcc-mb/microblazeel-xilinx-elf/microblazeel-xilinx-elf/include/c++/9.2.0/tr2/bool_set.tcc
pynq-v3.0-binaries/gcc-mb/microblazeel-xilinx-elf/microblazeel-xilinx-elf/include/c++/9.2.0/tr2/dynamic_bitset
pynq-v3.0-binaries/gcc-mb/microblazeel-xilinx-elf/microblazeel-xilinx-elf/include/c++/9.2.0/tr2/dynamic_bitset.tcc
pynq-v3.0-binaries/gcc-mb/microblazeel-xilinx-elf/microblazeel-xilinx-elf/include/c++/9.2.0/tr2/ratio
pynq-v3.0-binaries/gcc-mb/microblazeel-xilinx-elf/microblazeel-xilinx-elf/include/c++/9.2.0/iterator
pynq-v3.0-binaries/gcc-mb/microblazeel-xilinx-elf/microblazeel-xilinx-elf/include/c++/9.2.0/string_view
pynq-v3.0-binaries/gcc-mb/microblazeel-xilinx-elf/microblazeel-xilinx-elf/include/c++/9.2.0/regex
pynq-v3.0-binaries/gcc-mb/microblazeel-xilinx-elf/microblazeel-xilinx-elf/include/c++/9.2.0/queue
pynq-v3.0-binaries/gcc-mb/microblazeel-xilinx-elf/microblazeel-xilinx-elf/include/c++/9.2.0/valarray
pynq-v3.0-binaries/gcc-mb/microblazeel-xilinx-elf/microblazeel-xilinx-elf/include/wordexp.h
pynq-v3.0-binaries/gcc-mb/microblazeel-xilinx-elf/microblazeel-xilinx-elf/include/memory.h
pynq-v3.0-binaries/gcc-mb/microblazeel-xilinx-elf/microblazeel-xilinx-elf/include/tgmath.h
pynq-v3.0-binaries/gcc-mb/microblazeel-xilinx-elf/microblazeel-xilinx-elf/include/limits.h
pynq-v3.0-binaries/gcc-mb/microblazeel-xilinx-elf/microblazeel-xilinx-elf/include/sched.h
pynq-v3.0-binaries/gcc-mb/microblazeel-xilinx-elf/microblazeel-xilinx-elf/include/threads.h
pynq-v3.0-binaries/gcc-mb/microblazeel-xilinx-elf/microblazeel-xilinx-elf/include/machine/
pynq-v3.0-binaries/gcc-mb/microblazeel-xilinx-elf/microblazeel-xilinx-elf/include/machine/param.h
pynq-v3.0-binaries/gcc-mb/microblazeel-xilinx-elf/microblazeel-xilinx-elf/include/machine/stdlib.h
pynq-v3.0-binaries/gcc-mb/microblazeel-xilinx-elf/microblazeel-xilinx-elf/include/machine/_types.h
pynq-v3.0-binaries/gcc-mb/microblazeel-xilinx-elf/microblazeel-xilinx-elf/include/machine/ansi.h
pynq-v3.0-binaries/gcc-mb/microblazeel-xilinx-elf/microblazeel-xilinx-elf/include/machine/_time.h
pynq-v3.0-binaries/gcc-mb/microblazeel-xilinx-elf/microblazeel-xilinx-elf/include/machine/_default_types.h
pynq-v3.0-binaries/gcc-mb/microblazeel-xilinx-elf/microblazeel-xilinx-elf/include/machine/types.h
pynq-v3.0-binaries/gcc-mb/microblazeel-xilinx-elf/microblazeel-xilinx-elf/include/machine/termios.h
pynq-v3.0-binaries/gcc-mb/microblazeel-xilinx-elf/microblazeel-xilinx-elf/include/machine/setjmp-dj.h
pynq-v3.0-binaries/gcc-mb/microblazeel-xilinx-elf/microblazeel-xilinx-elf/include/machine/setjmp.h
pynq-v3.0-binaries/gcc-mb/microblazeel-xilinx-elf/microblazeel-xilinx-elf/include/machine/_arc4random.h
pynq-v3.0-binaries/gcc-mb/microblazeel-xilinx-elf/microblazeel-xilinx-elf/include/machine/malloc.h
pynq-v3.0-binaries/gcc-mb/microblazeel-xilinx-elf/microblazeel-xilinx-elf/include/machine/fastmath.h
pynq-v3.0-binaries/gcc-mb/microblazeel-xilinx-elf/microblazeel-xilinx-elf/include/machine/ieeefp.h
pynq-v3.0-binaries/gcc-mb/microblazeel-xilinx-elf/microblazeel-xilinx-elf/include/machine/_endian.h
pynq-v3.0-binaries/gcc-mb/microblazeel-xilinx-elf/microblazeel-xilinx-elf/include/machine/endian.h
pynq-v3.0-binaries/gcc-mb/microblazeel-xilinx-elf/microblazeel-xilinx-elf/include/machine/time.h
pynq-v3.0-binaries/gcc-mb/microblazeel-xilinx-elf/microblazeel-xilinx-elf/include/regdef.h
pynq-v3.0-binaries/gcc-mb/microblazeel-xilinx-elf/microblazeel-xilinx-elf/include/langinfo.h
pynq-v3.0-binaries/gcc-mb/microblazeel-xilinx-elf/microblazeel-xilinx-elf/include/_syslist.h
pynq-v3.0-binaries/gcc-mb/microblazeel-xilinx-elf/microblazeel-xilinx-elf/include/devctl.h
pynq-v3.0-binaries/gcc-mb/microblazeel-xilinx-elf/microblazeel-xilinx-elf/include/grp.h
pynq-v3.0-binaries/gcc-mb/microblazeel-xilinx-elf/microblazeel-xilinx-elf/include/complex.h
pynq-v3.0-binaries/gcc-mb/microblazeel-xilinx-elf/microblazeel-xilinx-elf/include/dirent.h
pynq-v3.0-binaries/gcc-mb/microblazeel-xilinx-elf/microblazeel-xilinx-elf/include/string.h
pynq-v3.0-binaries/gcc-mb/microblazeel-xilinx-elf/microblazeel-xilinx-elf/include/utmp.h
pynq-v3.0-binaries/gcc-mb/microblazeel-xilinx-elf/microblazeel-xilinx-elf/include/wchar.h
pynq-v3.0-binaries/gcc-mb/microblazeel-xilinx-elf/microblazeel-xilinx-elf/include/unctrl.h
pynq-v3.0-binaries/gcc-mb/microblazeel-xilinx-elf/microblazeel-xilinx-elf/include/spawn.h
pynq-v3.0-binaries/gcc-mb/microblazeel-xilinx-elf/microblazeel-xilinx-elf/include/paths.h
pynq-v3.0-binaries/gcc-mb/microblazeel-xilinx-elf/microblazeel-xilinx-elf/include/termios.h
pynq-v3.0-binaries/gcc-mb/microblazeel-xilinx-elf/microblazeel-xilinx-elf/include/pwd.h
pynq-v3.0-binaries/gcc-mb/microblazeel-xilinx-elf/microblazeel-xilinx-elf/include/alloca.h
pynq-v3.0-binaries/gcc-mb/microblazeel-xilinx-elf/microblazeel-xilinx-elf/include/glob.h
pynq-v3.0-binaries/gcc-mb/microblazeel-xilinx-elf/microblazeel-xilinx-elf/include/math.h
pynq-v3.0-binaries/gcc-mb/microblazeel-xilinx-elf/microblazeel-xilinx-elf/include/pthread.h
pynq-v3.0-binaries/gcc-mb/microblazeel-xilinx-elf/microblazeel-xilinx-elf/include/_newlib_version.h
pynq-v3.0-binaries/gcc-mb/microblazeel-xilinx-elf/microblazeel-xilinx-elf/include/tar.h
pynq-v3.0-binaries/gcc-mb/microblazeel-xilinx-elf/microblazeel-xilinx-elf/include/ctype.h
pynq-v3.0-binaries/gcc-mb/microblazeel-xilinx-elf/microblazeel-xilinx-elf/include/errno.h
pynq-v3.0-binaries/gcc-mb/microblazeel-xilinx-elf/microblazeel-xilinx-elf/include/setjmp.h
pynq-v3.0-binaries/gcc-mb/microblazeel-xilinx-elf/microblazeel-xilinx-elf/include/cpio.h
pynq-v3.0-binaries/gcc-mb/microblazeel-xilinx-elf/microblazeel-xilinx-elf/include/locale.h
pynq-v3.0-binaries/gcc-mb/microblazeel-xilinx-elf/microblazeel-xilinx-elf/include/fcntl.h
pynq-v3.0-binaries/gcc-mb/microblazeel-xilinx-elf/microblazeel-xilinx-elf/include/malloc.h
pynq-v3.0-binaries/gcc-mb/microblazeel-xilinx-elf/microblazeel-xilinx-elf/include/sys/
pynq-v3.0-binaries/gcc-mb/microblazeel-xilinx-elf/microblazeel-xilinx-elf/include/sys/signal.h
pynq-v3.0-binaries/gcc-mb/microblazeel-xilinx-elf/microblazeel-xilinx-elf/include/sys/param.h
pynq-v3.0-binaries/gcc-mb/microblazeel-xilinx-elf/microblazeel-xilinx-elf/include/sys/_types.h
pynq-v3.0-binaries/gcc-mb/microblazeel-xilinx-elf/microblazeel-xilinx-elf/include/sys/unistd.h
pynq-v3.0-binaries/gcc-mb/microblazeel-xilinx-elf/microblazeel-xilinx-elf/include/sys/times.h
pynq-v3.0-binaries/gcc-mb/microblazeel-xilinx-elf/microblazeel-xilinx-elf/include/sys/syslimits.h
pynq-v3.0-binaries/gcc-mb/microblazeel-xilinx-elf/microblazeel-xilinx-elf/include/sys/wait.h
pynq-v3.0-binaries/gcc-mb/microblazeel-xilinx-elf/microblazeel-xilinx-elf/include/sys/config.h
pynq-v3.0-binaries/gcc-mb/microblazeel-xilinx-elf/microblazeel-xilinx-elf/include/sys/select.h
pynq-v3.0-binaries/gcc-mb/microblazeel-xilinx-elf/microblazeel-xilinx-elf/include/sys/sched.h
pynq-v3.0-binaries/gcc-mb/microblazeel-xilinx-elf/microblazeel-xilinx-elf/include/sys/tree.h
pynq-v3.0-binaries/gcc-mb/microblazeel-xilinx-elf/microblazeel-xilinx-elf/include/sys/_pthreadtypes.h
pynq-v3.0-binaries/gcc-mb/microblazeel-xilinx-elf/microblazeel-xilinx-elf/include/sys/types.h
pynq-v3.0-binaries/gcc-mb/microblazeel-xilinx-elf/microblazeel-xilinx-elf/include/sys/resource.h
pynq-v3.0-binaries/gcc-mb/microblazeel-xilinx-elf/microblazeel-xilinx-elf/include/sys/dirent.h
pynq-v3.0-binaries/gcc-mb/microblazeel-xilinx-elf/microblazeel-xilinx-elf/include/sys/string.h
pynq-v3.0-binaries/gcc-mb/microblazeel-xilinx-elf/microblazeel-xilinx-elf/include/sys/_sigset.h
pynq-v3.0-binaries/gcc-mb/microblazeel-xilinx-elf/microblazeel-xilinx-elf/include/sys/file.h
pynq-v3.0-binaries/gcc-mb/microblazeel-xilinx-elf/microblazeel-xilinx-elf/include/sys/dir.h
pynq-v3.0-binaries/gcc-mb/microblazeel-xilinx-elf/microblazeel-xilinx-elf/include/sys/errno.h
pynq-v3.0-binaries/gcc-mb/microblazeel-xilinx-elf/microblazeel-xilinx-elf/include/sys/_default_fcntl.h
pynq-v3.0-binaries/gcc-mb/microblazeel-xilinx-elf/microblazeel-xilinx-elf/include/sys/fcntl.h
pynq-v3.0-binaries/gcc-mb/microblazeel-xilinx-elf/microblazeel-xilinx-elf/include/sys/timeb.h
pynq-v3.0-binaries/gcc-mb/microblazeel-xilinx-elf/microblazeel-xilinx-elf/include/sys/lock.h
pynq-v3.0-binaries/gcc-mb/microblazeel-xilinx-elf/microblazeel-xilinx-elf/include/sys/_timeval.h
pynq-v3.0-binaries/gcc-mb/microblazeel-xilinx-elf/microblazeel-xilinx-elf/include/sys/utime.h
pynq-v3.0-binaries/gcc-mb/microblazeel-xilinx-elf/microblazeel-xilinx-elf/include/sys/cdefs.h
pynq-v3.0-binaries/gcc-mb/microblazeel-xilinx-elf/microblazeel-xilinx-elf/include/sys/iconvnls.h
pynq-v3.0-binaries/gcc-mb/microblazeel-xilinx-elf/microblazeel-xilinx-elf/include/sys/queue.h
pynq-v3.0-binaries/gcc-mb/microblazeel-xilinx-elf/microblazeel-xilinx-elf/include/sys/_timespec.h
pynq-v3.0-binaries/gcc-mb/microblazeel-xilinx-elf/microblazeel-xilinx-elf/include/sys/_intsup.h
pynq-v3.0-binaries/gcc-mb/microblazeel-xilinx-elf/microblazeel-xilinx-elf/include/sys/_stdint.h
pynq-v3.0-binaries/gcc-mb/microblazeel-xilinx-elf/microblazeel-xilinx-elf/include/sys/stat.h
pynq-v3.0-binaries/gcc-mb/microblazeel-xilinx-elf/microblazeel-xilinx-elf/include/sys/reent.h
pynq-v3.0-binaries/gcc-mb/microblazeel-xilinx-elf/microblazeel-xilinx-elf/include/sys/stdio.h
pynq-v3.0-binaries/gcc-mb/microblazeel-xilinx-elf/microblazeel-xilinx-elf/include/sys/timespec.h
pynq-v3.0-binaries/gcc-mb/microblazeel-xilinx-elf/microblazeel-xilinx-elf/include/sys/features.h
pynq-v3.0-binaries/gcc-mb/microblazeel-xilinx-elf/microblazeel-xilinx-elf/include/sys/time.h
pynq-v3.0-binaries/gcc-mb/microblazeel-xilinx-elf/microblazeel-xilinx-elf/include/sys/custom_file.h
pynq-v3.0-binaries/gcc-mb/microblazeel-xilinx-elf/microblazeel-xilinx-elf/include/utime.h
pynq-v3.0-binaries/gcc-mb/microblazeel-xilinx-elf/microblazeel-xilinx-elf/include/_ansi.h
pynq-v3.0-binaries/gcc-mb/microblazeel-xilinx-elf/microblazeel-xilinx-elf/include/newlib.h
pynq-v3.0-binaries/gcc-mb/microblazeel-xilinx-elf/microblazeel-xilinx-elf/include/fastmath.h
pynq-v3.0-binaries/gcc-mb/microblazeel-xilinx-elf/microblazeel-xilinx-elf/include/argz.h
pynq-v3.0-binaries/gcc-mb/microblazeel-xilinx-elf/microblazeel-xilinx-elf/include/ieeefp.h
pynq-v3.0-binaries/gcc-mb/microblazeel-xilinx-elf/microblazeel-xilinx-elf/include/stdint.h
pynq-v3.0-binaries/gcc-mb/microblazeel-xilinx-elf/microblazeel-xilinx-elf/include/rpc/
pynq-v3.0-binaries/gcc-mb/microblazeel-xilinx-elf/microblazeel-xilinx-elf/include/ar.h
pynq-v3.0-binaries/gcc-mb/microblazeel-xilinx-elf/microblazeel-xilinx-elf/include/fnmatch.h
pynq-v3.0-binaries/gcc-mb/microblazeel-xilinx-elf/microblazeel-xilinx-elf/include/assert.h
pynq-v3.0-binaries/gcc-mb/microblazeel-xilinx-elf/microblazeel-xilinx-elf/include/bits/
pynq-v3.0-binaries/gcc-mb/microblazeel-xilinx-elf/microblazeel-xilinx-elf/include/reent.h
pynq-v3.0-binaries/gcc-mb/microblazeel-xilinx-elf/microblazeel-xilinx-elf/include/stdio.h
pynq-v3.0-binaries/gcc-mb/microblazeel-xilinx-elf/microblazeel-xilinx-elf/include/envlock.h
pynq-v3.0-binaries/gcc-mb/microblazeel-xilinx-elf/microblazeel-xilinx-elf/include/regex.h
pynq-v3.0-binaries/gcc-mb/microblazeel-xilinx-elf/microblazeel-xilinx-elf/include/stdio_ext.h
pynq-v3.0-binaries/gcc-mb/microblazeel-xilinx-elf/microblazeel-xilinx-elf/include/strings.h
pynq-v3.0-binaries/gcc-mb/microblazeel-xilinx-elf/microblazeel-xilinx-elf/include/inttypes.h
pynq-v3.0-binaries/gcc-mb/microblazeel-xilinx-elf/microblazeel-xilinx-elf/include/time.h
pynq-v3.0-binaries/gcc-mb/microblazeel-xilinx-elf/microblazeel-xilinx-elf/lib/
pynq-v3.0-binaries/gcc-mb/microblazeel-xilinx-elf/microblazeel-xilinx-elf/lib/libnosys.a
pynq-v3.0-binaries/gcc-mb/microblazeel-xilinx-elf/microblazeel-xilinx-elf/lib/sim-crtinit.o
pynq-v3.0-binaries/gcc-mb/microblazeel-xilinx-elf/microblazeel-xilinx-elf/lib/libm.a
pynq-v3.0-binaries/gcc-mb/microblazeel-xilinx-elf/microblazeel-xilinx-elf/lib/sim-pgcrtinit.o
pynq-v3.0-binaries/gcc-mb/microblazeel-xilinx-elf/microblazeel-xilinx-elf/lib/crt3.o
pynq-v3.0-binaries/gcc-mb/microblazeel-xilinx-elf/microblazeel-xilinx-elf/lib/pgcrtinit.o
pynq-v3.0-binaries/gcc-mb/microblazeel-xilinx-elf/microblazeel-xilinx-elf/lib/libg.a
pynq-v3.0-binaries/gcc-mb/microblazeel-xilinx-elf/microblazeel-xilinx-elf/lib/libgloss-linux.a
pynq-v3.0-binaries/gcc-mb/microblazeel-xilinx-elf/microblazeel-xilinx-elf/lib/libsupc++.a
pynq-v3.0-binaries/gcc-mb/microblazeel-xilinx-elf/microblazeel-xilinx-elf/lib/crt2.o
pynq-v3.0-binaries/gcc-mb/microblazeel-xilinx-elf/microblazeel-xilinx-elf/lib/nosys.specs
pynq-v3.0-binaries/gcc-mb/microblazeel-xilinx-elf/microblazeel-xilinx-elf/lib/crtinit.o
pynq-v3.0-binaries/gcc-mb/microblazeel-xilinx-elf/microblazeel-xilinx-elf/lib/linux-crt0.o
pynq-v3.0-binaries/gcc-mb/microblazeel-xilinx-elf/microblazeel-xilinx-elf/lib/libstdc++.a
pynq-v3.0-binaries/gcc-mb/microblazeel-xilinx-elf/microblazeel-xilinx-elf/lib/xilinx.ld
pynq-v3.0-binaries/gcc-mb/microblazeel-xilinx-elf/microblazeel-xilinx-elf/lib/crt0.o
pynq-v3.0-binaries/gcc-mb/microblazeel-xilinx-elf/microblazeel-xilinx-elf/lib/libgloss.a
pynq-v3.0-binaries/gcc-mb/microblazeel-xilinx-elf/microblazeel-xilinx-elf/lib/elf-gloss-linux.specs
pynq-v3.0-binaries/gcc-mb/microblazeel-xilinx-elf/microblazeel-xilinx-elf/lib/crt4.o
pynq-v3.0-binaries/gcc-mb/microblazeel-xilinx-elf/microblazeel-xilinx-elf/lib/crt1.o
pynq-v3.0-binaries/gcc-mb/microblazeel-xilinx-elf/microblazeel-xilinx-elf/lib/libc.a
pynq-v3.0-binaries/gcc-mb/microblazeel-xilinx-elf/microblazeel-xilinx-elf/lib/libstdc++.a-gdb.py
pynq-v3.0-binaries/gcc-mb/microblazeel-xilinx-elf/microblazeel-xilinx-elf/usr/
pynq-v3.0-binaries/gcc-mb/microblazeel-xilinx-elf/microblazeel-xilinx-elf/usr/lib/
pynq-v3.0-binaries/gcc-mb/microblazeel-xilinx-elf/microblazeel-xilinx-elf/sys-include/
pynq-v3.0-binaries/gcc-mb/microblazeel-xilinx-elf/microblazeel-xilinx-elf/sys-include/COPIED
pynq-v3.0-binaries/gcc-mb/microblazeel-xilinx-elf/microblazeel-xilinx-elf/sys-include/stdatomic.h
pynq-v3.0-binaries/gcc-mb/microblazeel-xilinx-elf/microblazeel-xilinx-elf/sys-include/envz.h
pynq-v3.0-binaries/gcc-mb/microblazeel-xilinx-elf/microblazeel-xilinx-elf/sys-include/signal.h
pynq-v3.0-binaries/gcc-mb/microblazeel-xilinx-elf/microblazeel-xilinx-elf/sys-include/ssp/
pynq-v3.0-binaries/gcc-mb/microblazeel-xilinx-elf/microblazeel-xilinx-elf/sys-include/ssp/stdlib.h
pynq-v3.0-binaries/gcc-mb/microblazeel-xilinx-elf/microblazeel-xilinx-elf/sys-include/ssp/unistd.h
pynq-v3.0-binaries/gcc-mb/microblazeel-xilinx-elf/microblazeel-xilinx-elf/sys-include/ssp/ssp.h
pynq-v3.0-binaries/gcc-mb/microblazeel-xilinx-elf/microblazeel-xilinx-elf/sys-include/ssp/string.h
pynq-v3.0-binaries/gcc-mb/microblazeel-xilinx-elf/microblazeel-xilinx-elf/sys-include/ssp/wchar.h
pynq-v3.0-binaries/gcc-mb/microblazeel-xilinx-elf/microblazeel-xilinx-elf/sys-include/ssp/stdio.h
pynq-v3.0-binaries/gcc-mb/microblazeel-xilinx-elf/microblazeel-xilinx-elf/sys-include/ssp/strings.h
pynq-v3.0-binaries/gcc-mb/microblazeel-xilinx-elf/microblazeel-xilinx-elf/sys-include/getopt.h
pynq-v3.0-binaries/gcc-mb/microblazeel-xilinx-elf/microblazeel-xilinx-elf/sys-include/wctype.h
pynq-v3.0-binaries/gcc-mb/microblazeel-xilinx-elf/microblazeel-xilinx-elf/sys-include/stdlib.h
pynq-v3.0-binaries/gcc-mb/microblazeel-xilinx-elf/microblazeel-xilinx-elf/sys-include/libgen.h
pynq-v3.0-binaries/gcc-mb/microblazeel-xilinx-elf/microblazeel-xilinx-elf/sys-include/search.h
pynq-v3.0-binaries/gcc-mb/microblazeel-xilinx-elf/microblazeel-xilinx-elf/sys-include/iconv.h
pynq-v3.0-binaries/gcc-mb/microblazeel-xilinx-elf/microblazeel-xilinx-elf/sys-include/unistd.h
pynq-v3.0-binaries/gcc-mb/microblazeel-xilinx-elf/microblazeel-xilinx-elf/sys-include/elf.h
pynq-v3.0-binaries/gcc-mb/microblazeel-xilinx-elf/microblazeel-xilinx-elf/sys-include/xlocale.h
pynq-v3.0-binaries/gcc-mb/microblazeel-xilinx-elf/microblazeel-xilinx-elf/sys-include/wordexp.h
pynq-v3.0-binaries/gcc-mb/microblazeel-xilinx-elf/microblazeel-xilinx-elf/sys-include/memory.h
pynq-v3.0-binaries/gcc-mb/microblazeel-xilinx-elf/microblazeel-xilinx-elf/sys-include/tgmath.h
pynq-v3.0-binaries/gcc-mb/microblazeel-xilinx-elf/microblazeel-xilinx-elf/sys-include/limits.h
pynq-v3.0-binaries/gcc-mb/microblazeel-xilinx-elf/microblazeel-xilinx-elf/sys-include/sched.h
pynq-v3.0-binaries/gcc-mb/microblazeel-xilinx-elf/microblazeel-xilinx-elf/sys-include/threads.h
pynq-v3.0-binaries/gcc-mb/microblazeel-xilinx-elf/microblazeel-xilinx-elf/sys-include/machine/
pynq-v3.0-binaries/gcc-mb/microblazeel-xilinx-elf/microblazeel-xilinx-elf/sys-include/machine/param.h
pynq-v3.0-binaries/gcc-mb/microblazeel-xilinx-elf/microblazeel-xilinx-elf/sys-include/machine/stdlib.h
pynq-v3.0-binaries/gcc-mb/microblazeel-xilinx-elf/microblazeel-xilinx-elf/sys-include/machine/_types.h
pynq-v3.0-binaries/gcc-mb/microblazeel-xilinx-elf/microblazeel-xilinx-elf/sys-include/machine/ansi.h
pynq-v3.0-binaries/gcc-mb/microblazeel-xilinx-elf/microblazeel-xilinx-elf/sys-include/machine/_time.h
pynq-v3.0-binaries/gcc-mb/microblazeel-xilinx-elf/microblazeel-xilinx-elf/sys-include/machine/_default_types.h
pynq-v3.0-binaries/gcc-mb/microblazeel-xilinx-elf/microblazeel-xilinx-elf/sys-include/machine/types.h
pynq-v3.0-binaries/gcc-mb/microblazeel-xilinx-elf/microblazeel-xilinx-elf/sys-include/machine/termios.h
pynq-v3.0-binaries/gcc-mb/microblazeel-xilinx-elf/microblazeel-xilinx-elf/sys-include/machine/setjmp-dj.h
pynq-v3.0-binaries/gcc-mb/microblazeel-xilinx-elf/microblazeel-xilinx-elf/sys-include/machine/setjmp.h
pynq-v3.0-binaries/gcc-mb/microblazeel-xilinx-elf/microblazeel-xilinx-elf/sys-include/machine/_arc4random.h
pynq-v3.0-binaries/gcc-mb/microblazeel-xilinx-elf/microblazeel-xilinx-elf/sys-include/machine/malloc.h
pynq-v3.0-binaries/gcc-mb/microblazeel-xilinx-elf/microblazeel-xilinx-elf/sys-include/machine/fastmath.h
pynq-v3.0-binaries/gcc-mb/microblazeel-xilinx-elf/microblazeel-xilinx-elf/sys-include/machine/ieeefp.h
pynq-v3.0-binaries/gcc-mb/microblazeel-xilinx-elf/microblazeel-xilinx-elf/sys-include/machine/_endian.h
pynq-v3.0-binaries/gcc-mb/microblazeel-xilinx-elf/microblazeel-xilinx-elf/sys-include/machine/endian.h
pynq-v3.0-binaries/gcc-mb/microblazeel-xilinx-elf/microblazeel-xilinx-elf/sys-include/machine/time.h
pynq-v3.0-binaries/gcc-mb/microblazeel-xilinx-elf/microblazeel-xilinx-elf/sys-include/regdef.h
pynq-v3.0-binaries/gcc-mb/microblazeel-xilinx-elf/microblazeel-xilinx-elf/sys-include/langinfo.h
pynq-v3.0-binaries/gcc-mb/microblazeel-xilinx-elf/microblazeel-xilinx-elf/sys-include/_syslist.h
pynq-v3.0-binaries/gcc-mb/microblazeel-xilinx-elf/microblazeel-xilinx-elf/sys-include/devctl.h
pynq-v3.0-binaries/gcc-mb/microblazeel-xilinx-elf/microblazeel-xilinx-elf/sys-include/grp.h
pynq-v3.0-binaries/gcc-mb/microblazeel-xilinx-elf/microblazeel-xilinx-elf/sys-include/complex.h
pynq-v3.0-binaries/gcc-mb/microblazeel-xilinx-elf/microblazeel-xilinx-elf/sys-include/dirent.h
pynq-v3.0-binaries/gcc-mb/microblazeel-xilinx-elf/microblazeel-xilinx-elf/sys-include/string.h
pynq-v3.0-binaries/gcc-mb/microblazeel-xilinx-elf/microblazeel-xilinx-elf/sys-include/utmp.h
pynq-v3.0-binaries/gcc-mb/microblazeel-xilinx-elf/microblazeel-xilinx-elf/sys-include/wchar.h
pynq-v3.0-binaries/gcc-mb/microblazeel-xilinx-elf/microblazeel-xilinx-elf/sys-include/unctrl.h
pynq-v3.0-binaries/gcc-mb/microblazeel-xilinx-elf/microblazeel-xilinx-elf/sys-include/spawn.h
pynq-v3.0-binaries/gcc-mb/microblazeel-xilinx-elf/microblazeel-xilinx-elf/sys-include/paths.h
pynq-v3.0-binaries/gcc-mb/microblazeel-xilinx-elf/microblazeel-xilinx-elf/sys-include/termios.h
pynq-v3.0-binaries/gcc-mb/microblazeel-xilinx-elf/microblazeel-xilinx-elf/sys-include/pwd.h
pynq-v3.0-binaries/gcc-mb/microblazeel-xilinx-elf/microblazeel-xilinx-elf/sys-include/alloca.h
pynq-v3.0-binaries/gcc-mb/microblazeel-xilinx-elf/microblazeel-xilinx-elf/sys-include/glob.h
pynq-v3.0-binaries/gcc-mb/microblazeel-xilinx-elf/microblazeel-xilinx-elf/sys-include/math.h
pynq-v3.0-binaries/gcc-mb/microblazeel-xilinx-elf/microblazeel-xilinx-elf/sys-include/pthread.h
pynq-v3.0-binaries/gcc-mb/microblazeel-xilinx-elf/microblazeel-xilinx-elf/sys-include/_newlib_version.h
pynq-v3.0-binaries/gcc-mb/microblazeel-xilinx-elf/microblazeel-xilinx-elf/sys-include/tar.h
pynq-v3.0-binaries/gcc-mb/microblazeel-xilinx-elf/microblazeel-xilinx-elf/sys-include/ctype.h
pynq-v3.0-binaries/gcc-mb/microblazeel-xilinx-elf/microblazeel-xilinx-elf/sys-include/errno.h
pynq-v3.0-binaries/gcc-mb/microblazeel-xilinx-elf/microblazeel-xilinx-elf/sys-include/setjmp.h
pynq-v3.0-binaries/gcc-mb/microblazeel-xilinx-elf/microblazeel-xilinx-elf/sys-include/cpio.h
pynq-v3.0-binaries/gcc-mb/microblazeel-xilinx-elf/microblazeel-xilinx-elf/sys-include/locale.h
pynq-v3.0-binaries/gcc-mb/microblazeel-xilinx-elf/microblazeel-xilinx-elf/sys-include/fcntl.h
pynq-v3.0-binaries/gcc-mb/microblazeel-xilinx-elf/microblazeel-xilinx-elf/sys-include/malloc.h
pynq-v3.0-binaries/gcc-mb/microblazeel-xilinx-elf/microblazeel-xilinx-elf/sys-include/sys/
pynq-v3.0-binaries/gcc-mb/microblazeel-xilinx-elf/microblazeel-xilinx-elf/sys-include/sys/signal.h
pynq-v3.0-binaries/gcc-mb/microblazeel-xilinx-elf/microblazeel-xilinx-elf/sys-include/sys/param.h
pynq-v3.0-binaries/gcc-mb/microblazeel-xilinx-elf/microblazeel-xilinx-elf/sys-include/sys/_types.h
pynq-v3.0-binaries/gcc-mb/microblazeel-xilinx-elf/microblazeel-xilinx-elf/sys-include/sys/unistd.h
pynq-v3.0-binaries/gcc-mb/microblazeel-xilinx-elf/microblazeel-xilinx-elf/sys-include/sys/times.h
pynq-v3.0-binaries/gcc-mb/microblazeel-xilinx-elf/microblazeel-xilinx-elf/sys-include/sys/syslimits.h
pynq-v3.0-binaries/gcc-mb/microblazeel-xilinx-elf/microblazeel-xilinx-elf/sys-include/sys/wait.h
pynq-v3.0-binaries/gcc-mb/microblazeel-xilinx-elf/microblazeel-xilinx-elf/sys-include/sys/config.h
pynq-v3.0-binaries/gcc-mb/microblazeel-xilinx-elf/microblazeel-xilinx-elf/sys-include/sys/select.h
pynq-v3.0-binaries/gcc-mb/microblazeel-xilinx-elf/microblazeel-xilinx-elf/sys-include/sys/sched.h
pynq-v3.0-binaries/gcc-mb/microblazeel-xilinx-elf/microblazeel-xilinx-elf/sys-include/sys/tree.h
pynq-v3.0-binaries/gcc-mb/microblazeel-xilinx-elf/microblazeel-xilinx-elf/sys-include/sys/_pthreadtypes.h
pynq-v3.0-binaries/gcc-mb/microblazeel-xilinx-elf/microblazeel-xilinx-elf/sys-include/sys/types.h
pynq-v3.0-binaries/gcc-mb/microblazeel-xilinx-elf/microblazeel-xilinx-elf/sys-include/sys/resource.h
pynq-v3.0-binaries/gcc-mb/microblazeel-xilinx-elf/microblazeel-xilinx-elf/sys-include/sys/dirent.h
pynq-v3.0-binaries/gcc-mb/microblazeel-xilinx-elf/microblazeel-xilinx-elf/sys-include/sys/string.h
pynq-v3.0-binaries/gcc-mb/microblazeel-xilinx-elf/microblazeel-xilinx-elf/sys-include/sys/_sigset.h
pynq-v3.0-binaries/gcc-mb/microblazeel-xilinx-elf/microblazeel-xilinx-elf/sys-include/sys/file.h
pynq-v3.0-binaries/gcc-mb/microblazeel-xilinx-elf/microblazeel-xilinx-elf/sys-include/sys/dir.h
pynq-v3.0-binaries/gcc-mb/microblazeel-xilinx-elf/microblazeel-xilinx-elf/sys-include/sys/errno.h
pynq-v3.0-binaries/gcc-mb/microblazeel-xilinx-elf/microblazeel-xilinx-elf/sys-include/sys/_default_fcntl.h
pynq-v3.0-binaries/gcc-mb/microblazeel-xilinx-elf/microblazeel-xilinx-elf/sys-include/sys/fcntl.h
pynq-v3.0-binaries/gcc-mb/microblazeel-xilinx-elf/microblazeel-xilinx-elf/sys-include/sys/timeb.h
pynq-v3.0-binaries/gcc-mb/microblazeel-xilinx-elf/microblazeel-xilinx-elf/sys-include/sys/lock.h
pynq-v3.0-binaries/gcc-mb/microblazeel-xilinx-elf/microblazeel-xilinx-elf/sys-include/sys/_timeval.h
pynq-v3.0-binaries/gcc-mb/microblazeel-xilinx-elf/microblazeel-xilinx-elf/sys-include/sys/utime.h
pynq-v3.0-binaries/gcc-mb/microblazeel-xilinx-elf/microblazeel-xilinx-elf/sys-include/sys/cdefs.h
pynq-v3.0-binaries/gcc-mb/microblazeel-xilinx-elf/microblazeel-xilinx-elf/sys-include/sys/iconvnls.h
pynq-v3.0-binaries/gcc-mb/microblazeel-xilinx-elf/microblazeel-xilinx-elf/sys-include/sys/queue.h
pynq-v3.0-binaries/gcc-mb/microblazeel-xilinx-elf/microblazeel-xilinx-elf/sys-include/sys/_timespec.h
pynq-v3.0-binaries/gcc-mb/microblazeel-xilinx-elf/microblazeel-xilinx-elf/sys-include/sys/_intsup.h
pynq-v3.0-binaries/gcc-mb/microblazeel-xilinx-elf/microblazeel-xilinx-elf/sys-include/sys/_stdint.h
pynq-v3.0-binaries/gcc-mb/microblazeel-xilinx-elf/microblazeel-xilinx-elf/sys-include/sys/stat.h
pynq-v3.0-binaries/gcc-mb/microblazeel-xilinx-elf/microblazeel-xilinx-elf/sys-include/sys/reent.h
pynq-v3.0-binaries/gcc-mb/microblazeel-xilinx-elf/microblazeel-xilinx-elf/sys-include/sys/stdio.h
pynq-v3.0-binaries/gcc-mb/microblazeel-xilinx-elf/microblazeel-xilinx-elf/sys-include/sys/timespec.h
pynq-v3.0-binaries/gcc-mb/microblazeel-xilinx-elf/microblazeel-xilinx-elf/sys-include/sys/features.h
pynq-v3.0-binaries/gcc-mb/microblazeel-xilinx-elf/microblazeel-xilinx-elf/sys-include/sys/time.h
pynq-v3.0-binaries/gcc-mb/microblazeel-xilinx-elf/microblazeel-xilinx-elf/sys-include/sys/custom_file.h
pynq-v3.0-binaries/gcc-mb/microblazeel-xilinx-elf/microblazeel-xilinx-elf/sys-include/utime.h
pynq-v3.0-binaries/gcc-mb/microblazeel-xilinx-elf/microblazeel-xilinx-elf/sys-include/_ansi.h
pynq-v3.0-binaries/gcc-mb/microblazeel-xilinx-elf/microblazeel-xilinx-elf/sys-include/newlib.h
pynq-v3.0-binaries/gcc-mb/microblazeel-xilinx-elf/microblazeel-xilinx-elf/sys-include/fastmath.h
pynq-v3.0-binaries/gcc-mb/microblazeel-xilinx-elf/microblazeel-xilinx-elf/sys-include/argz.h
pynq-v3.0-binaries/gcc-mb/microblazeel-xilinx-elf/microblazeel-xilinx-elf/sys-include/ieeefp.h
pynq-v3.0-binaries/gcc-mb/microblazeel-xilinx-elf/microblazeel-xilinx-elf/sys-include/stdint.h
pynq-v3.0-binaries/gcc-mb/microblazeel-xilinx-elf/microblazeel-xilinx-elf/sys-include/rpc/
pynq-v3.0-binaries/gcc-mb/microblazeel-xilinx-elf/microblazeel-xilinx-elf/sys-include/ar.h
pynq-v3.0-binaries/gcc-mb/microblazeel-xilinx-elf/microblazeel-xilinx-elf/sys-include/fnmatch.h
pynq-v3.0-binaries/gcc-mb/microblazeel-xilinx-elf/microblazeel-xilinx-elf/sys-include/assert.h
pynq-v3.0-binaries/gcc-mb/microblazeel-xilinx-elf/microblazeel-xilinx-elf/sys-include/bits/
pynq-v3.0-binaries/gcc-mb/microblazeel-xilinx-elf/microblazeel-xilinx-elf/sys-include/reent.h
pynq-v3.0-binaries/gcc-mb/microblazeel-xilinx-elf/microblazeel-xilinx-elf/sys-include/stdio.h
pynq-v3.0-binaries/gcc-mb/microblazeel-xilinx-elf/microblazeel-xilinx-elf/sys-include/envlock.h
pynq-v3.0-binaries/gcc-mb/microblazeel-xilinx-elf/microblazeel-xilinx-elf/sys-include/regex.h
pynq-v3.0-binaries/gcc-mb/microblazeel-xilinx-elf/microblazeel-xilinx-elf/sys-include/stdio_ext.h
pynq-v3.0-binaries/gcc-mb/microblazeel-xilinx-elf/microblazeel-xilinx-elf/sys-include/strings.h
pynq-v3.0-binaries/gcc-mb/microblazeel-xilinx-elf/microblazeel-xilinx-elf/sys-include/inttypes.h
pynq-v3.0-binaries/gcc-mb/microblazeel-xilinx-elf/microblazeel-xilinx-elf/sys-include/time.h
pynq-v3.0-binaries/gcc-mb/microblazeel-xilinx-elf/microblazeel-xilinx-elf/bin/
pynq-v3.0-binaries/gcc-mb/microblazeel-xilinx-elf/microblazeel-xilinx-elf/bin/nm
pynq-v3.0-binaries/gcc-mb/microblazeel-xilinx-elf/microblazeel-xilinx-elf/bin/ar
pynq-v3.0-binaries/gcc-mb/microblazeel-xilinx-elf/microblazeel-xilinx-elf/bin/readelf
pynq-v3.0-binaries/gcc-mb/microblazeel-xilinx-elf/microblazeel-xilinx-elf/bin/ranlib
pynq-v3.0-binaries/gcc-mb/microblazeel-xilinx-elf/microblazeel-xilinx-elf/bin/as
pynq-v3.0-binaries/gcc-mb/microblazeel-xilinx-elf/microblazeel-xilinx-elf/bin/strip
pynq-v3.0-binaries/gcc-mb/microblazeel-xilinx-elf/microblazeel-xilinx-elf/bin/objdump
pynq-v3.0-binaries/gcc-mb/microblazeel-xilinx-elf/microblazeel-xilinx-elf/bin/ld
pynq-v3.0-binaries/gcc-mb/microblazeel-xilinx-elf/microblazeel-xilinx-elf/bin/ld.bfd
pynq-v3.0-binaries/gcc-mb/microblazeel-xilinx-elf/microblazeel-xilinx-elf/bin/objcopy
pynq-v3.0-binaries/gcc-mb/microblazeel-xilinx-elf/include/
pynq-v3.0-binaries/gcc-mb/microblazeel-xilinx-elf/build.log.bz2
pynq-v3.0-binaries/gcc-mb/microblazeel-xilinx-elf/libexec/
pynq-v3.0-binaries/gcc-mb/microblazeel-xilinx-elf/libexec/gcc/
pynq-v3.0-binaries/gcc-mb/microblazeel-xilinx-elf/libexec/gcc/microblazeel-xilinx-elf/
pynq-v3.0-binaries/gcc-mb/microblazeel-xilinx-elf/libexec/gcc/microblazeel-xilinx-elf/9.2.0/
pynq-v3.0-binaries/gcc-mb/microblazeel-xilinx-elf/libexec/gcc/microblazeel-xilinx-elf/9.2.0/plugin/
pynq-v3.0-binaries/gcc-mb/microblazeel-xilinx-elf/libexec/gcc/microblazeel-xilinx-elf/9.2.0/plugin/gengtype
pynq-v3.0-binaries/gcc-mb/microblazeel-xilinx-elf/libexec/gcc/microblazeel-xilinx-elf/9.2.0/liblto_plugin.so.0.0.0
pynq-v3.0-binaries/gcc-mb/microblazeel-xilinx-elf/libexec/gcc/microblazeel-xilinx-elf/9.2.0/lto-wrapper
pynq-v3.0-binaries/gcc-mb/microblazeel-xilinx-elf/libexec/gcc/microblazeel-xilinx-elf/9.2.0/collect2
pynq-v3.0-binaries/gcc-mb/microblazeel-xilinx-elf/libexec/gcc/microblazeel-xilinx-elf/9.2.0/cc1plus
pynq-v3.0-binaries/gcc-mb/microblazeel-xilinx-elf/libexec/gcc/microblazeel-xilinx-elf/9.2.0/cc1
pynq-v3.0-binaries/gcc-mb/microblazeel-xilinx-elf/libexec/gcc/microblazeel-xilinx-elf/9.2.0/install-tools/
pynq-v3.0-binaries/gcc-mb/microblazeel-xilinx-elf/libexec/gcc/microblazeel-xilinx-elf/9.2.0/install-tools/fixinc.sh
pynq-v3.0-binaries/gcc-mb/microblazeel-xilinx-elf/libexec/gcc/microblazeel-xilinx-elf/9.2.0/install-tools/mkheaders
pynq-v3.0-binaries/gcc-mb/microblazeel-xilinx-elf/libexec/gcc/microblazeel-xilinx-elf/9.2.0/install-tools/fixincl
pynq-v3.0-binaries/gcc-mb/microblazeel-xilinx-elf/libexec/gcc/microblazeel-xilinx-elf/9.2.0/install-tools/mkinstalldirs
pynq-v3.0-binaries/gcc-mb/microblazeel-xilinx-elf/libexec/gcc/microblazeel-xilinx-elf/9.2.0/lto1
pynq-v3.0-binaries/gcc-mb/microblazeel-xilinx-elf/libexec/gcc/microblazeel-xilinx-elf/9.2.0/liblto_plugin.so.0
pynq-v3.0-binaries/gcc-mb/microblazeel-xilinx-elf/libexec/gcc/microblazeel-xilinx-elf/9.2.0/liblto_plugin.so
pynq-v3.0-binaries/gcc-mb/microblazeel-xilinx-elf/lib/
pynq-v3.0-binaries/gcc-mb/microblazeel-xilinx-elf/lib/ldscripts/
pynq-v3.0-binaries/gcc-mb/microblazeel-xilinx-elf/lib/ldscripts/elf32microblaze.xr
pynq-v3.0-binaries/gcc-mb/microblazeel-xilinx-elf/lib/ldscripts/elf32microblaze.xn
pynq-v3.0-binaries/gcc-mb/microblazeel-xilinx-elf/lib/ldscripts/elf32microblazeel.xbn
pynq-v3.0-binaries/gcc-mb/microblazeel-xilinx-elf/lib/ldscripts/elf32microblaze.xe
pynq-v3.0-binaries/gcc-mb/microblazeel-xilinx-elf/lib/ldscripts/elf32microblazeel.xr
pynq-v3.0-binaries/gcc-mb/microblazeel-xilinx-elf/lib/ldscripts/elf32microblazeel.xe
pynq-v3.0-binaries/gcc-mb/microblazeel-xilinx-elf/lib/ldscripts/elf32microblazeel.xu
pynq-v3.0-binaries/gcc-mb/microblazeel-xilinx-elf/lib/ldscripts/elf32microblazeel.x
pynq-v3.0-binaries/gcc-mb/microblazeel-xilinx-elf/lib/ldscripts/elf32microblaze.xu
pynq-v3.0-binaries/gcc-mb/microblazeel-xilinx-elf/lib/ldscripts/elf32microblaze.x
pynq-v3.0-binaries/gcc-mb/microblazeel-xilinx-elf/lib/ldscripts/elf32microblaze.xbn
pynq-v3.0-binaries/gcc-mb/microblazeel-xilinx-elf/lib/ldscripts/elf32microblazeel.xn
pynq-v3.0-binaries/gcc-mb/microblazeel-xilinx-elf/lib/libcc1.so.0
pynq-v3.0-binaries/gcc-mb/microblazeel-xilinx-elf/lib/gcc/
pynq-v3.0-binaries/gcc-mb/microblazeel-xilinx-elf/lib/gcc/microblazeel-xilinx-elf/
pynq-v3.0-binaries/gcc-mb/microblazeel-xilinx-elf/lib/gcc/microblazeel-xilinx-elf/9.2.0/
pynq-v3.0-binaries/gcc-mb/microblazeel-xilinx-elf/lib/gcc/microblazeel-xilinx-elf/9.2.0/crtbegin.o
pynq-v3.0-binaries/gcc-mb/microblazeel-xilinx-elf/lib/gcc/microblazeel-xilinx-elf/9.2.0/include-fixed/
pynq-v3.0-binaries/gcc-mb/microblazeel-xilinx-elf/lib/gcc/microblazeel-xilinx-elf/9.2.0/include-fixed/syslimits.h
pynq-v3.0-binaries/gcc-mb/microblazeel-xilinx-elf/lib/gcc/microblazeel-xilinx-elf/9.2.0/include-fixed/limits.h
pynq-v3.0-binaries/gcc-mb/microblazeel-xilinx-elf/lib/gcc/microblazeel-xilinx-elf/9.2.0/include-fixed/README
pynq-v3.0-binaries/gcc-mb/microblazeel-xilinx-elf/lib/gcc/microblazeel-xilinx-elf/9.2.0/include/
pynq-v3.0-binaries/gcc-mb/microblazeel-xilinx-elf/lib/gcc/microblazeel-xilinx-elf/9.2.0/include/stdatomic.h
pynq-v3.0-binaries/gcc-mb/microblazeel-xilinx-elf/lib/gcc/microblazeel-xilinx-elf/9.2.0/include/iso646.h
pynq-v3.0-binaries/gcc-mb/microblazeel-xilinx-elf/lib/gcc/microblazeel-xilinx-elf/9.2.0/include/gcov.h
pynq-v3.0-binaries/gcc-mb/microblazeel-xilinx-elf/lib/gcc/microblazeel-xilinx-elf/9.2.0/include/float.h
pynq-v3.0-binaries/gcc-mb/microblazeel-xilinx-elf/lib/gcc/microblazeel-xilinx-elf/9.2.0/include/tgmath.h
pynq-v3.0-binaries/gcc-mb/microblazeel-xilinx-elf/lib/gcc/microblazeel-xilinx-elf/9.2.0/include/unwind.h
pynq-v3.0-binaries/gcc-mb/microblazeel-xilinx-elf/lib/gcc/microblazeel-xilinx-elf/9.2.0/include/stdalign.h
pynq-v3.0-binaries/gcc-mb/microblazeel-xilinx-elf/lib/gcc/microblazeel-xilinx-elf/9.2.0/include/stdbool.h
pynq-v3.0-binaries/gcc-mb/microblazeel-xilinx-elf/lib/gcc/microblazeel-xilinx-elf/9.2.0/include/stdnoreturn.h
pynq-v3.0-binaries/gcc-mb/microblazeel-xilinx-elf/lib/gcc/microblazeel-xilinx-elf/9.2.0/include/stddef.h
pynq-v3.0-binaries/gcc-mb/microblazeel-xilinx-elf/lib/gcc/microblazeel-xilinx-elf/9.2.0/include/stdarg.h
pynq-v3.0-binaries/gcc-mb/microblazeel-xilinx-elf/lib/gcc/microblazeel-xilinx-elf/9.2.0/include/stdint-gcc.h
pynq-v3.0-binaries/gcc-mb/microblazeel-xilinx-elf/lib/gcc/microblazeel-xilinx-elf/9.2.0/include/varargs.h
pynq-v3.0-binaries/gcc-mb/microblazeel-xilinx-elf/lib/gcc/microblazeel-xilinx-elf/9.2.0/include/stdint.h
pynq-v3.0-binaries/gcc-mb/microblazeel-xilinx-elf/lib/gcc/microblazeel-xilinx-elf/9.2.0/include/stdfix.h
pynq-v3.0-binaries/gcc-mb/microblazeel-xilinx-elf/lib/gcc/microblazeel-xilinx-elf/9.2.0/plugin/
pynq-v3.0-binaries/gcc-mb/microblazeel-xilinx-elf/lib/gcc/microblazeel-xilinx-elf/9.2.0/plugin/include/
pynq-v3.0-binaries/gcc-mb/microblazeel-xilinx-elf/lib/gcc/microblazeel-xilinx-elf/9.2.0/plugin/include/insn-constants.h
pynq-v3.0-binaries/gcc-mb/microblazeel-xilinx-elf/lib/gcc/microblazeel-xilinx-elf/9.2.0/plugin/include/tree-inline.h
pynq-v3.0-binaries/gcc-mb/microblazeel-xilinx-elf/lib/gcc/microblazeel-xilinx-elf/9.2.0/plugin/include/diagnostic.def
pynq-v3.0-binaries/gcc-mb/microblazeel-xilinx-elf/lib/gcc/microblazeel-xilinx-elf/9.2.0/plugin/include/params.h
pynq-v3.0-binaries/gcc-mb/microblazeel-xilinx-elf/lib/gcc/microblazeel-xilinx-elf/9.2.0/plugin/include/omp-expand.h
pynq-v3.0-binaries/gcc-mb/microblazeel-xilinx-elf/lib/gcc/microblazeel-xilinx-elf/9.2.0/plugin/include/tree-switch-conversion.h
pynq-v3.0-binaries/gcc-mb/microblazeel-xilinx-elf/lib/gcc/microblazeel-xilinx-elf/9.2.0/plugin/include/data-streamer.h
pynq-v3.0-binaries/gcc-mb/microblazeel-xilinx-elf/lib/gcc/microblazeel-xilinx-elf/9.2.0/plugin/include/defaults.h
pynq-v3.0-binaries/gcc-mb/microblazeel-xilinx-elf/lib/gcc/microblazeel-xilinx-elf/9.2.0/plugin/include/poly-int.h
pynq-v3.0-binaries/gcc-mb/microblazeel-xilinx-elf/lib/gcc/microblazeel-xilinx-elf/9.2.0/plugin/include/ipa-utils.h
pynq-v3.0-binaries/gcc-mb/microblazeel-xilinx-elf/lib/gcc/microblazeel-xilinx-elf/9.2.0/plugin/include/sel-sched.h
pynq-v3.0-binaries/gcc-mb/microblazeel-xilinx-elf/lib/gcc/microblazeel-xilinx-elf/9.2.0/plugin/include/insn-notes.def
pynq-v3.0-binaries/gcc-mb/microblazeel-xilinx-elf/lib/gcc/microblazeel-xilinx-elf/9.2.0/plugin/include/color-macros.h
pynq-v3.0-binaries/gcc-mb/microblazeel-xilinx-elf/lib/gcc/microblazeel-xilinx-elf/9.2.0/plugin/include/sel-sched-dump.h
pynq-v3.0-binaries/gcc-mb/microblazeel-xilinx-elf/lib/gcc/microblazeel-xilinx-elf/9.2.0/plugin/include/statistics.h
pynq-v3.0-binaries/gcc-mb/microblazeel-xilinx-elf/lib/gcc/microblazeel-xilinx-elf/9.2.0/plugin/include/optabs.def
pynq-v3.0-binaries/gcc-mb/microblazeel-xilinx-elf/lib/gcc/microblazeel-xilinx-elf/9.2.0/plugin/include/pass-instances.def
pynq-v3.0-binaries/gcc-mb/microblazeel-xilinx-elf/lib/gcc/microblazeel-xilinx-elf/9.2.0/plugin/include/file-prefix-map.h
pynq-v3.0-binaries/gcc-mb/microblazeel-xilinx-elf/lib/gcc/microblazeel-xilinx-elf/9.2.0/plugin/include/alloc-pool.h
pynq-v3.0-binaries/gcc-mb/microblazeel-xilinx-elf/lib/gcc/microblazeel-xilinx-elf/9.2.0/plugin/include/gcc-plugin.h
pynq-v3.0-binaries/gcc-mb/microblazeel-xilinx-elf/lib/gcc/microblazeel-xilinx-elf/9.2.0/plugin/include/gimple-expr.h
pynq-v3.0-binaries/gcc-mb/microblazeel-xilinx-elf/lib/gcc/microblazeel-xilinx-elf/9.2.0/plugin/include/collect2-aix.h
pynq-v3.0-binaries/gcc-mb/microblazeel-xilinx-elf/lib/gcc/microblazeel-xilinx-elf/9.2.0/plugin/include/gimple.h
pynq-v3.0-binaries/gcc-mb/microblazeel-xilinx-elf/lib/gcc/microblazeel-xilinx-elf/9.2.0/plugin/include/cfghooks.h
pynq-v3.0-binaries/gcc-mb/microblazeel-xilinx-elf/lib/gcc/microblazeel-xilinx-elf/9.2.0/plugin/include/ipa-ref.h
pynq-v3.0-binaries/gcc-mb/microblazeel-xilinx-elf/lib/gcc/microblazeel-xilinx-elf/9.2.0/plugin/include/ipa-param-manipulation.h
pynq-v3.0-binaries/gcc-mb/microblazeel-xilinx-elf/lib/gcc/microblazeel-xilinx-elf/9.2.0/plugin/include/omp-builtins.def
pynq-v3.0-binaries/gcc-mb/microblazeel-xilinx-elf/lib/gcc/microblazeel-xilinx-elf/9.2.0/plugin/include/lto-compress.h
pynq-v3.0-binaries/gcc-mb/microblazeel-xilinx-elf/lib/gcc/microblazeel-xilinx-elf/9.2.0/plugin/include/regset.h
pynq-v3.0-binaries/gcc-mb/microblazeel-xilinx-elf/lib/gcc/microblazeel-xilinx-elf/9.2.0/plugin/include/sbitmap.h
pynq-v3.0-binaries/gcc-mb/microblazeel-xilinx-elf/lib/gcc/microblazeel-xilinx-elf/9.2.0/plugin/include/ada/
pynq-v3.0-binaries/gcc-mb/microblazeel-xilinx-elf/lib/gcc/microblazeel-xilinx-elf/9.2.0/plugin/include/ada/gcc-interface/
pynq-v3.0-binaries/gcc-mb/microblazeel-xilinx-elf/lib/gcc/microblazeel-xilinx-elf/9.2.0/plugin/include/ada/gcc-interface/ada-tree.def
pynq-v3.0-binaries/gcc-mb/microblazeel-xilinx-elf/lib/gcc/microblazeel-xilinx-elf/9.2.0/plugin/include/cfgexpand.h
pynq-v3.0-binaries/gcc-mb/microblazeel-xilinx-elf/lib/gcc/microblazeel-xilinx-elf/9.2.0/plugin/include/cgraph.h
pynq-v3.0-binaries/gcc-mb/microblazeel-xilinx-elf/lib/gcc/microblazeel-xilinx-elf/9.2.0/plugin/include/omp-offload.h
pynq-v3.0-binaries/gcc-mb/microblazeel-xilinx-elf/lib/gcc/microblazeel-xilinx-elf/9.2.0/plugin/include/tree.def
pynq-v3.0-binaries/gcc-mb/microblazeel-xilinx-elf/lib/gcc/microblazeel-xilinx-elf/9.2.0/plugin/include/function.h
pynq-v3.0-binaries/gcc-mb/microblazeel-xilinx-elf/lib/gcc/microblazeel-xilinx-elf/9.2.0/plugin/include/memmodel.h
pynq-v3.0-binaries/gcc-mb/microblazeel-xilinx-elf/lib/gcc/microblazeel-xilinx-elf/9.2.0/plugin/include/cppdefault.h
pynq-v3.0-binaries/gcc-mb/microblazeel-xilinx-elf/lib/gcc/microblazeel-xilinx-elf/9.2.0/plugin/include/tree-pass.h
pynq-v3.0-binaries/gcc-mb/microblazeel-xilinx-elf/lib/gcc/microblazeel-xilinx-elf/9.2.0/plugin/include/hsa-common.h
pynq-v3.0-binaries/gcc-mb/microblazeel-xilinx-elf/lib/gcc/microblazeel-xilinx-elf/9.2.0/plugin/include/tree-diagnostic.h
pynq-v3.0-binaries/gcc-mb/microblazeel-xilinx-elf/lib/gcc/microblazeel-xilinx-elf/9.2.0/plugin/include/vector-builder.h
pynq-v3.0-binaries/gcc-mb/microblazeel-xilinx-elf/lib/gcc/microblazeel-xilinx-elf/9.2.0/plugin/include/regs.h
pynq-v3.0-binaries/gcc-mb/microblazeel-xilinx-elf/lib/gcc/microblazeel-xilinx-elf/9.2.0/plugin/include/gtype-desc.h
pynq-v3.0-binaries/gcc-mb/microblazeel-xilinx-elf/lib/gcc/microblazeel-xilinx-elf/9.2.0/plugin/include/gimplify-me.h
pynq-v3.0-binaries/gcc-mb/microblazeel-xilinx-elf/lib/gcc/microblazeel-xilinx-elf/9.2.0/plugin/include/trans-mem.h
pynq-v3.0-binaries/gcc-mb/microblazeel-xilinx-elf/lib/gcc/microblazeel-xilinx-elf/9.2.0/plugin/include/tsystem.h
pynq-v3.0-binaries/gcc-mb/microblazeel-xilinx-elf/lib/gcc/microblazeel-xilinx-elf/9.2.0/plugin/include/generic-match.h
pynq-v3.0-binaries/gcc-mb/microblazeel-xilinx-elf/lib/gcc/microblazeel-xilinx-elf/9.2.0/plugin/include/real.h
pynq-v3.0-binaries/gcc-mb/microblazeel-xilinx-elf/lib/gcc/microblazeel-xilinx-elf/9.2.0/plugin/include/selftest.h
pynq-v3.0-binaries/gcc-mb/microblazeel-xilinx-elf/lib/gcc/microblazeel-xilinx-elf/9.2.0/plugin/include/typed-splay-tree.h
pynq-v3.0-binaries/gcc-mb/microblazeel-xilinx-elf/lib/gcc/microblazeel-xilinx-elf/9.2.0/plugin/include/ipa-reference.h
pynq-v3.0-binaries/gcc-mb/microblazeel-xilinx-elf/lib/gcc/microblazeel-xilinx-elf/9.2.0/plugin/include/spellcheck-tree.h
pynq-v3.0-binaries/gcc-mb/microblazeel-xilinx-elf/lib/gcc/microblazeel-xilinx-elf/9.2.0/plugin/include/insn-flags.h
pynq-v3.0-binaries/gcc-mb/microblazeel-xilinx-elf/lib/gcc/microblazeel-xilinx-elf/9.2.0/plugin/include/shrink-wrap.h
pynq-v3.0-binaries/gcc-mb/microblazeel-xilinx-elf/lib/gcc/microblazeel-xilinx-elf/9.2.0/plugin/include/output.h
pynq-v3.0-binaries/gcc-mb/microblazeel-xilinx-elf/lib/gcc/microblazeel-xilinx-elf/9.2.0/plugin/include/asan.h
pynq-v3.0-binaries/gcc-mb/microblazeel-xilinx-elf/lib/gcc/microblazeel-xilinx-elf/9.2.0/plugin/include/backend.h
pynq-v3.0-binaries/gcc-mb/microblazeel-xilinx-elf/lib/gcc/microblazeel-xilinx-elf/9.2.0/plugin/include/cfgcleanup.h
pynq-v3.0-binaries/gcc-mb/microblazeel-xilinx-elf/lib/gcc/microblazeel-xilinx-elf/9.2.0/plugin/include/profile-count.h
pynq-v3.0-binaries/gcc-mb/microblazeel-xilinx-elf/lib/gcc/microblazeel-xilinx-elf/9.2.0/plugin/include/int-vector-builder.h
pynq-v3.0-binaries/gcc-mb/microblazeel-xilinx-elf/lib/gcc/microblazeel-xilinx-elf/9.2.0/plugin/include/ggc-internal.h
pynq-v3.0-binaries/gcc-mb/microblazeel-xilinx-elf/lib/gcc/microblazeel-xilinx-elf/9.2.0/plugin/include/lto-streamer.h
pynq-v3.0-binaries/gcc-mb/microblazeel-xilinx-elf/lib/gcc/microblazeel-xilinx-elf/9.2.0/plugin/include/sched-int.h
pynq-v3.0-binaries/gcc-mb/microblazeel-xilinx-elf/lib/gcc/microblazeel-xilinx-elf/9.2.0/plugin/include/all-tree.def
pynq-v3.0-binaries/gcc-mb/microblazeel-xilinx-elf/lib/gcc/microblazeel-xilinx-elf/9.2.0/plugin/include/hwint.h
pynq-v3.0-binaries/gcc-mb/microblazeel-xilinx-elf/lib/gcc/microblazeel-xilinx-elf/9.2.0/plugin/include/tree-ssa-loop-manip.h
pynq-v3.0-binaries/gcc-mb/microblazeel-xilinx-elf/lib/gcc/microblazeel-xilinx-elf/9.2.0/plugin/include/optinfo.h
pynq-v3.0-binaries/gcc-mb/microblazeel-xilinx-elf/lib/gcc/microblazeel-xilinx-elf/9.2.0/plugin/include/tree-core.h
pynq-v3.0-binaries/gcc-mb/microblazeel-xilinx-elf/lib/gcc/microblazeel-xilinx-elf/9.2.0/plugin/include/tree-hash-traits.h
pynq-v3.0-binaries/gcc-mb/microblazeel-xilinx-elf/lib/gcc/microblazeel-xilinx-elf/9.2.0/plugin/include/hash-traits.h
pynq-v3.0-binaries/gcc-mb/microblazeel-xilinx-elf/lib/gcc/microblazeel-xilinx-elf/9.2.0/plugin/include/streamer-hooks.h
pynq-v3.0-binaries/gcc-mb/microblazeel-xilinx-elf/lib/gcc/microblazeel-xilinx-elf/9.2.0/plugin/include/c-family/
pynq-v3.0-binaries/gcc-mb/microblazeel-xilinx-elf/lib/gcc/microblazeel-xilinx-elf/9.2.0/plugin/include/c-family/c-common.def
pynq-v3.0-binaries/gcc-mb/microblazeel-xilinx-elf/lib/gcc/microblazeel-xilinx-elf/9.2.0/plugin/include/c-family/c-pragma.h
pynq-v3.0-binaries/gcc-mb/microblazeel-xilinx-elf/lib/gcc/microblazeel-xilinx-elf/9.2.0/plugin/include/c-family/c-pretty-print.h
pynq-v3.0-binaries/gcc-mb/microblazeel-xilinx-elf/lib/gcc/microblazeel-xilinx-elf/9.2.0/plugin/include/c-family/c-objc.h
pynq-v3.0-binaries/gcc-mb/microblazeel-xilinx-elf/lib/gcc/microblazeel-xilinx-elf/9.2.0/plugin/include/c-family/c-common.h
pynq-v3.0-binaries/gcc-mb/microblazeel-xilinx-elf/lib/gcc/microblazeel-xilinx-elf/9.2.0/plugin/include/tree-ssa-loop-ivopts.h
pynq-v3.0-binaries/gcc-mb/microblazeel-xilinx-elf/lib/gcc/microblazeel-xilinx-elf/9.2.0/plugin/include/configargs.h
pynq-v3.0-binaries/gcc-mb/microblazeel-xilinx-elf/lib/gcc/microblazeel-xilinx-elf/9.2.0/plugin/include/brig-builtins.def
pynq-v3.0-binaries/gcc-mb/microblazeel-xilinx-elf/lib/gcc/microblazeel-xilinx-elf/9.2.0/plugin/include/print-tree.h
pynq-v3.0-binaries/gcc-mb/microblazeel-xilinx-elf/lib/gcc/microblazeel-xilinx-elf/9.2.0/plugin/include/addresses.h
pynq-v3.0-binaries/gcc-mb/microblazeel-xilinx-elf/lib/gcc/microblazeel-xilinx-elf/9.2.0/plugin/include/plugin.def
pynq-v3.0-binaries/gcc-mb/microblazeel-xilinx-elf/lib/gcc/microblazeel-xilinx-elf/9.2.0/plugin/include/sync-builtins.def
pynq-v3.0-binaries/gcc-mb/microblazeel-xilinx-elf/lib/gcc/microblazeel-xilinx-elf/9.2.0/plugin/include/insn-attr.h
pynq-v3.0-binaries/gcc-mb/microblazeel-xilinx-elf/lib/gcc/microblazeel-xilinx-elf/9.2.0/plugin/include/tree-ssa-dom.h
pynq-v3.0-binaries/gcc-mb/microblazeel-xilinx-elf/lib/gcc/microblazeel-xilinx-elf/9.2.0/plugin/include/cfganal.h
pynq-v3.0-binaries/gcc-mb/microblazeel-xilinx-elf/lib/gcc/microblazeel-xilinx-elf/9.2.0/plugin/include/tree-ssa-propagate.h
pynq-v3.0-binaries/gcc-mb/microblazeel-xilinx-elf/lib/gcc/microblazeel-xilinx-elf/9.2.0/plugin/include/cfgbuild.h
pynq-v3.0-binaries/gcc-mb/microblazeel-xilinx-elf/lib/gcc/microblazeel-xilinx-elf/9.2.0/plugin/include/tree-into-ssa.h
pynq-v3.0-binaries/gcc-mb/microblazeel-xilinx-elf/lib/gcc/microblazeel-xilinx-elf/9.2.0/plugin/include/lower-subreg.h
pynq-v3.0-binaries/gcc-mb/microblazeel-xilinx-elf/lib/gcc/microblazeel-xilinx-elf/9.2.0/plugin/include/wide-int-bitmask.h
pynq-v3.0-binaries/gcc-mb/microblazeel-xilinx-elf/lib/gcc/microblazeel-xilinx-elf/9.2.0/plugin/include/diagnostic-color.h
pynq-v3.0-binaries/gcc-mb/microblazeel-xilinx-elf/lib/gcc/microblazeel-xilinx-elf/9.2.0/plugin/include/dwarf2asm.h
pynq-v3.0-binaries/gcc-mb/microblazeel-xilinx-elf/lib/gcc/microblazeel-xilinx-elf/9.2.0/plugin/include/timevar.def
pynq-v3.0-binaries/gcc-mb/microblazeel-xilinx-elf/lib/gcc/microblazeel-xilinx-elf/9.2.0/plugin/include/basic-block.h
pynq-v3.0-binaries/gcc-mb/microblazeel-xilinx-elf/lib/gcc/microblazeel-xilinx-elf/9.2.0/plugin/include/spellcheck.h
pynq-v3.0-binaries/gcc-mb/microblazeel-xilinx-elf/lib/gcc/microblazeel-xilinx-elf/9.2.0/plugin/include/optabs-libfuncs.h
pynq-v3.0-binaries/gcc-mb/microblazeel-xilinx-elf/lib/gcc/microblazeel-xilinx-elf/9.2.0/plugin/include/cfg.h
pynq-v3.0-binaries/gcc-mb/microblazeel-xilinx-elf/lib/gcc/microblazeel-xilinx-elf/9.2.0/plugin/include/sreal.h
pynq-v3.0-binaries/gcc-mb/microblazeel-xilinx-elf/lib/gcc/microblazeel-xilinx-elf/9.2.0/plugin/include/tree-chrec.h
pynq-v3.0-binaries/gcc-mb/microblazeel-xilinx-elf/lib/gcc/microblazeel-xilinx-elf/9.2.0/plugin/include/hash-set.h
pynq-v3.0-binaries/gcc-mb/microblazeel-xilinx-elf/lib/gcc/microblazeel-xilinx-elf/9.2.0/plugin/include/sanitizer.def
pynq-v3.0-binaries/gcc-mb/microblazeel-xilinx-elf/lib/gcc/microblazeel-xilinx-elf/9.2.0/plugin/include/dce.h
pynq-v3.0-binaries/gcc-mb/microblazeel-xilinx-elf/lib/gcc/microblazeel-xilinx-elf/9.2.0/plugin/include/opt-problem.h
pynq-v3.0-binaries/gcc-mb/microblazeel-xilinx-elf/lib/gcc/microblazeel-xilinx-elf/9.2.0/plugin/include/filenames.h
pynq-v3.0-binaries/gcc-mb/microblazeel-xilinx-elf/lib/gcc/microblazeel-xilinx-elf/9.2.0/plugin/include/hsa-builtins.def
pynq-v3.0-binaries/gcc-mb/microblazeel-xilinx-elf/lib/gcc/microblazeel-xilinx-elf/9.2.0/plugin/include/config.h
pynq-v3.0-binaries/gcc-mb/microblazeel-xilinx-elf/lib/gcc/microblazeel-xilinx-elf/9.2.0/plugin/include/ssa.h
pynq-v3.0-binaries/gcc-mb/microblazeel-xilinx-elf/lib/gcc/microblazeel-xilinx-elf/9.2.0/plugin/include/opts.h
pynq-v3.0-binaries/gcc-mb/microblazeel-xilinx-elf/lib/gcc/microblazeel-xilinx-elf/9.2.0/plugin/include/target-def.h
pynq-v3.0-binaries/gcc-mb/microblazeel-xilinx-elf/lib/gcc/microblazeel-xilinx-elf/9.2.0/plugin/include/passes.def
pynq-v3.0-binaries/gcc-mb/microblazeel-xilinx-elf/lib/gcc/microblazeel-xilinx-elf/9.2.0/plugin/include/toplev.h
pynq-v3.0-binaries/gcc-mb/microblazeel-xilinx-elf/lib/gcc/microblazeel-xilinx-elf/9.2.0/plugin/include/cpplib.h
pynq-v3.0-binaries/gcc-mb/microblazeel-xilinx-elf/lib/gcc/microblazeel-xilinx-elf/9.2.0/plugin/include/omp-low.h
pynq-v3.0-binaries/gcc-mb/microblazeel-xilinx-elf/lib/gcc/microblazeel-xilinx-elf/9.2.0/plugin/include/incpath.h
pynq-v3.0-binaries/gcc-mb/microblazeel-xilinx-elf/lib/gcc/microblazeel-xilinx-elf/9.2.0/plugin/include/tree-ssa-coalesce.h
pynq-v3.0-binaries/gcc-mb/microblazeel-xilinx-elf/lib/gcc/microblazeel-xilinx-elf/9.2.0/plugin/include/gstab.h
pynq-v3.0-binaries/gcc-mb/microblazeel-xilinx-elf/lib/gcc/microblazeel-xilinx-elf/9.2.0/plugin/include/expr.h
pynq-v3.0-binaries/gcc-mb/microblazeel-xilinx-elf/lib/gcc/microblazeel-xilinx-elf/9.2.0/plugin/include/target-hooks-macros.h
pynq-v3.0-binaries/gcc-mb/microblazeel-xilinx-elf/lib/gcc/microblazeel-xilinx-elf/9.2.0/plugin/include/gcse.h
pynq-v3.0-binaries/gcc-mb/microblazeel-xilinx-elf/lib/gcc/microblazeel-xilinx-elf/9.2.0/plugin/include/value-prof.h
pynq-v3.0-binaries/gcc-mb/microblazeel-xilinx-elf/lib/gcc/microblazeel-xilinx-elf/9.2.0/plugin/include/tree-vectorizer.h
pynq-v3.0-binaries/gcc-mb/microblazeel-xilinx-elf/lib/gcc/microblazeel-xilinx-elf/9.2.0/plugin/include/gsyslimits.h
pynq-v3.0-binaries/gcc-mb/microblazeel-xilinx-elf/lib/gcc/microblazeel-xilinx-elf/9.2.0/plugin/include/vmsdbg.h
pynq-v3.0-binaries/gcc-mb/microblazeel-xilinx-elf/lib/gcc/microblazeel-xilinx-elf/9.2.0/plugin/include/alias.h
pynq-v3.0-binaries/gcc-mb/microblazeel-xilinx-elf/lib/gcc/microblazeel-xilinx-elf/9.2.0/plugin/include/dumpfile.h
pynq-v3.0-binaries/gcc-mb/microblazeel-xilinx-elf/lib/gcc/microblazeel-xilinx-elf/9.2.0/plugin/include/tree-stdarg.h
pynq-v3.0-binaries/gcc-mb/microblazeel-xilinx-elf/lib/gcc/microblazeel-xilinx-elf/9.2.0/plugin/include/fibonacci_heap.h
pynq-v3.0-binaries/gcc-mb/microblazeel-xilinx-elf/lib/gcc/microblazeel-xilinx-elf/9.2.0/plugin/include/cselib.h
pynq-v3.0-binaries/gcc-mb/microblazeel-xilinx-elf/lib/gcc/microblazeel-xilinx-elf/9.2.0/plugin/include/read-md.h
pynq-v3.0-binaries/gcc-mb/microblazeel-xilinx-elf/lib/gcc/microblazeel-xilinx-elf/9.2.0/plugin/include/diagnostic-core.h
pynq-v3.0-binaries/gcc-mb/microblazeel-xilinx-elf/lib/gcc/microblazeel-xilinx-elf/9.2.0/plugin/include/fold-const-call.h
pynq-v3.0-binaries/gcc-mb/microblazeel-xilinx-elf/lib/gcc/microblazeel-xilinx-elf/9.2.0/plugin/include/attribs.h
pynq-v3.0-binaries/gcc-mb/microblazeel-xilinx-elf/lib/gcc/microblazeel-xilinx-elf/9.2.0/plugin/include/gimple-low.h
pynq-v3.0-binaries/gcc-mb/microblazeel-xilinx-elf/lib/gcc/microblazeel-xilinx-elf/9.2.0/plugin/include/ipa-fnsummary.h
pynq-v3.0-binaries/gcc-mb/microblazeel-xilinx-elf/lib/gcc/microblazeel-xilinx-elf/9.2.0/plugin/include/ubsan.h
pynq-v3.0-binaries/gcc-mb/microblazeel-xilinx-elf/lib/gcc/microblazeel-xilinx-elf/9.2.0/plugin/include/tree-ssa-loop.h
pynq-v3.0-binaries/gcc-mb/microblazeel-xilinx-elf/lib/gcc/microblazeel-xilinx-elf/9.2.0/plugin/include/tree.h
pynq-v3.0-binaries/gcc-mb/microblazeel-xilinx-elf/lib/gcc/microblazeel-xilinx-elf/9.2.0/plugin/include/tm-preds.h
pynq-v3.0-binaries/gcc-mb/microblazeel-xilinx-elf/lib/gcc/microblazeel-xilinx-elf/9.2.0/plugin/include/memory-block.h
pynq-v3.0-binaries/gcc-mb/microblazeel-xilinx-elf/lib/gcc/microblazeel-xilinx-elf/9.2.0/plugin/include/run-rtl-passes.h
pynq-v3.0-binaries/gcc-mb/microblazeel-xilinx-elf/lib/gcc/microblazeel-xilinx-elf/9.2.0/plugin/include/tree-ssanames.h
pynq-v3.0-binaries/gcc-mb/microblazeel-xilinx-elf/lib/gcc/microblazeel-xilinx-elf/9.2.0/plugin/include/sparseset.h
pynq-v3.0-binaries/gcc-mb/microblazeel-xilinx-elf/lib/gcc/microblazeel-xilinx-elf/9.2.0/plugin/include/flags.h
pynq-v3.0-binaries/gcc-mb/microblazeel-xilinx-elf/lib/gcc/microblazeel-xilinx-elf/9.2.0/plugin/include/tree-ssa-address.h
pynq-v3.0-binaries/gcc-mb/microblazeel-xilinx-elf/lib/gcc/microblazeel-xilinx-elf/9.2.0/plugin/include/vec-perm-indices.h
pynq-v3.0-binaries/gcc-mb/microblazeel-xilinx-elf/lib/gcc/microblazeel-xilinx-elf/9.2.0/plugin/include/bb-reorder.h
pynq-v3.0-binaries/gcc-mb/microblazeel-xilinx-elf/lib/gcc/microblazeel-xilinx-elf/9.2.0/plugin/include/predict.h
pynq-v3.0-binaries/gcc-mb/microblazeel-xilinx-elf/lib/gcc/microblazeel-xilinx-elf/9.2.0/plugin/include/predict.def
pynq-v3.0-binaries/gcc-mb/microblazeel-xilinx-elf/lib/gcc/microblazeel-xilinx-elf/9.2.0/plugin/include/realmpfr.h
pynq-v3.0-binaries/gcc-mb/microblazeel-xilinx-elf/lib/gcc/microblazeel-xilinx-elf/9.2.0/plugin/include/hard-reg-set.h
pynq-v3.0-binaries/gcc-mb/microblazeel-xilinx-elf/lib/gcc/microblazeel-xilinx-elf/9.2.0/plugin/include/gcov-counter.def
pynq-v3.0-binaries/gcc-mb/microblazeel-xilinx-elf/lib/gcc/microblazeel-xilinx-elf/9.2.0/plugin/include/dbgcnt.h
pynq-v3.0-binaries/gcc-mb/microblazeel-xilinx-elf/lib/gcc/microblazeel-xilinx-elf/9.2.0/plugin/include/sel-sched-ir.h
pynq-v3.0-binaries/gcc-mb/microblazeel-xilinx-elf/lib/gcc/microblazeel-xilinx-elf/9.2.0/plugin/include/resource.h
pynq-v3.0-binaries/gcc-mb/microblazeel-xilinx-elf/lib/gcc/microblazeel-xilinx-elf/9.2.0/plugin/include/ifcvt.h
pynq-v3.0-binaries/gcc-mb/microblazeel-xilinx-elf/lib/gcc/microblazeel-xilinx-elf/9.2.0/plugin/include/insn-addr.h
pynq-v3.0-binaries/gcc-mb/microblazeel-xilinx-elf/lib/gcc/microblazeel-xilinx-elf/9.2.0/plugin/include/gimple-walk.h
pynq-v3.0-binaries/gcc-mb/microblazeel-xilinx-elf/lib/gcc/microblazeel-xilinx-elf/9.2.0/plugin/include/limity.h
pynq-v3.0-binaries/gcc-mb/microblazeel-xilinx-elf/lib/gcc/microblazeel-xilinx-elf/9.2.0/plugin/include/gcc-symtab.h
pynq-v3.0-binaries/gcc-mb/microblazeel-xilinx-elf/lib/gcc/microblazeel-xilinx-elf/9.2.0/plugin/include/params.list
pynq-v3.0-binaries/gcc-mb/microblazeel-xilinx-elf/lib/gcc/microblazeel-xilinx-elf/9.2.0/plugin/include/gcse-common.h
pynq-v3.0-binaries/gcc-mb/microblazeel-xilinx-elf/lib/gcc/microblazeel-xilinx-elf/9.2.0/plugin/include/tree-dump.h
pynq-v3.0-binaries/gcc-mb/microblazeel-xilinx-elf/lib/gcc/microblazeel-xilinx-elf/9.2.0/plugin/include/hash-table.h
pynq-v3.0-binaries/gcc-mb/microblazeel-xilinx-elf/lib/gcc/microblazeel-xilinx-elf/9.2.0/plugin/include/graph.h
pynq-v3.0-binaries/gcc-mb/microblazeel-xilinx-elf/lib/gcc/microblazeel-xilinx-elf/9.2.0/plugin/include/ccmp.h
pynq-v3.0-binaries/gcc-mb/microblazeel-xilinx-elf/lib/gcc/microblazeel-xilinx-elf/9.2.0/plugin/include/selftest-diagnostic.h
pynq-v3.0-binaries/gcc-mb/microblazeel-xilinx-elf/lib/gcc/microblazeel-xilinx-elf/9.2.0/plugin/include/ggc.h
pynq-v3.0-binaries/gcc-mb/microblazeel-xilinx-elf/lib/gcc/microblazeel-xilinx-elf/9.2.0/plugin/include/gimple-predict.h
pynq-v3.0-binaries/gcc-mb/microblazeel-xilinx-elf/lib/gcc/microblazeel-xilinx-elf/9.2.0/plugin/include/auto-profile.h
pynq-v3.0-binaries/gcc-mb/microblazeel-xilinx-elf/lib/gcc/microblazeel-xilinx-elf/9.2.0/plugin/include/coverage.h
pynq-v3.0-binaries/gcc-mb/microblazeel-xilinx-elf/lib/gcc/microblazeel-xilinx-elf/9.2.0/plugin/include/tree-if-conv.h
pynq-v3.0-binaries/gcc-mb/microblazeel-xilinx-elf/lib/gcc/microblazeel-xilinx-elf/9.2.0/plugin/include/langhooks.h
pynq-v3.0-binaries/gcc-mb/microblazeel-xilinx-elf/lib/gcc/microblazeel-xilinx-elf/9.2.0/plugin/include/tree-check.h
pynq-v3.0-binaries/gcc-mb/microblazeel-xilinx-elf/lib/gcc/microblazeel-xilinx-elf/9.2.0/plugin/include/wide-int-print.h
pynq-v3.0-binaries/gcc-mb/microblazeel-xilinx-elf/lib/gcc/microblazeel-xilinx-elf/9.2.0/plugin/include/gcov-io.h
pynq-v3.0-binaries/gcc-mb/microblazeel-xilinx-elf/lib/gcc/microblazeel-xilinx-elf/9.2.0/plugin/include/fold-const.h
pynq-v3.0-binaries/gcc-mb/microblazeel-xilinx-elf/lib/gcc/microblazeel-xilinx-elf/9.2.0/plugin/include/opts-diagnostic.h
pynq-v3.0-binaries/gcc-mb/microblazeel-xilinx-elf/lib/gcc/microblazeel-xilinx-elf/9.2.0/plugin/include/md5.h
pynq-v3.0-binaries/gcc-mb/microblazeel-xilinx-elf/lib/gcc/microblazeel-xilinx-elf/9.2.0/plugin/include/insn-modes-inline.h
pynq-v3.0-binaries/gcc-mb/microblazeel-xilinx-elf/lib/gcc/microblazeel-xilinx-elf/9.2.0/plugin/include/bitmap.h
pynq-v3.0-binaries/gcc-mb/microblazeel-xilinx-elf/lib/gcc/microblazeel-xilinx-elf/9.2.0/plugin/include/sese.h
pynq-v3.0-binaries/gcc-mb/microblazeel-xilinx-elf/lib/gcc/microblazeel-xilinx-elf/9.2.0/plugin/include/gsstruct.def
pynq-v3.0-binaries/gcc-mb/microblazeel-xilinx-elf/lib/gcc/microblazeel-xilinx-elf/9.2.0/plugin/include/tree-outof-ssa.h
pynq-v3.0-binaries/gcc-mb/microblazeel-xilinx-elf/lib/gcc/microblazeel-xilinx-elf/9.2.0/plugin/include/ipa-inline.h
pynq-v3.0-binaries/gcc-mb/microblazeel-xilinx-elf/lib/gcc/microblazeel-xilinx-elf/9.2.0/plugin/include/lto-section-names.h
pynq-v3.0-binaries/gcc-mb/microblazeel-xilinx-elf/lib/gcc/microblazeel-xilinx-elf/9.2.0/plugin/include/tree-nested.h
pynq-v3.0-binaries/gcc-mb/microblazeel-xilinx-elf/lib/gcc/microblazeel-xilinx-elf/9.2.0/plugin/include/substring-locations.h
pynq-v3.0-binaries/gcc-mb/microblazeel-xilinx-elf/lib/gcc/microblazeel-xilinx-elf/9.2.0/plugin/include/tree-ssa-threadupdate.h
pynq-v3.0-binaries/gcc-mb/microblazeel-xilinx-elf/lib/gcc/microblazeel-xilinx-elf/9.2.0/plugin/include/b-header-vars
pynq-v3.0-binaries/gcc-mb/microblazeel-xilinx-elf/lib/gcc/microblazeel-xilinx-elf/9.2.0/plugin/include/gimplify.h
pynq-v3.0-binaries/gcc-mb/microblazeel-xilinx-elf/lib/gcc/microblazeel-xilinx-elf/9.2.0/plugin/include/tree-ssa-sccvn.h
pynq-v3.0-binaries/gcc-mb/microblazeel-xilinx-elf/lib/gcc/microblazeel-xilinx-elf/9.2.0/plugin/include/config/
pynq-v3.0-binaries/gcc-mb/microblazeel-xilinx-elf/lib/gcc/microblazeel-xilinx-elf/9.2.0/plugin/include/config/newlib-stdint.h
pynq-v3.0-binaries/gcc-mb/microblazeel-xilinx-elf/lib/gcc/microblazeel-xilinx-elf/9.2.0/plugin/include/config/microblaze/
pynq-v3.0-binaries/gcc-mb/microblazeel-xilinx-elf/lib/gcc/microblazeel-xilinx-elf/9.2.0/plugin/include/config/microblaze/microblaze-protos.h
pynq-v3.0-binaries/gcc-mb/microblazeel-xilinx-elf/lib/gcc/microblazeel-xilinx-elf/9.2.0/plugin/include/config/microblaze/microblaze.h
pynq-v3.0-binaries/gcc-mb/microblazeel-xilinx-elf/lib/gcc/microblazeel-xilinx-elf/9.2.0/plugin/include/config/dbxelf.h
pynq-v3.0-binaries/gcc-mb/microblazeel-xilinx-elf/lib/gcc/microblazeel-xilinx-elf/9.2.0/plugin/include/config/initfini-array.h
pynq-v3.0-binaries/gcc-mb/microblazeel-xilinx-elf/lib/gcc/microblazeel-xilinx-elf/9.2.0/plugin/include/ssa-iterators.h
pynq-v3.0-binaries/gcc-mb/microblazeel-xilinx-elf/lib/gcc/microblazeel-xilinx-elf/9.2.0/plugin/include/file-find.h
pynq-v3.0-binaries/gcc-mb/microblazeel-xilinx-elf/lib/gcc/microblazeel-xilinx-elf/9.2.0/plugin/include/tree-affine.h
pynq-v3.0-binaries/gcc-mb/microblazeel-xilinx-elf/lib/gcc/microblazeel-xilinx-elf/9.2.0/plugin/include/cfgloopmanip.h
pynq-v3.0-binaries/gcc-mb/microblazeel-xilinx-elf/lib/gcc/microblazeel-xilinx-elf/9.2.0/plugin/include/omp-general.h
pynq-v3.0-binaries/gcc-mb/microblazeel-xilinx-elf/lib/gcc/microblazeel-xilinx-elf/9.2.0/plugin/include/gimple-ssa.h
pynq-v3.0-binaries/gcc-mb/microblazeel-xilinx-elf/lib/gcc/microblazeel-xilinx-elf/9.2.0/plugin/include/signop.h
pynq-v3.0-binaries/gcc-mb/microblazeel-xilinx-elf/lib/gcc/microblazeel-xilinx-elf/9.2.0/plugin/include/fixed-value.h
pynq-v3.0-binaries/gcc-mb/microblazeel-xilinx-elf/lib/gcc/microblazeel-xilinx-elf/9.2.0/plugin/include/dojump.h
pynq-v3.0-binaries/gcc-mb/microblazeel-xilinx-elf/lib/gcc/microblazeel-xilinx-elf/9.2.0/plugin/include/gimple.def
pynq-v3.0-binaries/gcc-mb/microblazeel-xilinx-elf/lib/gcc/microblazeel-xilinx-elf/9.2.0/plugin/include/ddg.h
pynq-v3.0-binaries/gcc-mb/microblazeel-xilinx-elf/lib/gcc/microblazeel-xilinx-elf/9.2.0/plugin/include/tree-ssa-dce.h
pynq-v3.0-binaries/gcc-mb/microblazeel-xilinx-elf/lib/gcc/microblazeel-xilinx-elf/9.2.0/plugin/include/optinfo-emit-json.h
pynq-v3.0-binaries/gcc-mb/microblazeel-xilinx-elf/lib/gcc/microblazeel-xilinx-elf/9.2.0/plugin/include/tree-iterator.h
pynq-v3.0-binaries/gcc-mb/microblazeel-xilinx-elf/lib/gcc/microblazeel-xilinx-elf/9.2.0/plugin/include/safe-ctype.h
pynq-v3.0-binaries/gcc-mb/microblazeel-xilinx-elf/lib/gcc/microblazeel-xilinx-elf/9.2.0/plugin/include/tree-phinodes.h
pynq-v3.0-binaries/gcc-mb/microblazeel-xilinx-elf/lib/gcc/microblazeel-xilinx-elf/9.2.0/plugin/include/profile.h
pynq-v3.0-binaries/gcc-mb/microblazeel-xilinx-elf/lib/gcc/microblazeel-xilinx-elf/9.2.0/plugin/include/double-int.h
pynq-v3.0-binaries/gcc-mb/microblazeel-xilinx-elf/lib/gcc/microblazeel-xilinx-elf/9.2.0/plugin/include/cppbuiltin.h
pynq-v3.0-binaries/gcc-mb/microblazeel-xilinx-elf/lib/gcc/microblazeel-xilinx-elf/9.2.0/plugin/include/libiberty.h
pynq-v3.0-binaries/gcc-mb/microblazeel-xilinx-elf/lib/gcc/microblazeel-xilinx-elf/9.2.0/plugin/include/dbxout.h
pynq-v3.0-binaries/gcc-mb/microblazeel-xilinx-elf/lib/gcc/microblazeel-xilinx-elf/9.2.0/plugin/include/cp/
pynq-v3.0-binaries/gcc-mb/microblazeel-xilinx-elf/lib/gcc/microblazeel-xilinx-elf/9.2.0/plugin/include/cp/cp-tree.def
pynq-v3.0-binaries/gcc-mb/microblazeel-xilinx-elf/lib/gcc/microblazeel-xilinx-elf/9.2.0/plugin/include/cp/type-utils.h
pynq-v3.0-binaries/gcc-mb/microblazeel-xilinx-elf/lib/gcc/microblazeel-xilinx-elf/9.2.0/plugin/include/cp/cxx-pretty-print.h
pynq-v3.0-binaries/gcc-mb/microblazeel-xilinx-elf/lib/gcc/microblazeel-xilinx-elf/9.2.0/plugin/include/cp/name-lookup.h
pynq-v3.0-binaries/gcc-mb/microblazeel-xilinx-elf/lib/gcc/microblazeel-xilinx-elf/9.2.0/plugin/include/cp/cp-tree.h
pynq-v3.0-binaries/gcc-mb/microblazeel-xilinx-elf/lib/gcc/microblazeel-xilinx-elf/9.2.0/plugin/include/cp/operators.def
pynq-v3.0-binaries/gcc-mb/microblazeel-xilinx-elf/lib/gcc/microblazeel-xilinx-elf/9.2.0/plugin/include/reg-notes.def
pynq-v3.0-binaries/gcc-mb/microblazeel-xilinx-elf/lib/gcc/microblazeel-xilinx-elf/9.2.0/plugin/include/params-enum.h
pynq-v3.0-binaries/gcc-mb/microblazeel-xilinx-elf/lib/gcc/microblazeel-xilinx-elf/9.2.0/plugin/include/ira.h
pynq-v3.0-binaries/gcc-mb/microblazeel-xilinx-elf/lib/gcc/microblazeel-xilinx-elf/9.2.0/plugin/include/rtlhash.h
pynq-v3.0-binaries/gcc-mb/microblazeel-xilinx-elf/lib/gcc/microblazeel-xilinx-elf/9.2.0/plugin/include/tsan.h
pynq-v3.0-binaries/gcc-mb/microblazeel-xilinx-elf/lib/gcc/microblazeel-xilinx-elf/9.2.0/plugin/include/tree-hasher.h
pynq-v3.0-binaries/gcc-mb/microblazeel-xilinx-elf/lib/gcc/microblazeel-xilinx-elf/9.2.0/plugin/include/tm.h
pynq-v3.0-binaries/gcc-mb/microblazeel-xilinx-elf/lib/gcc/microblazeel-xilinx-elf/9.2.0/plugin/include/context.h
pynq-v3.0-binaries/gcc-mb/microblazeel-xilinx-elf/lib/gcc/microblazeel-xilinx-elf/9.2.0/plugin/include/domwalk.h
pynq-v3.0-binaries/gcc-mb/microblazeel-xilinx-elf/lib/gcc/microblazeel-xilinx-elf/9.2.0/plugin/include/dfp.h
pynq-v3.0-binaries/gcc-mb/microblazeel-xilinx-elf/lib/gcc/microblazeel-xilinx-elf/9.2.0/plugin/include/typeclass.h
pynq-v3.0-binaries/gcc-mb/microblazeel-xilinx-elf/lib/gcc/microblazeel-xilinx-elf/9.2.0/plugin/include/plugin-version.h
pynq-v3.0-binaries/gcc-mb/microblazeel-xilinx-elf/lib/gcc/microblazeel-xilinx-elf/9.2.0/plugin/include/mem-stats-traits.h
pynq-v3.0-binaries/gcc-mb/microblazeel-xilinx-elf/lib/gcc/microblazeel-xilinx-elf/9.2.0/plugin/include/tree-streamer.h
pynq-v3.0-binaries/gcc-mb/microblazeel-xilinx-elf/lib/gcc/microblazeel-xilinx-elf/9.2.0/plugin/include/vr-values.h
pynq-v3.0-binaries/gcc-mb/microblazeel-xilinx-elf/lib/gcc/microblazeel-xilinx-elf/9.2.0/plugin/include/hooks.h
pynq-v3.0-binaries/gcc-mb/microblazeel-xilinx-elf/lib/gcc/microblazeel-xilinx-elf/9.2.0/plugin/include/target.h
pynq-v3.0-binaries/gcc-mb/microblazeel-xilinx-elf/lib/gcc/microblazeel-xilinx-elf/9.2.0/plugin/include/tree-dfa.h
pynq-v3.0-binaries/gcc-mb/microblazeel-xilinx-elf/lib/gcc/microblazeel-xilinx-elf/9.2.0/plugin/include/symbol-summary.h
pynq-v3.0-binaries/gcc-mb/microblazeel-xilinx-elf/lib/gcc/microblazeel-xilinx-elf/9.2.0/plugin/include/prefix.h
pynq-v3.0-binaries/gcc-mb/microblazeel-xilinx-elf/lib/gcc/microblazeel-xilinx-elf/9.2.0/plugin/include/selftest-rtl.h
pynq-v3.0-binaries/gcc-mb/microblazeel-xilinx-elf/lib/gcc/microblazeel-xilinx-elf/9.2.0/plugin/include/builtins.def
pynq-v3.0-binaries/gcc-mb/microblazeel-xilinx-elf/lib/gcc/microblazeel-xilinx-elf/9.2.0/plugin/include/builtins.h
pynq-v3.0-binaries/gcc-mb/microblazeel-xilinx-elf/lib/gcc/microblazeel-xilinx-elf/9.2.0/plugin/include/highlev-plugin-common.h
pynq-v3.0-binaries/gcc-mb/microblazeel-xilinx-elf/lib/gcc/microblazeel-xilinx-elf/9.2.0/plugin/include/gcc.h
pynq-v3.0-binaries/gcc-mb/microblazeel-xilinx-elf/lib/gcc/microblazeel-xilinx-elf/9.2.0/plugin/include/bversion.h
pynq-v3.0-binaries/gcc-mb/microblazeel-xilinx-elf/lib/gcc/microblazeel-xilinx-elf/9.2.0/plugin/include/internal-fn.h
pynq-v3.0-binaries/gcc-mb/microblazeel-xilinx-elf/lib/gcc/microblazeel-xilinx-elf/9.2.0/plugin/include/tree-ssa-loop-niter.h
pynq-v3.0-binaries/gcc-mb/microblazeel-xilinx-elf/lib/gcc/microblazeel-xilinx-elf/9.2.0/plugin/include/builtin-types.def
pynq-v3.0-binaries/gcc-mb/microblazeel-xilinx-elf/lib/gcc/microblazeel-xilinx-elf/9.2.0/plugin/include/vtable-verify.h
pynq-v3.0-binaries/gcc-mb/microblazeel-xilinx-elf/lib/gcc/microblazeel-xilinx-elf/9.2.0/plugin/include/valtrack.h
pynq-v3.0-binaries/gcc-mb/microblazeel-xilinx-elf/lib/gcc/microblazeel-xilinx-elf/9.2.0/plugin/include/align.h
pynq-v3.0-binaries/gcc-mb/microblazeel-xilinx-elf/lib/gcc/microblazeel-xilinx-elf/9.2.0/plugin/include/stmt.h
pynq-v3.0-binaries/gcc-mb/microblazeel-xilinx-elf/lib/gcc/microblazeel-xilinx-elf/9.2.0/plugin/include/hosthooks.h
pynq-v3.0-binaries/gcc-mb/microblazeel-xilinx-elf/lib/gcc/microblazeel-xilinx-elf/9.2.0/plugin/include/loop-unroll.h
pynq-v3.0-binaries/gcc-mb/microblazeel-xilinx-elf/lib/gcc/microblazeel-xilinx-elf/9.2.0/plugin/include/gsyms.h
pynq-v3.0-binaries/gcc-mb/microblazeel-xilinx-elf/lib/gcc/microblazeel-xilinx-elf/9.2.0/plugin/include/gimple-ssa-evrp-analyze.h
pynq-v3.0-binaries/gcc-mb/microblazeel-xilinx-elf/lib/gcc/microblazeel-xilinx-elf/9.2.0/plugin/include/insn-modes.h
pynq-v3.0-binaries/gcc-mb/microblazeel-xilinx-elf/lib/gcc/microblazeel-xilinx-elf/9.2.0/plugin/include/ipa-prop.h
pynq-v3.0-binaries/gcc-mb/microblazeel-xilinx-elf/lib/gcc/microblazeel-xilinx-elf/9.2.0/plugin/include/ipa-icf.h
pynq-v3.0-binaries/gcc-mb/microblazeel-xilinx-elf/lib/gcc/microblazeel-xilinx-elf/9.2.0/plugin/include/insn-codes.h
pynq-v3.0-binaries/gcc-mb/microblazeel-xilinx-elf/lib/gcc/microblazeel-xilinx-elf/9.2.0/plugin/include/c-tree.h
pynq-v3.0-binaries/gcc-mb/microblazeel-xilinx-elf/lib/gcc/microblazeel-xilinx-elf/9.2.0/plugin/include/except.h
pynq-v3.0-binaries/gcc-mb/microblazeel-xilinx-elf/lib/gcc/microblazeel-xilinx-elf/9.2.0/plugin/include/tree-ssa-strlen.h
pynq-v3.0-binaries/gcc-mb/microblazeel-xilinx-elf/lib/gcc/microblazeel-xilinx-elf/9.2.0/plugin/include/timevar.h
pynq-v3.0-binaries/gcc-mb/microblazeel-xilinx-elf/lib/gcc/microblazeel-xilinx-elf/9.2.0/plugin/include/tree-ssa-ccp.h
pynq-v3.0-binaries/gcc-mb/microblazeel-xilinx-elf/lib/gcc/microblazeel-xilinx-elf/9.2.0/plugin/include/json.h
pynq-v3.0-binaries/gcc-mb/microblazeel-xilinx-elf/lib/gcc/microblazeel-xilinx-elf/9.2.0/plugin/include/tree-ssa-alias.h
pynq-v3.0-binaries/gcc-mb/microblazeel-xilinx-elf/lib/gcc/microblazeel-xilinx-elf/9.2.0/plugin/include/options.h
pynq-v3.0-binaries/gcc-mb/microblazeel-xilinx-elf/lib/gcc/microblazeel-xilinx-elf/9.2.0/plugin/include/collect-utils.h
pynq-v3.0-binaries/gcc-mb/microblazeel-xilinx-elf/lib/gcc/microblazeel-xilinx-elf/9.2.0/plugin/include/print-rtl.h
pynq-v3.0-binaries/gcc-mb/microblazeel-xilinx-elf/lib/gcc/microblazeel-xilinx-elf/9.2.0/plugin/include/cfgloop.h
pynq-v3.0-binaries/gcc-mb/microblazeel-xilinx-elf/lib/gcc/microblazeel-xilinx-elf/9.2.0/plugin/include/target-insns.def
pynq-v3.0-binaries/gcc-mb/microblazeel-xilinx-elf/lib/gcc/microblazeel-xilinx-elf/9.2.0/plugin/include/internal-fn.def
pynq-v3.0-binaries/gcc-mb/microblazeel-xilinx-elf/lib/gcc/microblazeel-xilinx-elf/9.2.0/plugin/include/dwarf2out.h
pynq-v3.0-binaries/gcc-mb/microblazeel-xilinx-elf/lib/gcc/microblazeel-xilinx-elf/9.2.0/plugin/include/tree-pretty-print.h
pynq-v3.0-binaries/gcc-mb/microblazeel-xilinx-elf/lib/gcc/microblazeel-xilinx-elf/9.2.0/plugin/include/tree-eh.h
pynq-v3.0-binaries/gcc-mb/microblazeel-xilinx-elf/lib/gcc/microblazeel-xilinx-elf/9.2.0/plugin/include/tree-ssa-threadedge.h
pynq-v3.0-binaries/gcc-mb/microblazeel-xilinx-elf/lib/gcc/microblazeel-xilinx-elf/9.2.0/plugin/include/wide-int.h
pynq-v3.0-binaries/gcc-mb/microblazeel-xilinx-elf/lib/gcc/microblazeel-xilinx-elf/9.2.0/plugin/include/inchash.h
pynq-v3.0-binaries/gcc-mb/microblazeel-xilinx-elf/lib/gcc/microblazeel-xilinx-elf/9.2.0/plugin/include/ipa-icf-gimple.h
pynq-v3.0-binaries/gcc-mb/microblazeel-xilinx-elf/lib/gcc/microblazeel-xilinx-elf/9.2.0/plugin/include/plugin.h
pynq-v3.0-binaries/gcc-mb/microblazeel-xilinx-elf/lib/gcc/microblazeel-xilinx-elf/9.2.0/plugin/include/gimple-streamer.h
pynq-v3.0-binaries/gcc-mb/microblazeel-xilinx-elf/lib/gcc/microblazeel-xilinx-elf/9.2.0/plugin/include/emit-rtl.h
pynq-v3.0-binaries/gcc-mb/microblazeel-xilinx-elf/lib/gcc/microblazeel-xilinx-elf/9.2.0/plugin/include/input.h
pynq-v3.0-binaries/gcc-mb/microblazeel-xilinx-elf/lib/gcc/microblazeel-xilinx-elf/9.2.0/plugin/include/rtl-iter.h
pynq-v3.0-binaries/gcc-mb/microblazeel-xilinx-elf/lib/gcc/microblazeel-xilinx-elf/9.2.0/plugin/include/tree-vrp.h
pynq-v3.0-binaries/gcc-mb/microblazeel-xilinx-elf/lib/gcc/microblazeel-xilinx-elf/9.2.0/plugin/include/diagnostic.h
pynq-v3.0-binaries/gcc-mb/microblazeel-xilinx-elf/lib/gcc/microblazeel-xilinx-elf/9.2.0/plugin/include/tree-cfgcleanup.h
pynq-v3.0-binaries/gcc-mb/microblazeel-xilinx-elf/lib/gcc/microblazeel-xilinx-elf/9.2.0/plugin/include/glimits.h
pynq-v3.0-binaries/gcc-mb/microblazeel-xilinx-elf/lib/gcc/microblazeel-xilinx-elf/9.2.0/plugin/include/obstack.h
pynq-v3.0-binaries/gcc-mb/microblazeel-xilinx-elf/lib/gcc/microblazeel-xilinx-elf/9.2.0/plugin/include/et-forest.h
pynq-v3.0-binaries/gcc-mb/microblazeel-xilinx-elf/lib/gcc/microblazeel-xilinx-elf/9.2.0/plugin/include/version.h
pynq-v3.0-binaries/gcc-mb/microblazeel-xilinx-elf/lib/gcc/microblazeel-xilinx-elf/9.2.0/plugin/include/dbgcnt.def
pynq-v3.0-binaries/gcc-mb/microblazeel-xilinx-elf/lib/gcc/microblazeel-xilinx-elf/9.2.0/plugin/include/pass_manager.h
pynq-v3.0-binaries/gcc-mb/microblazeel-xilinx-elf/lib/gcc/microblazeel-xilinx-elf/9.2.0/plugin/include/optabs-query.h
pynq-v3.0-binaries/gcc-mb/microblazeel-xilinx-elf/lib/gcc/microblazeel-xilinx-elf/9.2.0/plugin/include/symtab.h
pynq-v3.0-binaries/gcc-mb/microblazeel-xilinx-elf/lib/gcc/microblazeel-xilinx-elf/9.2.0/plugin/include/convert.h
pynq-v3.0-binaries/gcc-mb/microblazeel-xilinx-elf/lib/gcc/microblazeel-xilinx-elf/9.2.0/plugin/include/reload.h
pynq-v3.0-binaries/gcc-mb/microblazeel-xilinx-elf/lib/gcc/microblazeel-xilinx-elf/9.2.0/plugin/include/ira-int.h
pynq-v3.0-binaries/gcc-mb/microblazeel-xilinx-elf/lib/gcc/microblazeel-xilinx-elf/9.2.0/plugin/include/edit-context.h
pynq-v3.0-binaries/gcc-mb/microblazeel-xilinx-elf/lib/gcc/microblazeel-xilinx-elf/9.2.0/plugin/include/tree-ssa-scopedtables.h
pynq-v3.0-binaries/gcc-mb/microblazeel-xilinx-elf/lib/gcc/microblazeel-xilinx-elf/9.2.0/plugin/include/tree-object-size.h
pynq-v3.0-binaries/gcc-mb/microblazeel-xilinx-elf/lib/gcc/microblazeel-xilinx-elf/9.2.0/plugin/include/machmode.def
pynq-v3.0-binaries/gcc-mb/microblazeel-xilinx-elf/lib/gcc/microblazeel-xilinx-elf/9.2.0/plugin/include/opt-suggestions.h
pynq-v3.0-binaries/gcc-mb/microblazeel-xilinx-elf/lib/gcc/microblazeel-xilinx-elf/9.2.0/plugin/include/hosthooks-def.h
pynq-v3.0-binaries/gcc-mb/microblazeel-xilinx-elf/lib/gcc/microblazeel-xilinx-elf/9.2.0/plugin/include/insn-attr-common.h
pynq-v3.0-binaries/gcc-mb/microblazeel-xilinx-elf/lib/gcc/microblazeel-xilinx-elf/9.2.0/plugin/include/tm_p.h
pynq-v3.0-binaries/gcc-mb/microblazeel-xilinx-elf/lib/gcc/microblazeel-xilinx-elf/9.2.0/plugin/include/gtm-builtins.def
pynq-v3.0-binaries/gcc-mb/microblazeel-xilinx-elf/lib/gcc/microblazeel-xilinx-elf/9.2.0/plugin/include/gengtype.h
pynq-v3.0-binaries/gcc-mb/microblazeel-xilinx-elf/lib/gcc/microblazeel-xilinx-elf/9.2.0/plugin/include/plugin-api.h
pynq-v3.0-binaries/gcc-mb/microblazeel-xilinx-elf/lib/gcc/microblazeel-xilinx-elf/9.2.0/plugin/include/cif-code.def
pynq-v3.0-binaries/gcc-mb/microblazeel-xilinx-elf/lib/gcc/microblazeel-xilinx-elf/9.2.0/plugin/include/conditions.h
pynq-v3.0-binaries/gcc-mb/microblazeel-xilinx-elf/lib/gcc/microblazeel-xilinx-elf/9.2.0/plugin/include/xcoff.h
pynq-v3.0-binaries/gcc-mb/microblazeel-xilinx-elf/lib/gcc/microblazeel-xilinx-elf/9.2.0/plugin/include/dominance.h
pynq-v3.0-binaries/gcc-mb/microblazeel-xilinx-elf/lib/gcc/microblazeel-xilinx-elf/9.2.0/plugin/include/tree-data-ref.h
pynq-v3.0-binaries/gcc-mb/microblazeel-xilinx-elf/lib/gcc/microblazeel-xilinx-elf/9.2.0/plugin/include/omp-grid.h
pynq-v3.0-binaries/gcc-mb/microblazeel-xilinx-elf/lib/gcc/microblazeel-xilinx-elf/9.2.0/plugin/include/regrename.h
pynq-v3.0-binaries/gcc-mb/microblazeel-xilinx-elf/lib/gcc/microblazeel-xilinx-elf/9.2.0/plugin/include/stor-layout.h
pynq-v3.0-binaries/gcc-mb/microblazeel-xilinx-elf/lib/gcc/microblazeel-xilinx-elf/9.2.0/plugin/include/calls.h
pynq-v3.0-binaries/gcc-mb/microblazeel-xilinx-elf/lib/gcc/microblazeel-xilinx-elf/9.2.0/plugin/include/tree-parloops.h
pynq-v3.0-binaries/gcc-mb/microblazeel-xilinx-elf/lib/gcc/microblazeel-xilinx-elf/9.2.0/plugin/include/rtl.h
pynq-v3.0-binaries/gcc-mb/microblazeel-xilinx-elf/lib/gcc/microblazeel-xilinx-elf/9.2.0/plugin/include/graphds.h
pynq-v3.0-binaries/gcc-mb/microblazeel-xilinx-elf/lib/gcc/microblazeel-xilinx-elf/9.2.0/plugin/include/stab.def
pynq-v3.0-binaries/gcc-mb/microblazeel-xilinx-elf/lib/gcc/microblazeel-xilinx-elf/9.2.0/plugin/include/tree-ssa-operands.h
pynq-v3.0-binaries/gcc-mb/microblazeel-xilinx-elf/lib/gcc/microblazeel-xilinx-elf/9.2.0/plugin/include/objc/
pynq-v3.0-binaries/gcc-mb/microblazeel-xilinx-elf/lib/gcc/microblazeel-xilinx-elf/9.2.0/plugin/include/objc/objc-tree.def
pynq-v3.0-binaries/gcc-mb/microblazeel-xilinx-elf/lib/gcc/microblazeel-xilinx-elf/9.2.0/plugin/include/line-map.h
pynq-v3.0-binaries/gcc-mb/microblazeel-xilinx-elf/lib/gcc/microblazeel-xilinx-elf/9.2.0/plugin/include/tree-ssa-ter.h
pynq-v3.0-binaries/gcc-mb/microblazeel-xilinx-elf/lib/gcc/microblazeel-xilinx-elf/9.2.0/plugin/include/machmode.h
pynq-v3.0-binaries/gcc-mb/microblazeel-xilinx-elf/lib/gcc/microblazeel-xilinx-elf/9.2.0/plugin/include/cfgrtl.h
pynq-v3.0-binaries/gcc-mb/microblazeel-xilinx-elf/lib/gcc/microblazeel-xilinx-elf/9.2.0/plugin/include/mem-stats.h
pynq-v3.0-binaries/gcc-mb/microblazeel-xilinx-elf/lib/gcc/microblazeel-xilinx-elf/9.2.0/plugin/include/expmed.h
pynq-v3.0-binaries/gcc-mb/microblazeel-xilinx-elf/lib/gcc/microblazeel-xilinx-elf/9.2.0/plugin/include/collect2.h
pynq-v3.0-binaries/gcc-mb/microblazeel-xilinx-elf/lib/gcc/microblazeel-xilinx-elf/9.2.0/plugin/include/rtl.def
pynq-v3.0-binaries/gcc-mb/microblazeel-xilinx-elf/lib/gcc/microblazeel-xilinx-elf/9.2.0/plugin/include/params-options.h
pynq-v3.0-binaries/gcc-mb/microblazeel-xilinx-elf/lib/gcc/microblazeel-xilinx-elf/9.2.0/plugin/include/libfuncs.h
pynq-v3.0-binaries/gcc-mb/microblazeel-xilinx-elf/lib/gcc/microblazeel-xilinx-elf/9.2.0/plugin/include/stringpool.h
pynq-v3.0-binaries/gcc-mb/microblazeel-xilinx-elf/lib/gcc/microblazeel-xilinx-elf/9.2.0/plugin/include/is-a.h
pynq-v3.0-binaries/gcc-mb/microblazeel-xilinx-elf/lib/gcc/microblazeel-xilinx-elf/9.2.0/plugin/include/graphite.h
pynq-v3.0-binaries/gcc-mb/microblazeel-xilinx-elf/lib/gcc/microblazeel-xilinx-elf/9.2.0/plugin/include/hash-map.h
pynq-v3.0-binaries/gcc-mb/microblazeel-xilinx-elf/lib/gcc/microblazeel-xilinx-elf/9.2.0/plugin/include/splay-tree.h
pynq-v3.0-binaries/gcc-mb/microblazeel-xilinx-elf/lib/gcc/microblazeel-xilinx-elf/9.2.0/plugin/include/explow.h
pynq-v3.0-binaries/gcc-mb/microblazeel-xilinx-elf/lib/gcc/microblazeel-xilinx-elf/9.2.0/plugin/include/gcc-rich-location.h
pynq-v3.0-binaries/gcc-mb/microblazeel-xilinx-elf/lib/gcc/microblazeel-xilinx-elf/9.2.0/plugin/include/builtin-attrs.def
pynq-v3.0-binaries/gcc-mb/microblazeel-xilinx-elf/lib/gcc/microblazeel-xilinx-elf/9.2.0/plugin/include/tree-cfg.h
pynq-v3.0-binaries/gcc-mb/microblazeel-xilinx-elf/lib/gcc/microblazeel-xilinx-elf/9.2.0/plugin/include/gimple-fold.h
pynq-v3.0-binaries/gcc-mb/microblazeel-xilinx-elf/lib/gcc/microblazeel-xilinx-elf/9.2.0/plugin/include/rtx-vector-builder.h
pynq-v3.0-binaries/gcc-mb/microblazeel-xilinx-elf/lib/gcc/microblazeel-xilinx-elf/9.2.0/plugin/include/recog.h
pynq-v3.0-binaries/gcc-mb/microblazeel-xilinx-elf/lib/gcc/microblazeel-xilinx-elf/9.2.0/plugin/include/omp-simd-clone.h
pynq-v3.0-binaries/gcc-mb/microblazeel-xilinx-elf/lib/gcc/microblazeel-xilinx-elf/9.2.0/plugin/include/gimple-iterator.h
pynq-v3.0-binaries/gcc-mb/microblazeel-xilinx-elf/lib/gcc/microblazeel-xilinx-elf/9.2.0/plugin/include/langhooks-def.h
pynq-v3.0-binaries/gcc-mb/microblazeel-xilinx-elf/lib/gcc/microblazeel-xilinx-elf/9.2.0/plugin/include/limitx.h
pynq-v3.0-binaries/gcc-mb/microblazeel-xilinx-elf/lib/gcc/microblazeel-xilinx-elf/9.2.0/plugin/include/tracer.h
pynq-v3.0-binaries/gcc-mb/microblazeel-xilinx-elf/lib/gcc/microblazeel-xilinx-elf/9.2.0/plugin/include/gensupport.h
pynq-v3.0-binaries/gcc-mb/microblazeel-xilinx-elf/lib/gcc/microblazeel-xilinx-elf/9.2.0/plugin/include/pretty-print.h
pynq-v3.0-binaries/gcc-mb/microblazeel-xilinx-elf/lib/gcc/microblazeel-xilinx-elf/9.2.0/plugin/include/coretypes.h
pynq-v3.0-binaries/gcc-mb/microblazeel-xilinx-elf/lib/gcc/microblazeel-xilinx-elf/9.2.0/plugin/include/auto-host.h
pynq-v3.0-binaries/gcc-mb/microblazeel-xilinx-elf/lib/gcc/microblazeel-xilinx-elf/9.2.0/plugin/include/target-globals.h
pynq-v3.0-binaries/gcc-mb/microblazeel-xilinx-elf/lib/gcc/microblazeel-xilinx-elf/9.2.0/plugin/include/rtl-error.h
pynq-v3.0-binaries/gcc-mb/microblazeel-xilinx-elf/lib/gcc/microblazeel-xilinx-elf/9.2.0/plugin/include/params.def
pynq-v3.0-binaries/gcc-mb/microblazeel-xilinx-elf/lib/gcc/microblazeel-xilinx-elf/9.2.0/plugin/include/hsa-brig-format.h
pynq-v3.0-binaries/gcc-mb/microblazeel-xilinx-elf/lib/gcc/microblazeel-xilinx-elf/9.2.0/plugin/include/poly-int-types.h
pynq-v3.0-binaries/gcc-mb/microblazeel-xilinx-elf/lib/gcc/microblazeel-xilinx-elf/9.2.0/plugin/include/hashtab.h
pynq-v3.0-binaries/gcc-mb/microblazeel-xilinx-elf/lib/gcc/microblazeel-xilinx-elf/9.2.0/plugin/include/d/
pynq-v3.0-binaries/gcc-mb/microblazeel-xilinx-elf/lib/gcc/microblazeel-xilinx-elf/9.2.0/plugin/include/d/d-tree.def
pynq-v3.0-binaries/gcc-mb/microblazeel-xilinx-elf/lib/gcc/microblazeel-xilinx-elf/9.2.0/plugin/include/read-rtl-function.h
pynq-v3.0-binaries/gcc-mb/microblazeel-xilinx-elf/lib/gcc/microblazeel-xilinx-elf/9.2.0/plugin/include/genrtl.h
pynq-v3.0-binaries/gcc-mb/microblazeel-xilinx-elf/lib/gcc/microblazeel-xilinx-elf/9.2.0/plugin/include/tree-vector-builder.h
pynq-v3.0-binaries/gcc-mb/microblazeel-xilinx-elf/lib/gcc/microblazeel-xilinx-elf/9.2.0/plugin/include/treestruct.def
pynq-v3.0-binaries/gcc-mb/microblazeel-xilinx-elf/lib/gcc/microblazeel-xilinx-elf/9.2.0/plugin/include/gimple-ssa-warn-restrict.h
pynq-v3.0-binaries/gcc-mb/microblazeel-xilinx-elf/lib/gcc/microblazeel-xilinx-elf/9.2.0/plugin/include/gimple-pretty-print.h
pynq-v3.0-binaries/gcc-mb/microblazeel-xilinx-elf/lib/gcc/microblazeel-xilinx-elf/9.2.0/plugin/include/tree-scalar-evolution.h
pynq-v3.0-binaries/gcc-mb/microblazeel-xilinx-elf/lib/gcc/microblazeel-xilinx-elf/9.2.0/plugin/include/lra.h
pynq-v3.0-binaries/gcc-mb/microblazeel-xilinx-elf/lib/gcc/microblazeel-xilinx-elf/9.2.0/plugin/include/ansidecl.h
pynq-v3.0-binaries/gcc-mb/microblazeel-xilinx-elf/lib/gcc/microblazeel-xilinx-elf/9.2.0/plugin/include/target.def
pynq-v3.0-binaries/gcc-mb/microblazeel-xilinx-elf/lib/gcc/microblazeel-xilinx-elf/9.2.0/plugin/include/debug.h
pynq-v3.0-binaries/gcc-mb/microblazeel-xilinx-elf/lib/gcc/microblazeel-xilinx-elf/9.2.0/plugin/include/lcm.h
pynq-v3.0-binaries/gcc-mb/microblazeel-xilinx-elf/lib/gcc/microblazeel-xilinx-elf/9.2.0/plugin/include/tree-ssa-live.h
pynq-v3.0-binaries/gcc-mb/microblazeel-xilinx-elf/lib/gcc/microblazeel-xilinx-elf/9.2.0/plugin/include/xcoffout.h
pynq-v3.0-binaries/gcc-mb/microblazeel-xilinx-elf/lib/gcc/microblazeel-xilinx-elf/9.2.0/plugin/include/vec.h
pynq-v3.0-binaries/gcc-mb/microblazeel-xilinx-elf/lib/gcc/microblazeel-xilinx-elf/9.2.0/plugin/include/varasm.h
pynq-v3.0-binaries/gcc-mb/microblazeel-xilinx-elf/lib/gcc/microblazeel-xilinx-elf/9.2.0/plugin/include/cfg-flags.def
pynq-v3.0-binaries/gcc-mb/microblazeel-xilinx-elf/lib/gcc/microblazeel-xilinx-elf/9.2.0/plugin/include/rtlhooks-def.h
pynq-v3.0-binaries/gcc-mb/microblazeel-xilinx-elf/lib/gcc/microblazeel-xilinx-elf/9.2.0/plugin/include/errors.h
pynq-v3.0-binaries/gcc-mb/microblazeel-xilinx-elf/lib/gcc/microblazeel-xilinx-elf/9.2.0/plugin/include/dump-context.h
pynq-v3.0-binaries/gcc-mb/microblazeel-xilinx-elf/lib/gcc/microblazeel-xilinx-elf/9.2.0/plugin/include/optabs-tree.h
pynq-v3.0-binaries/gcc-mb/microblazeel-xilinx-elf/lib/gcc/microblazeel-xilinx-elf/9.2.0/plugin/include/system.h
pynq-v3.0-binaries/gcc-mb/microblazeel-xilinx-elf/lib/gcc/microblazeel-xilinx-elf/9.2.0/plugin/include/targhooks.h
pynq-v3.0-binaries/gcc-mb/microblazeel-xilinx-elf/lib/gcc/microblazeel-xilinx-elf/9.2.0/plugin/include/ipa-predicate.h
pynq-v3.0-binaries/gcc-mb/microblazeel-xilinx-elf/lib/gcc/microblazeel-xilinx-elf/9.2.0/plugin/include/params-list.h
pynq-v3.0-binaries/gcc-mb/microblazeel-xilinx-elf/lib/gcc/microblazeel-xilinx-elf/9.2.0/plugin/include/hash-map-traits.h
pynq-v3.0-binaries/gcc-mb/microblazeel-xilinx-elf/lib/gcc/microblazeel-xilinx-elf/9.2.0/plugin/include/lra-int.h
pynq-v3.0-binaries/gcc-mb/microblazeel-xilinx-elf/lib/gcc/microblazeel-xilinx-elf/9.2.0/plugin/include/gimple-builder.h
pynq-v3.0-binaries/gcc-mb/microblazeel-xilinx-elf/lib/gcc/microblazeel-xilinx-elf/9.2.0/plugin/include/hw-doloop.h
pynq-v3.0-binaries/gcc-mb/microblazeel-xilinx-elf/lib/gcc/microblazeel-xilinx-elf/9.2.0/plugin/include/regcprop.h
pynq-v3.0-binaries/gcc-mb/microblazeel-xilinx-elf/lib/gcc/microblazeel-xilinx-elf/9.2.0/plugin/include/gimple-match.h
pynq-v3.0-binaries/gcc-mb/microblazeel-xilinx-elf/lib/gcc/microblazeel-xilinx-elf/9.2.0/plugin/include/optabs.h
pynq-v3.0-binaries/gcc-mb/microblazeel-xilinx-elf/lib/gcc/microblazeel-xilinx-elf/9.2.0/plugin/include/mode-classes.def
pynq-v3.0-binaries/gcc-mb/microblazeel-xilinx-elf/lib/gcc/microblazeel-xilinx-elf/9.2.0/plugin/include/wide-int-range.h
pynq-v3.0-binaries/gcc-mb/microblazeel-xilinx-elf/lib/gcc/microblazeel-xilinx-elf/9.2.0/plugin/include/flag-types.h
pynq-v3.0-binaries/gcc-mb/microblazeel-xilinx-elf/lib/gcc/microblazeel-xilinx-elf/9.2.0/plugin/include/df.h
pynq-v3.0-binaries/gcc-mb/microblazeel-xilinx-elf/lib/gcc/microblazeel-xilinx-elf/9.2.0/plugin/include/intl.h
pynq-v3.0-binaries/gcc-mb/microblazeel-xilinx-elf/lib/gcc/microblazeel-xilinx-elf/9.2.0/plugin/include/tree-ssa.h
pynq-v3.0-binaries/gcc-mb/microblazeel-xilinx-elf/lib/gcc/microblazeel-xilinx-elf/9.2.0/plugin/libcc1plugin.so.0.0.0
pynq-v3.0-binaries/gcc-mb/microblazeel-xilinx-elf/lib/gcc/microblazeel-xilinx-elf/9.2.0/plugin/libcc1plugin.so
pynq-v3.0-binaries/gcc-mb/microblazeel-xilinx-elf/lib/gcc/microblazeel-xilinx-elf/9.2.0/plugin/libcp1plugin.so.0.0.0
pynq-v3.0-binaries/gcc-mb/microblazeel-xilinx-elf/lib/gcc/microblazeel-xilinx-elf/9.2.0/plugin/libcp1plugin.so
pynq-v3.0-binaries/gcc-mb/microblazeel-xilinx-elf/lib/gcc/microblazeel-xilinx-elf/9.2.0/plugin/libcc1plugin.so.0
pynq-v3.0-binaries/gcc-mb/microblazeel-xilinx-elf/lib/gcc/microblazeel-xilinx-elf/9.2.0/plugin/libcp1plugin.so.0
pynq-v3.0-binaries/gcc-mb/microblazeel-xilinx-elf/lib/gcc/microblazeel-xilinx-elf/9.2.0/plugin/gtype.state
pynq-v3.0-binaries/gcc-mb/microblazeel-xilinx-elf/lib/gcc/microblazeel-xilinx-elf/9.2.0/crtbeginT.o
pynq-v3.0-binaries/gcc-mb/microblazeel-xilinx-elf/lib/gcc/microblazeel-xilinx-elf/9.2.0/libgcov.a
pynq-v3.0-binaries/gcc-mb/microblazeel-xilinx-elf/lib/gcc/microblazeel-xilinx-elf/9.2.0/crtend.o
pynq-v3.0-binaries/gcc-mb/microblazeel-xilinx-elf/lib/gcc/microblazeel-xilinx-elf/9.2.0/crtn.o
pynq-v3.0-binaries/gcc-mb/microblazeel-xilinx-elf/lib/gcc/microblazeel-xilinx-elf/9.2.0/crti.o
pynq-v3.0-binaries/gcc-mb/microblazeel-xilinx-elf/lib/gcc/microblazeel-xilinx-elf/9.2.0/install-tools/
pynq-v3.0-binaries/gcc-mb/microblazeel-xilinx-elf/lib/gcc/microblazeel-xilinx-elf/9.2.0/install-tools/include/
pynq-v3.0-binaries/gcc-mb/microblazeel-xilinx-elf/lib/gcc/microblazeel-xilinx-elf/9.2.0/install-tools/include/limits.h
pynq-v3.0-binaries/gcc-mb/microblazeel-xilinx-elf/lib/gcc/microblazeel-xilinx-elf/9.2.0/install-tools/include/README
pynq-v3.0-binaries/gcc-mb/microblazeel-xilinx-elf/lib/gcc/microblazeel-xilinx-elf/9.2.0/install-tools/fixinc_list
pynq-v3.0-binaries/gcc-mb/microblazeel-xilinx-elf/lib/gcc/microblazeel-xilinx-elf/9.2.0/install-tools/gsyslimits.h
pynq-v3.0-binaries/gcc-mb/microblazeel-xilinx-elf/lib/gcc/microblazeel-xilinx-elf/9.2.0/install-tools/mkheaders.conf
pynq-v3.0-binaries/gcc-mb/microblazeel-xilinx-elf/lib/gcc/microblazeel-xilinx-elf/9.2.0/install-tools/macro_list
pynq-v3.0-binaries/gcc-mb/microblazeel-xilinx-elf/lib/gcc/microblazeel-xilinx-elf/9.2.0/libgcc.a
pynq-v3.0-binaries/gcc-mb/microblazeel-xilinx-elf/lib/gcc/microblazeel-xilinx-elf/9.2.0/crtbeginS.o
pynq-v3.0-binaries/gcc-mb/microblazeel-xilinx-elf/lib/gcc/microblazeel-xilinx-elf/9.2.0/crtendS.o
pynq-v3.0-binaries/gcc-mb/microblazeel-xilinx-elf/lib/libcc1.so.0.0.0
pynq-v3.0-binaries/gcc-mb/microblazeel-xilinx-elf/lib/libcc1.so
pynq-v3.0-binaries/gcc-mb/microblazeel-xilinx-elf/share/
pynq-v3.0-binaries/gcc-mb/microblazeel-xilinx-elf/share/gcc-9.2.0/
pynq-v3.0-binaries/gcc-mb/microblazeel-xilinx-elf/share/gcc-9.2.0/python/
pynq-v3.0-binaries/gcc-mb/microblazeel-xilinx-elf/share/gcc-9.2.0/python/libstdcxx/
pynq-v3.0-binaries/gcc-mb/microblazeel-xilinx-elf/share/gcc-9.2.0/python/libstdcxx/v6/
pynq-v3.0-binaries/gcc-mb/microblazeel-xilinx-elf/share/gcc-9.2.0/python/libstdcxx/v6/xmethods.py
pynq-v3.0-binaries/gcc-mb/microblazeel-xilinx-elf/share/gcc-9.2.0/python/libstdcxx/v6/printers.py
pynq-v3.0-binaries/gcc-mb/microblazeel-xilinx-elf/share/gcc-9.2.0/python/libstdcxx/v6/__init__.py
pynq-v3.0-binaries/gcc-mb/microblazeel-xilinx-elf/share/gcc-9.2.0/python/libstdcxx/__init__.py
pynq-v3.0-binaries/gcc-mb/microblazeel-xilinx-elf/share/licenses/
pynq-v3.0-binaries/gcc-mb/microblazeel-xilinx-elf/share/licenses/gmp/
pynq-v3.0-binaries/gcc-mb/microblazeel-xilinx-elf/share/licenses/gmp/COPYINGv2
pynq-v3.0-binaries/gcc-mb/microblazeel-xilinx-elf/share/licenses/gmp/COPYING.LESSERv3
pynq-v3.0-binaries/gcc-mb/microblazeel-xilinx-elf/share/licenses/gmp/COPYINGv3
pynq-v3.0-binaries/gcc-mb/microblazeel-xilinx-elf/share/licenses/gmp/COPYING
pynq-v3.0-binaries/gcc-mb/microblazeel-xilinx-elf/share/licenses/gettext/
pynq-v3.0-binaries/gcc-mb/microblazeel-xilinx-elf/share/licenses/gettext/djgpp/
pynq-v3.0-binaries/gcc-mb/microblazeel-xilinx-elf/share/licenses/gettext/djgpp/COPYING.DJ
pynq-v3.0-binaries/gcc-mb/microblazeel-xilinx-elf/share/licenses/gettext/gettext-tools/
pynq-v3.0-binaries/gcc-mb/microblazeel-xilinx-elf/share/licenses/gettext/gettext-tools/gnulib-lib/
pynq-v3.0-binaries/gcc-mb/microblazeel-xilinx-elf/share/licenses/gettext/gettext-tools/gnulib-lib/libxml/
pynq-v3.0-binaries/gcc-mb/microblazeel-xilinx-elf/share/licenses/gettext/gettext-tools/gnulib-lib/libxml/COPYING
pynq-v3.0-binaries/gcc-mb/microblazeel-xilinx-elf/share/licenses/gettext/gettext-tools/COPYING
pynq-v3.0-binaries/gcc-mb/microblazeel-xilinx-elf/share/licenses/gettext/gettext-runtime/
pynq-v3.0-binaries/gcc-mb/microblazeel-xilinx-elf/share/licenses/gettext/gettext-runtime/intl/
pynq-v3.0-binaries/gcc-mb/microblazeel-xilinx-elf/share/licenses/gettext/gettext-runtime/intl/COPYING.LIB
pynq-v3.0-binaries/gcc-mb/microblazeel-xilinx-elf/share/licenses/gettext/gettext-runtime/libasprintf/
pynq-v3.0-binaries/gcc-mb/microblazeel-xilinx-elf/share/licenses/gettext/gettext-runtime/libasprintf/COPYING.LIB
pynq-v3.0-binaries/gcc-mb/microblazeel-xilinx-elf/share/licenses/gettext/gettext-runtime/libasprintf/COPYING
pynq-v3.0-binaries/gcc-mb/microblazeel-xilinx-elf/share/licenses/gettext/gettext-runtime/COPYING
pynq-v3.0-binaries/gcc-mb/microblazeel-xilinx-elf/share/licenses/gettext/gnulib-local/
pynq-v3.0-binaries/gcc-mb/microblazeel-xilinx-elf/share/licenses/gettext/gnulib-local/lib/
pynq-v3.0-binaries/gcc-mb/microblazeel-xilinx-elf/share/licenses/gettext/gnulib-local/lib/libxml/
pynq-v3.0-binaries/gcc-mb/microblazeel-xilinx-elf/share/licenses/gettext/gnulib-local/lib/libxml/COPYING
pynq-v3.0-binaries/gcc-mb/microblazeel-xilinx-elf/share/licenses/gettext/COPYING
pynq-v3.0-binaries/gcc-mb/microblazeel-xilinx-elf/share/licenses/ncurses/
pynq-v3.0-binaries/gcc-mb/microblazeel-xilinx-elf/share/licenses/ncurses/COPYING
pynq-v3.0-binaries/gcc-mb/microblazeel-xilinx-elf/share/licenses/newlib/
pynq-v3.0-binaries/gcc-mb/microblazeel-xilinx-elf/share/licenses/newlib/COPYING.LIB
pynq-v3.0-binaries/gcc-mb/microblazeel-xilinx-elf/share/licenses/newlib/include/
pynq-v3.0-binaries/gcc-mb/microblazeel-xilinx-elf/share/licenses/newlib/include/COPYING3
pynq-v3.0-binaries/gcc-mb/microblazeel-xilinx-elf/share/licenses/newlib/include/COPYING
pynq-v3.0-binaries/gcc-mb/microblazeel-xilinx-elf/share/licenses/newlib/newlib/
pynq-v3.0-binaries/gcc-mb/microblazeel-xilinx-elf/share/licenses/newlib/newlib/libc/
pynq-v3.0-binaries/gcc-mb/microblazeel-xilinx-elf/share/licenses/newlib/newlib/libc/sys/
pynq-v3.0-binaries/gcc-mb/microblazeel-xilinx-elf/share/licenses/newlib/newlib/libc/sys/linux/
pynq-v3.0-binaries/gcc-mb/microblazeel-xilinx-elf/share/licenses/newlib/newlib/libc/sys/linux/linuxthreads/
pynq-v3.0-binaries/gcc-mb/microblazeel-xilinx-elf/share/licenses/newlib/newlib/libc/sys/linux/linuxthreads/LICENSE
pynq-v3.0-binaries/gcc-mb/microblazeel-xilinx-elf/share/licenses/newlib/COPYING3
pynq-v3.0-binaries/gcc-mb/microblazeel-xilinx-elf/share/licenses/newlib/COPYING.NEWLIB
pynq-v3.0-binaries/gcc-mb/microblazeel-xilinx-elf/share/licenses/newlib/COPYING.LIBGLOSS
pynq-v3.0-binaries/gcc-mb/microblazeel-xilinx-elf/share/licenses/newlib/COPYING
pynq-v3.0-binaries/gcc-mb/microblazeel-xilinx-elf/share/licenses/newlib/COPYING3.LIB
pynq-v3.0-binaries/gcc-mb/microblazeel-xilinx-elf/share/licenses/binutils/
pynq-v3.0-binaries/gcc-mb/microblazeel-xilinx-elf/share/licenses/binutils/COPYING.LIB
pynq-v3.0-binaries/gcc-mb/microblazeel-xilinx-elf/share/licenses/binutils/include/
pynq-v3.0-binaries/gcc-mb/microblazeel-xilinx-elf/share/licenses/binutils/include/COPYING3
pynq-v3.0-binaries/gcc-mb/microblazeel-xilinx-elf/share/licenses/binutils/include/COPYING
pynq-v3.0-binaries/gcc-mb/microblazeel-xilinx-elf/share/licenses/binutils/gas/
pynq-v3.0-binaries/gcc-mb/microblazeel-xilinx-elf/share/licenses/binutils/gas/COPYING
pynq-v3.0-binaries/gcc-mb/microblazeel-xilinx-elf/share/licenses/binutils/bfd/
pynq-v3.0-binaries/gcc-mb/microblazeel-xilinx-elf/share/licenses/binutils/bfd/COPYING
pynq-v3.0-binaries/gcc-mb/microblazeel-xilinx-elf/share/licenses/binutils/libiberty/
pynq-v3.0-binaries/gcc-mb/microblazeel-xilinx-elf/share/licenses/binutils/libiberty/COPYING.LIB
pynq-v3.0-binaries/gcc-mb/microblazeel-xilinx-elf/share/licenses/binutils/COPYING3
pynq-v3.0-binaries/gcc-mb/microblazeel-xilinx-elf/share/licenses/binutils/zlib/
pynq-v3.0-binaries/gcc-mb/microblazeel-xilinx-elf/share/licenses/binutils/zlib/contrib/
pynq-v3.0-binaries/gcc-mb/microblazeel-xilinx-elf/share/licenses/binutils/zlib/contrib/dotzlib/
pynq-v3.0-binaries/gcc-mb/microblazeel-xilinx-elf/share/licenses/binutils/zlib/contrib/dotzlib/LICENSE_1_0.txt
pynq-v3.0-binaries/gcc-mb/microblazeel-xilinx-elf/share/licenses/binutils/COPYING
pynq-v3.0-binaries/gcc-mb/microblazeel-xilinx-elf/share/licenses/binutils/COPYING3.LIB
pynq-v3.0-binaries/gcc-mb/microblazeel-xilinx-elf/share/licenses/isl/
pynq-v3.0-binaries/gcc-mb/microblazeel-xilinx-elf/share/licenses/isl/LICENSE
pynq-v3.0-binaries/gcc-mb/microblazeel-xilinx-elf/share/licenses/crosstool-ng/
pynq-v3.0-binaries/gcc-mb/microblazeel-xilinx-elf/share/licenses/crosstool-ng/licenses.d/
pynq-v3.0-binaries/gcc-mb/microblazeel-xilinx-elf/share/licenses/crosstool-ng/licenses.d/by-sa/
pynq-v3.0-binaries/gcc-mb/microblazeel-xilinx-elf/share/licenses/crosstool-ng/licenses.d/by-sa/legalcode
pynq-v3.0-binaries/gcc-mb/microblazeel-xilinx-elf/share/licenses/crosstool-ng/licenses.d/by-sa/legalcode_files/
pynq-v3.0-binaries/gcc-mb/microblazeel-xilinx-elf/share/licenses/crosstool-ng/licenses.d/by-sa/legalcode_files/logo_code.gif
pynq-v3.0-binaries/gcc-mb/microblazeel-xilinx-elf/share/licenses/crosstool-ng/licenses.d/by-sa/legalcode_files/deeds.css
pynq-v3.0-binaries/gcc-mb/microblazeel-xilinx-elf/share/licenses/crosstool-ng/licenses.d/by-sa/deed_files/
pynq-v3.0-binaries/gcc-mb/microblazeel-xilinx-elf/share/licenses/crosstool-ng/licenses.d/by-sa/deed_files/popup.gif
pynq-v3.0-binaries/gcc-mb/microblazeel-xilinx-elf/share/licenses/crosstool-ng/licenses.d/by-sa/deed_files/deed_002.gif
pynq-v3.0-binaries/gcc-mb/microblazeel-xilinx-elf/share/licenses/crosstool-ng/licenses.d/by-sa/deed_files/logo_deed.gif
pynq-v3.0-binaries/gcc-mb/microblazeel-xilinx-elf/share/licenses/crosstool-ng/licenses.d/by-sa/deed_files/deed.gif
pynq-v3.0-binaries/gcc-mb/microblazeel-xilinx-elf/share/licenses/crosstool-ng/licenses.d/by-sa/deed_files/deeds.css
pynq-v3.0-binaries/gcc-mb/microblazeel-xilinx-elf/share/licenses/crosstool-ng/licenses.d/by-sa/deed.en
pynq-v3.0-binaries/gcc-mb/microblazeel-xilinx-elf/share/licenses/crosstool-ng/licenses.d/gpl.txt
pynq-v3.0-binaries/gcc-mb/microblazeel-xilinx-elf/share/licenses/crosstool-ng/licenses.d/lgpl.txt
pynq-v3.0-binaries/gcc-mb/microblazeel-xilinx-elf/share/licenses/crosstool-ng/LICENSE
pynq-v3.0-binaries/gcc-mb/microblazeel-xilinx-elf/share/licenses/crosstool-ng/COPYING
pynq-v3.0-binaries/gcc-mb/microblazeel-xilinx-elf/share/licenses/gcc/
pynq-v3.0-binaries/gcc-mb/microblazeel-xilinx-elf/share/licenses/gcc/COPYING.RUNTIME
pynq-v3.0-binaries/gcc-mb/microblazeel-xilinx-elf/share/licenses/gcc/COPYING.LIB
pynq-v3.0-binaries/gcc-mb/microblazeel-xilinx-elf/share/licenses/gcc/include/
pynq-v3.0-binaries/gcc-mb/microblazeel-xilinx-elf/share/licenses/gcc/include/COPYING3
pynq-v3.0-binaries/gcc-mb/microblazeel-xilinx-elf/share/licenses/gcc/include/COPYING
pynq-v3.0-binaries/gcc-mb/microblazeel-xilinx-elf/share/licenses/gcc/libsanitizer/
pynq-v3.0-binaries/gcc-mb/microblazeel-xilinx-elf/share/licenses/gcc/libsanitizer/LICENSE.TXT
pynq-v3.0-binaries/gcc-mb/microblazeel-xilinx-elf/share/licenses/gcc/libstdc++-v3/
pynq-v3.0-binaries/gcc-mb/microblazeel-xilinx-elf/share/licenses/gcc/libstdc++-v3/include/
pynq-v3.0-binaries/gcc-mb/microblazeel-xilinx-elf/share/licenses/gcc/libstdc++-v3/include/pstl/
pynq-v3.0-binaries/gcc-mb/microblazeel-xilinx-elf/share/licenses/gcc/libstdc++-v3/include/pstl/LICENSE.txt
pynq-v3.0-binaries/gcc-mb/microblazeel-xilinx-elf/share/licenses/gcc/gcc/
pynq-v3.0-binaries/gcc-mb/microblazeel-xilinx-elf/share/licenses/gcc/gcc/testsuite/
pynq-v3.0-binaries/gcc-mb/microblazeel-xilinx-elf/share/licenses/gcc/gcc/testsuite/gcc.dg/
pynq-v3.0-binaries/gcc-mb/microblazeel-xilinx-elf/share/licenses/gcc/gcc/testsuite/gcc.dg/params/
pynq-v3.0-binaries/gcc-mb/microblazeel-xilinx-elf/share/licenses/gcc/gcc/testsuite/gcc.dg/params/LICENSE
pynq-v3.0-binaries/gcc-mb/microblazeel-xilinx-elf/share/licenses/gcc/gcc/COPYING.LIB
pynq-v3.0-binaries/gcc-mb/microblazeel-xilinx-elf/share/licenses/gcc/gcc/go/
pynq-v3.0-binaries/gcc-mb/microblazeel-xilinx-elf/share/licenses/gcc/gcc/go/gofrontend/
pynq-v3.0-binaries/gcc-mb/microblazeel-xilinx-elf/share/licenses/gcc/gcc/go/gofrontend/LICENSE
pynq-v3.0-binaries/gcc-mb/microblazeel-xilinx-elf/share/licenses/gcc/gcc/COPYING3
pynq-v3.0-binaries/gcc-mb/microblazeel-xilinx-elf/share/licenses/gcc/gcc/COPYING
pynq-v3.0-binaries/gcc-mb/microblazeel-xilinx-elf/share/licenses/gcc/gcc/COPYING3.LIB
pynq-v3.0-binaries/gcc-mb/microblazeel-xilinx-elf/share/licenses/gcc/libphobos/
pynq-v3.0-binaries/gcc-mb/microblazeel-xilinx-elf/share/licenses/gcc/libphobos/src/
pynq-v3.0-binaries/gcc-mb/microblazeel-xilinx-elf/share/licenses/gcc/libphobos/src/LICENSE_1_0.txt
pynq-v3.0-binaries/gcc-mb/microblazeel-xilinx-elf/share/licenses/gcc/libphobos/libdruntime/
pynq-v3.0-binaries/gcc-mb/microblazeel-xilinx-elf/share/licenses/gcc/libphobos/libdruntime/LICENSE
pynq-v3.0-binaries/gcc-mb/microblazeel-xilinx-elf/share/licenses/gcc/libquadmath/
pynq-v3.0-binaries/gcc-mb/microblazeel-xilinx-elf/share/licenses/gcc/libquadmath/COPYING.LIB
pynq-v3.0-binaries/gcc-mb/microblazeel-xilinx-elf/share/licenses/gcc/libffi/
pynq-v3.0-binaries/gcc-mb/microblazeel-xilinx-elf/share/licenses/gcc/libffi/LICENSE
pynq-v3.0-binaries/gcc-mb/microblazeel-xilinx-elf/share/licenses/gcc/libgo/
pynq-v3.0-binaries/gcc-mb/microblazeel-xilinx-elf/share/licenses/gcc/libgo/go/
pynq-v3.0-binaries/gcc-mb/microblazeel-xilinx-elf/share/licenses/gcc/libgo/go/golang.org/
pynq-v3.0-binaries/gcc-mb/microblazeel-xilinx-elf/share/licenses/gcc/libgo/go/golang.org/x/
pynq-v3.0-binaries/gcc-mb/microblazeel-xilinx-elf/share/licenses/gcc/libgo/go/golang.org/x/tools/
pynq-v3.0-binaries/gcc-mb/microblazeel-xilinx-elf/share/licenses/gcc/libgo/go/golang.org/x/tools/LICENSE
pynq-v3.0-binaries/gcc-mb/microblazeel-xilinx-elf/share/licenses/gcc/libgo/LICENSE
pynq-v3.0-binaries/gcc-mb/microblazeel-xilinx-elf/share/licenses/gcc/libiberty/
pynq-v3.0-binaries/gcc-mb/microblazeel-xilinx-elf/share/licenses/gcc/libiberty/COPYING.LIB
pynq-v3.0-binaries/gcc-mb/microblazeel-xilinx-elf/share/licenses/gcc/COPYING3
pynq-v3.0-binaries/gcc-mb/microblazeel-xilinx-elf/share/licenses/gcc/zlib/
pynq-v3.0-binaries/gcc-mb/microblazeel-xilinx-elf/share/licenses/gcc/zlib/contrib/
pynq-v3.0-binaries/gcc-mb/microblazeel-xilinx-elf/share/licenses/gcc/zlib/contrib/dotzlib/
pynq-v3.0-binaries/gcc-mb/microblazeel-xilinx-elf/share/licenses/gcc/zlib/contrib/dotzlib/LICENSE_1_0.txt
pynq-v3.0-binaries/gcc-mb/microblazeel-xilinx-elf/share/licenses/gcc/COPYING
pynq-v3.0-binaries/gcc-mb/microblazeel-xilinx-elf/share/licenses/gcc/COPYING3.LIB
pynq-v3.0-binaries/gcc-mb/microblazeel-xilinx-elf/share/licenses/mpc/
pynq-v3.0-binaries/gcc-mb/microblazeel-xilinx-elf/share/licenses/mpc/COPYING.LESSER
pynq-v3.0-binaries/gcc-mb/microblazeel-xilinx-elf/share/licenses/libiconv/
pynq-v3.0-binaries/gcc-mb/microblazeel-xilinx-elf/share/licenses/libiconv/COPYING.LIB
pynq-v3.0-binaries/gcc-mb/microblazeel-xilinx-elf/share/licenses/libiconv/libcharset/
pynq-v3.0-binaries/gcc-mb/microblazeel-xilinx-elf/share/licenses/libiconv/libcharset/COPYING.LIB
pynq-v3.0-binaries/gcc-mb/microblazeel-xilinx-elf/share/licenses/libiconv/COPYING
pynq-v3.0-binaries/gcc-mb/microblazeel-xilinx-elf/share/licenses/zlib/
pynq-v3.0-binaries/gcc-mb/microblazeel-xilinx-elf/share/licenses/zlib/contrib/
pynq-v3.0-binaries/gcc-mb/microblazeel-xilinx-elf/share/licenses/zlib/contrib/dotzlib/
pynq-v3.0-binaries/gcc-mb/microblazeel-xilinx-elf/share/licenses/zlib/contrib/dotzlib/LICENSE_1_0.txt
pynq-v3.0-binaries/gcc-mb/microblazeel-xilinx-elf/share/licenses/automake/
pynq-v3.0-binaries/gcc-mb/microblazeel-xilinx-elf/share/licenses/automake/lib/
pynq-v3.0-binaries/gcc-mb/microblazeel-xilinx-elf/share/licenses/automake/lib/COPYING
pynq-v3.0-binaries/gcc-mb/microblazeel-xilinx-elf/share/licenses/automake/COPYING
pynq-v3.0-binaries/gcc-mb/microblazeel-xilinx-elf/share/licenses/mpfr/
pynq-v3.0-binaries/gcc-mb/microblazeel-xilinx-elf/share/licenses/mpfr/COPYING.LESSER
pynq-v3.0-binaries/gcc-mb/microblazeel-xilinx-elf/share/licenses/mpfr/COPYING
pynq-v3.0-binaries/gcc-mb/microblazeel-xilinx-elf/bin/
pynq-v3.0-binaries/gcc-mb/microblazeel-xilinx-elf/bin/microblazeel-xilinx-elf-objcopy
pynq-v3.0-binaries/gcc-mb/microblazeel-xilinx-elf/bin/mb-addr2line
pynq-v3.0-binaries/gcc-mb/microblazeel-xilinx-elf/bin/mb-strings
pynq-v3.0-binaries/gcc-mb/microblazeel-xilinx-elf/bin/microblazeel-xilinx-elf-gcc-ar
pynq-v3.0-binaries/gcc-mb/microblazeel-xilinx-elf/bin/mb-cc
pynq-v3.0-binaries/gcc-mb/microblazeel-xilinx-elf/bin/mb-objdump
pynq-v3.0-binaries/gcc-mb/microblazeel-xilinx-elf/bin/mb-gcov-dump
pynq-v3.0-binaries/gcc-mb/microblazeel-xilinx-elf/bin/mb-cpp
pynq-v3.0-binaries/gcc-mb/microblazeel-xilinx-elf/bin/mb-readelf
pynq-v3.0-binaries/gcc-mb/microblazeel-xilinx-elf/bin/mb-objcopy
pynq-v3.0-binaries/gcc-mb/microblazeel-xilinx-elf/bin/microblazeel-xilinx-elf-size
pynq-v3.0-binaries/gcc-mb/microblazeel-xilinx-elf/bin/microblazeel-xilinx-elf-cc
pynq-v3.0-binaries/gcc-mb/microblazeel-xilinx-elf/bin/microblazeel-xilinx-elf-strip
pynq-v3.0-binaries/gcc-mb/microblazeel-xilinx-elf/bin/mb-gcov
pynq-v3.0-binaries/gcc-mb/microblazeel-xilinx-elf/bin/microblazeel-xilinx-elf-ct-ng.config
pynq-v3.0-binaries/gcc-mb/microblazeel-xilinx-elf/bin/mb-c++filt
pynq-v3.0-binaries/gcc-mb/microblazeel-xilinx-elf/bin/microblazeel-xilinx-elf-nm
pynq-v3.0-binaries/gcc-mb/microblazeel-xilinx-elf/bin/mb-gcc-ranlib
pynq-v3.0-binaries/gcc-mb/microblazeel-xilinx-elf/bin/microblazeel-xilinx-elf-as
pynq-v3.0-binaries/gcc-mb/microblazeel-xilinx-elf/bin/mb-gcc-9.2.0
pynq-v3.0-binaries/gcc-mb/microblazeel-xilinx-elf/bin/microblazeel-xilinx-elf-gcc-9.2.0
pynq-v3.0-binaries/gcc-mb/microblazeel-xilinx-elf/bin/mb-ld.bfd
pynq-v3.0-binaries/gcc-mb/microblazeel-xilinx-elf/bin/mb-c++
pynq-v3.0-binaries/gcc-mb/microblazeel-xilinx-elf/bin/microblazeel-xilinx-elf-gcov
pynq-v3.0-binaries/gcc-mb/microblazeel-xilinx-elf/bin/microblazeel-xilinx-elf-ranlib
pynq-v3.0-binaries/gcc-mb/microblazeel-xilinx-elf/bin/microblazeel-xilinx-elf-gcc-nm
pynq-v3.0-binaries/gcc-mb/microblazeel-xilinx-elf/bin/microblazeel-xilinx-elf-cpp
pynq-v3.0-binaries/gcc-mb/microblazeel-xilinx-elf/bin/microblazeel-xilinx-elf-elfedit
pynq-v3.0-binaries/gcc-mb/microblazeel-xilinx-elf/bin/microblazeel-xilinx-elf-ar
pynq-v3.0-binaries/gcc-mb/microblazeel-xilinx-elf/bin/mb-gcc-ar
pynq-v3.0-binaries/gcc-mb/microblazeel-xilinx-elf/bin/mb-ct-ng.config
pynq-v3.0-binaries/gcc-mb/microblazeel-xilinx-elf/bin/microblazeel-xilinx-elf-gcc-ranlib
pynq-v3.0-binaries/gcc-mb/microblazeel-xilinx-elf/bin/microblazeel-xilinx-elf-c++filt
pynq-v3.0-binaries/gcc-mb/microblazeel-xilinx-elf/bin/mb-ar
pynq-v3.0-binaries/gcc-mb/microblazeel-xilinx-elf/bin/microblazeel-xilinx-elf-addr2line
pynq-v3.0-binaries/gcc-mb/microblazeel-xilinx-elf/bin/mb-gcov-tool
pynq-v3.0-binaries/gcc-mb/microblazeel-xilinx-elf/bin/mb-gcc-nm
pynq-v3.0-binaries/gcc-mb/microblazeel-xilinx-elf/bin/mb-gcc
pynq-v3.0-binaries/gcc-mb/microblazeel-xilinx-elf/bin/microblazeel-xilinx-elf-gcov-dump
pynq-v3.0-binaries/gcc-mb/microblazeel-xilinx-elf/bin/microblazeel-xilinx-elf-gcc
pynq-v3.0-binaries/gcc-mb/microblazeel-xilinx-elf/bin/mb-strip
pynq-v3.0-binaries/gcc-mb/microblazeel-xilinx-elf/bin/microblazeel-xilinx-elf-gcov-tool
pynq-v3.0-binaries/gcc-mb/microblazeel-xilinx-elf/bin/mb-size
pynq-v3.0-binaries/gcc-mb/microblazeel-xilinx-elf/bin/microblazeel-xilinx-elf-g++
pynq-v3.0-binaries/gcc-mb/microblazeel-xilinx-elf/bin/microblazeel-xilinx-elf-ld
pynq-v3.0-binaries/gcc-mb/microblazeel-xilinx-elf/bin/microblazeel-xilinx-elf-readelf
pynq-v3.0-binaries/gcc-mb/microblazeel-xilinx-elf/bin/mb-ranlib
pynq-v3.0-binaries/gcc-mb/microblazeel-xilinx-elf/bin/mb-g++
pynq-v3.0-binaries/gcc-mb/microblazeel-xilinx-elf/bin/microblazeel-xilinx-elf-objdump
pynq-v3.0-binaries/gcc-mb/microblazeel-xilinx-elf/bin/mb-as
pynq-v3.0-binaries/gcc-mb/microblazeel-xilinx-elf/bin/mb-nm
pynq-v3.0-binaries/gcc-mb/microblazeel-xilinx-elf/bin/microblazeel-xilinx-elf-strings
pynq-v3.0-binaries/gcc-mb/microblazeel-xilinx-elf/bin/mb-elfedit
pynq-v3.0-binaries/gcc-mb/microblazeel-xilinx-elf/bin/microblazeel-xilinx-elf-c++
pynq-v3.0-binaries/gcc-mb/microblazeel-xilinx-elf/bin/microblazeel-xilinx-elf-ld.bfd
pynq-v3.0-binaries/gcc-mb/microblazeel-xilinx-elf/bin/mb-ld
pynq-v3.0-binaries/xrt/
pynq-v3.0-binaries/xrt/xclbinutil
/home/ubuntu
Cloning into 'pynq'...
Note: switching to '93ddd21ab623883590a8c8b07f0b157b2855da4b'.

You are in 'detached HEAD' state. You can look around, make experimental
changes and commit them, and you can discard any commits you make in this
state without impacting any branches by switching back to a branch.

If you want to create a new branch to retain commits you create, you may
do so (now or later) by using -c with the switch command. Example:

  git switch -c <new-branch-name>

Or undo this operation with:

  git switch -

Turn off this advice by setting config variable advice.detachedHead to false

Updating files:  77% (1231/1592)Updating files:  78% (1242/1592)Updating files:  79% (1258/1592)Updating files:  80% (1274/1592)Updating files:  81% (1290/1592)Updating files:  82% (1306/1592)Updating files:  83% (1322/1592)Updating files:  84% (1338/1592)Updating files:  85% (1354/1592)Updating files:  86% (1370/1592)Updating files:  87% (1386/1592)Updating files:  88% (1401/1592)Updating files:  89% (1417/1592)Updating files:  90% (1433/1592)Updating files:  91% (1449/1592)Updating files:  92% (1465/1592)Updating files:  93% (1481/1592)Updating files:  94% (1497/1592)Updating files:  95% (1513/1592)Updating files:  96% (1529/1592)Updating files:  97% (1545/1592)Updating files:  98% (1561/1592)Updating files:  99% (1577/1592)Updating files: 100% (1592/1592)Updating files: 100% (1592/1592), done.
Warning: apt-key is deprecated. Manage keyring files in trusted.gpg.d instead (see apt-key(8)).
Executing: /tmp/apt-key-gpghome.9OBgs2z9qo/gpg.1.sh --recv-keys --keyserver hkp://keyserver.ubuntu.com:80 --verbose 803DDF595EA7B6644F9B96B752150A179A9E84C9
gpg: no running Dirmngr - starting '/usr/bin/dirmngr'
gpg: waiting for the dirmngr to come up ... (5s)
gpg: connection to dirmngr established
gpg: data source: http://185.125.188.26:80
gpg: armor header: Comment: Hostname:
gpg: armor header: Version: Hockeypuck 2.2
gpg: pub  rsa4096/52150A179A9E84C9 2020-06-07  Launchpad PPA for Ubuntu Xilinx
gpg: key 52150A179A9E84C9: public key "Launchpad PPA for Ubuntu Xilinx" imported
gpg: no running gpg-agent - starting '/usr/bin/gpg-agent'
gpg: waiting for the agent to come up ... (5s)
gpg: connection to agent established
gpg: Total number processed: 1
gpg:               imported: 1

WARNING: apt does not have a stable CLI interface. Use with caution in scripts.

Get:1 http://ppa.launchpad.net/ubuntu-xilinx/updates/ubuntu jammy InRelease [24.3 kB]
Hit:2 http://ports.ubuntu.com/ubuntu-ports jammy InRelease
Get:3 http://ports.ubuntu.com/ubuntu-ports jammy-updates InRelease [128 kB]
Get:4 http://oem.archive.canonical.com/updates jammy-limerick InRelease [4813 B]
Get:5 http://ports.ubuntu.com/ubuntu-ports jammy-backports InRelease [127 kB]
Get:6 http://ports.ubuntu.com/ubuntu-ports jammy-security InRelease [129 kB]
Get:7 http://ports.ubuntu.com/ubuntu-ports jammy/main arm64 DEP-11 Metadata [423 kB]
Get:8 http://ports.ubuntu.com/ubuntu-ports jammy/main DEP-11 48x48 Icons [100.0 kB]
Get:9 http://ports.ubuntu.com/ubuntu-ports jammy/main DEP-11 64x64 Icons [148 kB]
Get:10 http://ports.ubuntu.com/ubuntu-ports jammy/main DEP-11 64x64@2 Icons [15.8 kB]
Get:11 http://oem.archive.canonical.com/updates jammy-limerick/public arm64 Packages [12.4 kB]
Get:12 http://ports.ubuntu.com/ubuntu-ports jammy/universe arm64 Packages [13.9 MB]
Get:13 http://ppa.launchpad.net/ubuntu-xilinx/updates/ubuntu jammy/main arm64 Packages [14.4 kB]
Get:14 http://ppa.launchpad.net/ubuntu-xilinx/updates/ubuntu jammy/main Translation-en [5680 B]
Get:15 http://ports.ubuntu.com/ubuntu-ports jammy/universe Translation-en [5652 kB]
Get:16 http://ports.ubuntu.com/ubuntu-ports jammy/universe arm64 DEP-11 Metadata [3360 kB]
Get:17 http://ports.ubuntu.com/ubuntu-ports jammy/universe DEP-11 48x48 Icons [3447 kB]
Get:18 http://ports.ubuntu.com/ubuntu-ports jammy/universe DEP-11 64x64 Icons [7609 kB]
Get:19 http://ports.ubuntu.com/ubuntu-ports jammy/universe DEP-11 64x64@2 Icons [69.3 kB]
Get:20 http://ports.ubuntu.com/ubuntu-ports jammy/universe arm64 c-n-f Metadata [277 kB]
Get:21 http://ports.ubuntu.com/ubuntu-ports jammy/multiverse arm64 Packages [184 kB]
Get:22 http://ports.ubuntu.com/ubuntu-ports jammy/multiverse Translation-en [112 kB]
Get:23 http://ports.ubuntu.com/ubuntu-ports jammy/multiverse arm64 DEP-11 Metadata [38.8 kB]
Get:24 http://ports.ubuntu.com/ubuntu-ports jammy/multiverse DEP-11 48x48 Icons [42.7 kB]
Get:25 http://ports.ubuntu.com/ubuntu-ports jammy/multiverse DEP-11 64x64 Icons [193 kB]
Get:26 http://ports.ubuntu.com/ubuntu-ports jammy/multiverse DEP-11 64x64@2 Icons [214 B]
Get:27 http://ports.ubuntu.com/ubuntu-ports jammy/multiverse arm64 c-n-f Metadata [7064 B]
Get:28 http://ports.ubuntu.com/ubuntu-ports jammy-updates/main arm64 Packages [3566 kB]
Get:29 http://ports.ubuntu.com/ubuntu-ports jammy-updates/main Translation-en [554 kB]
Get:30 http://ports.ubuntu.com/ubuntu-ports jammy-updates/main arm64 DEP-11 Metadata [117 kB]
Get:31 http://ports.ubuntu.com/ubuntu-ports jammy-updates/main DEP-11 48x48 Icons [37.0 kB]
Get:32 http://ports.ubuntu.com/ubuntu-ports jammy-updates/main DEP-11 64x64 Icons [56.3 kB]
Get:33 http://ports.ubuntu.com/ubuntu-ports jammy-updates/main DEP-11 64x64@2 Icons [29 B]
Get:34 http://ports.ubuntu.com/ubuntu-ports jammy-updates/main arm64 c-n-f Metadata [19.7 kB]
Get:35 http://ports.ubuntu.com/ubuntu-ports jammy-updates/restricted arm64 Packages [6544 kB]
Get:36 http://ports.ubuntu.com/ubuntu-ports jammy-updates/restricted Translation-en [1228 kB]
Get:37 http://ports.ubuntu.com/ubuntu-ports jammy-updates/restricted arm64 DEP-11 Metadata [212 B]
Get:38 http://ports.ubuntu.com/ubuntu-ports jammy-updates/restricted DEP-11 48x48 Icons [29 B]
Get:39 http://ports.ubuntu.com/ubuntu-ports jammy-updates/restricted DEP-11 64x64 Icons [29 B]
Get:40 http://ports.ubuntu.com/ubuntu-ports jammy-updates/restricted DEP-11 64x64@2 Icons [29 B]
Get:41 http://ports.ubuntu.com/ubuntu-ports jammy-updates/restricted arm64 c-n-f Metadata [440 B]
Get:42 http://ports.ubuntu.com/ubuntu-ports jammy-updates/universe arm64 Packages [1345 kB]
Get:43 http://ports.ubuntu.com/ubuntu-ports jammy-updates/universe Translation-en [322 kB]
Get:44 http://ports.ubuntu.com/ubuntu-ports jammy-updates/universe arm64 DEP-11 Metadata [356 kB]
Get:45 http://ports.ubuntu.com/ubuntu-ports jammy-updates/universe DEP-11 48x48 Icons [253 kB]
Get:46 http://ports.ubuntu.com/ubuntu-ports jammy-updates/universe DEP-11 64x64 Icons [410 kB]
Get:47 http://ports.ubuntu.com/ubuntu-ports jammy-updates/universe DEP-11 64x64@2 Icons [29 B]
Get:48 http://ports.ubuntu.com/ubuntu-ports jammy-updates/universe arm64 c-n-f Metadata [27.6 kB]
Get:49 http://ports.ubuntu.com/ubuntu-ports jammy-updates/multiverse arm64 Packages [57.1 kB]
Get:50 http://ports.ubuntu.com/ubuntu-ports jammy-updates/multiverse Translation-en [15.9 kB]
Get:51 http://ports.ubuntu.com/ubuntu-ports jammy-updates/multiverse arm64 DEP-11 Metadata [212 B]
Get:52 http://ports.ubuntu.com/ubuntu-ports jammy-updates/multiverse DEP-11 48x48 Icons [1867 B]
Get:53 http://ports.ubuntu.com/ubuntu-ports jammy-updates/multiverse DEP-11 64x64 Icons [2497 B]
Get:54 http://ports.ubuntu.com/ubuntu-ports jammy-updates/multiverse DEP-11 64x64@2 Icons [29 B]
Get:55 http://ports.ubuntu.com/ubuntu-ports jammy-updates/multiverse arm64 c-n-f Metadata [488 B]
Get:56 http://ports.ubuntu.com/ubuntu-ports jammy-backports/main arm64 Packages [69.7 kB]
Get:57 http://ports.ubuntu.com/ubuntu-ports jammy-backports/main Translation-en [11.4 kB]
Get:58 http://ports.ubuntu.com/ubuntu-ports jammy-backports/main arm64 DEP-11 Metadata [3572 B]
Get:59 http://ports.ubuntu.com/ubuntu-ports jammy-backports/main DEP-11 48x48 Icons [9535 B]
Get:60 http://ports.ubuntu.com/ubuntu-ports jammy-backports/main DEP-11 64x64 Icons [11.3 kB]
Get:61 http://ports.ubuntu.com/ubuntu-ports jammy-backports/main DEP-11 64x64@2 Icons [29 B]
Get:62 http://ports.ubuntu.com/ubuntu-ports jammy-backports/main arm64 c-n-f Metadata [416 B]
Get:63 http://ports.ubuntu.com/ubuntu-ports jammy-backports/restricted arm64 DEP-11 Metadata [212 B]
Get:64 http://ports.ubuntu.com/ubuntu-ports jammy-backports/restricted DEP-11 48x48 Icons [29 B]
Get:65 http://ports.ubuntu.com/ubuntu-ports jammy-backports/restricted DEP-11 64x64 Icons [29 B]
Get:66 http://ports.ubuntu.com/ubuntu-ports jammy-backports/restricted DEP-11 64x64@2 Icons [29 B]
Get:67 http://ports.ubuntu.com/ubuntu-ports jammy-backports/restricted arm64 c-n-f Metadata [116 B]
Get:68 http://ports.ubuntu.com/ubuntu-ports jammy-backports/universe arm64 Packages [29.2 kB]
Get:69 http://ports.ubuntu.com/ubuntu-ports jammy-backports/universe Translation-en [16.9 kB]
Get:70 http://ports.ubuntu.com/ubuntu-ports jammy-backports/universe arm64 DEP-11 Metadata [12.0 kB]
Get:71 http://ports.ubuntu.com/ubuntu-ports jammy-backports/universe DEP-11 48x48 Icons [19.7 kB]
Get:72 http://ports.ubuntu.com/ubuntu-ports jammy-backports/universe DEP-11 64x64 Icons [28.2 kB]
Get:73 http://ports.ubuntu.com/ubuntu-ports jammy-backports/universe DEP-11 64x64@2 Icons [29 B]
Get:74 http://ports.ubuntu.com/ubuntu-ports jammy-backports/universe arm64 c-n-f Metadata [604 B]
Get:75 http://ports.ubuntu.com/ubuntu-ports jammy-backports/multiverse arm64 DEP-11 Metadata [212 B]
Get:76 http://ports.ubuntu.com/ubuntu-ports jammy-backports/multiverse DEP-11 48x48 Icons [29 B]
Get:77 http://ports.ubuntu.com/ubuntu-ports jammy-backports/multiverse DEP-11 64x64 Icons [29 B]
Get:78 http://ports.ubuntu.com/ubuntu-ports jammy-backports/multiverse DEP-11 64x64@2 Icons [29 B]
Get:79 http://ports.ubuntu.com/ubuntu-ports jammy-backports/multiverse arm64 c-n-f Metadata [116 B]
Get:80 http://ports.ubuntu.com/ubuntu-ports jammy-security/main arm64 Packages [3305 kB]
Get:81 http://ports.ubuntu.com/ubuntu-ports jammy-security/main Translation-en [485 kB]
Get:82 http://ports.ubuntu.com/ubuntu-ports jammy-security/main arm64 DEP-11 Metadata [74.4 kB]
Get:83 http://ports.ubuntu.com/ubuntu-ports jammy-security/main DEP-11 48x48 Icons [22.9 kB]
Get:84 http://ports.ubuntu.com/ubuntu-ports jammy-security/main DEP-11 64x64 Icons [34.5 kB]
Get:85 http://ports.ubuntu.com/ubuntu-ports jammy-security/main DEP-11 64x64@2 Icons [29 B]
Get:86 http://ports.ubuntu.com/ubuntu-ports jammy-security/main arm64 c-n-f Metadata [14.3 kB]
Get:87 http://ports.ubuntu.com/ubuntu-ports jammy-security/restricted arm64 Packages [6280 kB]
Get:88 http://ports.ubuntu.com/ubuntu-ports jammy-security/restricted Translation-en [1182 kB]
Get:89 http://ports.ubuntu.com/ubuntu-ports jammy-security/restricted arm64 DEP-11 Metadata [208 B]
Get:90 http://ports.ubuntu.com/ubuntu-ports jammy-security/restricted DEP-11 48x48 Icons [29 B]
Get:91 http://ports.ubuntu.com/ubuntu-ports jammy-security/restricted DEP-11 64x64 Icons [29 B]
Get:92 http://ports.ubuntu.com/ubuntu-ports jammy-security/restricted DEP-11 64x64@2 Icons [29 B]
Get:93 http://ports.ubuntu.com/ubuntu-ports jammy-security/restricted arm64 c-n-f Metadata [448 B]
Get:94 http://ports.ubuntu.com/ubuntu-ports jammy-security/universe arm64 Packages [1117 kB]
Get:95 http://ports.ubuntu.com/ubuntu-ports jammy-security/universe Translation-en [234 kB]
Get:96 http://ports.ubuntu.com/ubuntu-ports jammy-security/universe arm64 DEP-11 Metadata [127 kB]
Get:97 http://ports.ubuntu.com/ubuntu-ports jammy-security/universe DEP-11 48x48 Icons [83.4 kB]
Get:98 http://ports.ubuntu.com/ubuntu-ports jammy-security/universe DEP-11 64x64 Icons [124 kB]
Get:99 http://ports.ubuntu.com/ubuntu-ports jammy-security/universe DEP-11 64x64@2 Icons [29 B]
Get:100 http://ports.ubuntu.com/ubuntu-ports jammy-security/universe arm64 c-n-f Metadata [20.5 kB]
Get:101 http://ports.ubuntu.com/ubuntu-ports jammy-security/multiverse arm64 Packages [51.2 kB]
Get:102 http://ports.ubuntu.com/ubuntu-ports jammy-security/multiverse Translation-en [12.9 kB]
Get:103 http://ports.ubuntu.com/ubuntu-ports jammy-security/multiverse arm64 DEP-11 Metadata [208 B]
Get:104 http://ports.ubuntu.com/ubuntu-ports jammy-security/multiverse DEP-11 48x48 Icons [29 B]
Get:105 http://ports.ubuntu.com/ubuntu-ports jammy-security/multiverse DEP-11 64x64 Icons [29 B]
Get:106 http://ports.ubuntu.com/ubuntu-ports jammy-security/multiverse DEP-11 64x64@2 Icons [29 B]
Get:107 http://ports.ubuntu.com/ubuntu-ports jammy-security/multiverse arm64 c-n-f Metadata [452 B]
Fetched 64.3 MB in 33s (1937 kB/s)
Reading package lists...
Building dependency tree...
Reading state information...
597 packages can be upgraded. Run 'apt list --upgradable' to see them.
W: http://ppa.launchpad.net/ubuntu-xilinx/updates/ubuntu/dists/jammy/InRelease: Key is stored in legacy trusted.gpg keyring (/etc/apt/trusted.gpg), see the DEPRECATION section in apt-key(8) for details.
Hit:1 http://oem.archive.canonical.com/updates jammy-limerick InRelease
Hit:2 http://ppa.launchpad.net/ubuntu-xilinx/updates/ubuntu jammy InRelease
Hit:3 http://ports.ubuntu.com/ubuntu-ports jammy InRelease
Hit:4 http://ports.ubuntu.com/ubuntu-ports jammy-updates InRelease
Hit:5 http://ports.ubuntu.com/ubuntu-ports jammy-backports InRelease
Hit:6 http://ports.ubuntu.com/ubuntu-ports jammy-security InRelease
Reading package lists...
W: http://ppa.launchpad.net/ubuntu-xilinx/updates/ubuntu/dists/jammy/InRelease: Key is stored in legacy trusted.gpg keyring (/etc/apt/trusted.gpg), see the DEPRECATION section in apt-key(8) for details.
Reading package lists...
Building dependency tree...
Reading state information...
i2c-tools is already the newest version (4.3-2build1).
libboost-all-dev is already the newest version (1.74.0.3ubuntu7).
The following additional packages will be installed:
  curl gnome-shell gnome-shell-common libann0 libasound2 libasound2-data
  libasound2-dev libavcodec-dev libavformat-dev libavutil-dev libblkid-dev
  libblkid1 libbrotli-dev libcairo-gobject2 libcairo-script-interpreter2
  libcairo2 libcdt5 libcgraph6 libcurl4 libdc1394-dev libdeflate-dev
  libdrm-xlnx-amdgpu1 libdrm-xlnx-common libdrm-xlnx-etnaviv1
  libdrm-xlnx-freedreno1 libdrm-xlnx-nouveau2 libdrm-xlnx-radeon1
  libdrm-xlnx-tegra0 libdrm2-xlnx libexif-dev libexif-doc libexif12 libffi-dev
  libfontconfig-dev libfontconfig1-dev libfreetype-dev libfreetype6
  libfreetype6-dev libgdcm-dev libglib2.0-0 libglib2.0-bin libglib2.0-dev
  libglib2.0-dev-bin libgphoto2-6 libgphoto2-dev libgphoto2-l10n libgts-0.7-5
  libgts-bin libgvc6 libgvpr2 libice-dev libilmbase-dev libjack-dev libjack0
  libjbig-dev libjpeg-dev libjpeg-turbo8-dev libjpeg8-dev liblab-gamut1
  liblzma-dev liblzma5 libmount-dev libmount1 libopencv-calib3d-dev
  libopencv-contrib-dev libopencv-core-dev libopencv-dnn-dev
  libopencv-features2d-dev libopencv-flann-dev libopencv-highgui-dev
  libopencv-imgcodecs-dev libopencv-imgproc-dev libopencv-ml-dev
  libopencv-objdetect-dev libopencv-photo-dev libopencv-shape-dev
  libopencv-stitching-dev libopencv-superres-dev libopencv-video-dev
  libopencv-videoio-dev libopencv-videostab-dev libopencv-viz-dev
  libopencv4.5-java libopencv4.5d-jni libopenexr-dev libpathplan4
  libpciaccess-dev libpcre16-3 libpcre2-16-0 libpcre2-dev libpcre2-posix3
  libpcre3-dev libpcre32-3 libpcrecpp0v5 libpixman-1-dev libpng-dev
  libpng-tools libpng16-16 libportaudio2 libportaudiocpp0
  libpthread-stubs0-dev libpython3-dev libpython3-stdlib libpython3.10
  libpython3.10-dev libpython3.10-minimal libpython3.10-stdlib libraw1394-dev
  libraw1394-tools libselinux1-dev libsepol-dev libsm-dev libssl3
  libswresample-dev libswscale-dev libtbb-dev libtiff-dev libtiff5 libtiffxx5
  libuuid1 libx11-dev libxau-dev libxcb-render0-dev libxcb-shm0-dev
  libxcb1-dev libxdmcp-dev libxext-dev libxrender-dev opencv-data python3
  python3-minimal python3-pip-whl python3-ply python3-pycparser
  python3-setuptools-whl python3.10 python3.10-dev python3.10-minimal uuid-dev
  x11proto-dev xorg-sgml-doctools xtrans-dev
Suggested packages:
  gir1.2-malcontent-0 gir1.2-telepathyglib-0.12 gir1.2-telepathylogger-0.2
  gnome-backgrounds gnome-shell-extension-prefs chrome-gnome-shell gsfonts
  graphviz-doc libasound2-doc libcairo2-doc libcurl4-doc libidn11-dev
  libkrb5-dev libldap2-dev librtmp-dev libssh2-1-dev freetype2-doc
  libgirepository1.0-dev libglib2.0-doc libxml2-utils gphoto2 libice-doc
  jackd1 liblzma-doc opencv-doc libraw1394-doc libsm-doc libssl-doc libtbb-doc
  libx11-doc libxcb-doc libxext-doc portaudio19-doc python3-doc python3-tk
  python3-venv python-ply-doc python3.10-doc binfmt-support
The following packages will be REMOVED:
  libdrm-amdgpu1 libdrm-common libdrm-etnaviv1 libdrm-nouveau2 libdrm-radeon1
  libdrm-tegra0 libdrm-tests libdrm2 libjack-jackd2-0
The following NEW packages will be installed:
  fswebcam graphviz libann0 libasound2-dev libavcodec-dev libavformat-dev
  libavutil-dev libblkid-dev libbrotli-dev libcairo2-dev libcdt5 libcgraph6
  libcurl4-openssl-dev libdc1394-dev libdeflate-dev libdrm-xlnx-amdgpu1
  libdrm-xlnx-common libdrm-xlnx-dev libdrm-xlnx-etnaviv1
  libdrm-xlnx-freedreno1 libdrm-xlnx-nouveau2 libdrm-xlnx-radeon1
  libdrm-xlnx-tegra0 libdrm2-xlnx libexif-dev libexif-doc libffi-dev
  libfontconfig-dev libfontconfig1-dev libfreetype-dev libfreetype6-dev
  libgdcm-dev libglib2.0-dev libglib2.0-dev-bin libgphoto2-dev libgts-0.7-5
  libgts-bin libgvc6 libgvpr2 libice-dev libilmbase-dev libjack-dev libjack0
  libjbig-dev libjpeg-dev libjpeg-turbo8-dev libjpeg8-dev liblab-gamut1
  liblzma-dev libmount-dev libopencv-calib3d-dev libopencv-contrib-dev
  libopencv-core-dev libopencv-dev libopencv-dnn-dev libopencv-features2d-dev
  libopencv-flann-dev libopencv-highgui-dev libopencv-imgcodecs-dev
  libopencv-imgproc-dev libopencv-ml-dev libopencv-objdetect-dev
  libopencv-photo-dev libopencv-shape-dev libopencv-stitching-dev
  libopencv-superres-dev libopencv-video-dev libopencv-videoio-dev
  libopencv-videostab-dev libopencv-viz-dev libopencv4.5-java
  libopencv4.5d-jni libopenexr-dev libpathplan4 libpciaccess-dev libpcre16-3
  libpcre2-16-0 libpcre2-dev libpcre2-posix3 libpcre3-dev libpcre32-3
  libpcrecpp0v5 libpixman-1-dev libpng-dev libpng-tools libportaudio2
  libportaudiocpp0 libpthread-stubs0-dev libraw1394-dev libraw1394-tools
  libselinux1-dev libsepol-dev libsm-dev libssl-dev libswresample-dev
  libswscale-dev libtbb-dev libtiff-dev libtiffxx5 libx11-dev libxau-dev
  libxcb-render0-dev libxcb-shm0-dev libxcb1-dev libxdmcp-dev libxext-dev
  libxrender-dev opencv-data portaudio19-dev python3-cffi python3-opencv
  python3-pip-whl python3-ply python3-pycparser python3-setuptools-whl
  python3.10-venv uuid-dev x11proto-dev xorg-sgml-doctools xtrans-dev
The following packages will be upgraded:
  curl gnome-shell gnome-shell-common libasound2 libasound2-data libblkid1
  libcairo-gobject2 libcairo-script-interpreter2 libcairo2 libcurl4 libexif12
  libfreetype6 libglib2.0-0 libglib2.0-bin libgphoto2-6 libgphoto2-l10n
  liblzma5 libmount1 libpng16-16 libpython3-dev libpython3-stdlib
  libpython3.10 libpython3.10-dev libpython3.10-minimal libpython3.10-stdlib
  libssl3 libtiff5 libuuid1 python3 python3-dev python3-minimal python3-pip
  python3.10 python3.10-dev python3.10-minimal
35 upgraded, 120 newly installed, 9 to remove and 562 not upgraded.
Need to get 68.3 MB of archives.
After this operation, 207 MB of additional disk space will be used.
Get:1 http://ppa.launchpad.net/ubuntu-xilinx/updates/ubuntu jammy/main arm64 libdrm2-xlnx arm64 2.4.110-1xilinx1 [49.1 kB]
Get:2 http://ports.ubuntu.com/ubuntu-ports jammy/universe arm64 libjack0 arm64 1:0.125.0-3build2 [87.8 kB]
Get:3 http://ppa.launchpad.net/ubuntu-xilinx/updates/ubuntu jammy/main arm64 libdrm-xlnx-common all 2.4.110-1xilinx1 [15.9 kB]
Get:4 http://ppa.launchpad.net/ubuntu-xilinx/updates/ubuntu jammy/main arm64 libdrm-xlnx-amdgpu1 arm64 2.4.110-1xilinx1 [31.0 kB]
Get:5 http://ppa.launchpad.net/ubuntu-xilinx/updates/ubuntu jammy/main arm64 libdrm-xlnx-nouveau2 arm64 2.4.110-1xilinx1 [28.6 kB]
Get:6 http://ppa.launchpad.net/ubuntu-xilinx/updates/ubuntu jammy/main arm64 libdrm-xlnx-radeon1 arm64 2.4.110-1xilinx1 [32.5 kB]
Get:7 http://ppa.launchpad.net/ubuntu-xilinx/updates/ubuntu jammy/main arm64 libdrm-xlnx-freedreno1 arm64 2.4.110-1xilinx1 [31.3 kB]
Get:8 http://ports.ubuntu.com/ubuntu-ports jammy-updates/main arm64 python3.10-dev arm64 3.10.12-1~22.04.16 [508 kB]
Get:9 http://ppa.launchpad.net/ubuntu-xilinx/updates/ubuntu jammy/main arm64 libdrm-xlnx-tegra0 arm64 2.4.110-1xilinx1 [17.8 kB]
Get:10 http://ppa.launchpad.net/ubuntu-xilinx/updates/ubuntu jammy/main arm64 libdrm-xlnx-etnaviv1 arm64 2.4.110-1xilinx1 [23.5 kB]
Get:11 http://ppa.launchpad.net/ubuntu-xilinx/updates/ubuntu jammy/main arm64 libdrm-xlnx-dev arm64 2.4.110-1xilinx1 [155 kB]
Get:12 http://ports.ubuntu.com/ubuntu-ports jammy-updates/main arm64 python3.10 arm64 3.10.12-1~22.04.16 [508 kB]
Get:13 http://ports.ubuntu.com/ubuntu-ports jammy-updates/main arm64 libpython3-dev arm64 3.10.6-1~22.04.1 [7064 B]
Get:14 http://ports.ubuntu.com/ubuntu-ports jammy-updates/main arm64 python3-dev arm64 3.10.6-1~22.04.1 [26.0 kB]
Get:15 http://ports.ubuntu.com/ubuntu-ports jammy-updates/main arm64 python3-minimal arm64 3.10.6-1~22.04.1 [24.3 kB]
Get:16 http://ports.ubuntu.com/ubuntu-ports jammy-updates/main arm64 python3 arm64 3.10.6-1~22.04.1 [22.8 kB]
Get:17 http://ports.ubuntu.com/ubuntu-ports jammy-updates/main arm64 libpython3.10-dev arm64 3.10.12-1~22.04.16 [4670 kB]
Get:18 http://ports.ubuntu.com/ubuntu-ports jammy-updates/main arm64 libpython3.10 arm64 3.10.12-1~22.04.16 [1888 kB]
Get:19 http://ports.ubuntu.com/ubuntu-ports jammy-updates/main arm64 python3.10-minimal arm64 3.10.12-1~22.04.16 [2245 kB]
Get:20 http://ports.ubuntu.com/ubuntu-ports jammy-updates/main arm64 libssl3 arm64 3.0.2-0ubuntu1.26 [1775 kB]
Get:21 http://ports.ubuntu.com/ubuntu-ports jammy-updates/main arm64 libpython3.10-stdlib arm64 3.10.12-1~22.04.16 [1849 kB]
Get:22 http://ports.ubuntu.com/ubuntu-ports jammy-updates/main arm64 libpython3.10-minimal arm64 3.10.12-1~22.04.16 [814 kB]
Get:23 http://ports.ubuntu.com/ubuntu-ports jammy-updates/main arm64 liblzma5 arm64 5.2.5-2ubuntu1.1 [98.4 kB]
Get:24 http://ports.ubuntu.com/ubuntu-ports jammy-updates/main arm64 libuuid1 arm64 2.37.2-4ubuntu3.5 [23.7 kB]
Get:25 http://ports.ubuntu.com/ubuntu-ports jammy-updates/main arm64 libpython3-stdlib arm64 3.10.6-1~22.04.1 [6812 B]
Get:26 http://ports.ubuntu.com/ubuntu-ports jammy-updates/main arm64 libblkid1 arm64 2.37.2-4ubuntu3.5 [103 kB]
Get:27 http://ports.ubuntu.com/ubuntu-ports jammy-updates/main arm64 libmount1 arm64 2.37.2-4ubuntu3.5 [121 kB]
Get:28 http://ports.ubuntu.com/ubuntu-ports jammy-updates/main arm64 gnome-shell arm64 42.9-0ubuntu2.3 [862 kB]
Get:29 http://ports.ubuntu.com/ubuntu-ports jammy-updates/main arm64 gnome-shell-common all 42.9-0ubuntu2.3 [183 kB]
Get:30 http://ports.ubuntu.com/ubuntu-ports jammy-updates/main arm64 libglib2.0-bin arm64 2.72.4-0ubuntu2.9 [79.7 kB]
Get:31 http://ports.ubuntu.com/ubuntu-ports jammy-updates/main arm64 libpng16-16 arm64 1.6.37-3ubuntu0.5 [191 kB]
Get:32 http://ports.ubuntu.com/ubuntu-ports jammy-updates/main arm64 libfreetype6 arm64 2.11.1+dfsg-1ubuntu0.3 [382 kB]
Get:33 http://ports.ubuntu.com/ubuntu-ports jammy-updates/main arm64 libcairo-script-interpreter2 arm64 1.16.0-5ubuntu2.1 [61.0 kB]
Get:34 http://ports.ubuntu.com/ubuntu-ports jammy-updates/main arm64 libcairo-gobject2 arm64 1.16.0-5ubuntu2.1 [19.4 kB]
Get:35 http://ports.ubuntu.com/ubuntu-ports jammy-updates/main arm64 libcairo2 arm64 1.16.0-5ubuntu2.1 [613 kB]
Get:36 http://ports.ubuntu.com/ubuntu-ports jammy-updates/main arm64 libglib2.0-0 arm64 2.72.4-0ubuntu2.9 [1435 kB]
Get:37 http://ports.ubuntu.com/ubuntu-ports jammy-updates/main arm64 curl arm64 7.81.0-1ubuntu1.25 [190 kB]
Get:38 http://ports.ubuntu.com/ubuntu-ports jammy-updates/main arm64 libcurl4 arm64 7.81.0-1ubuntu1.25 [285 kB]
Get:39 http://ports.ubuntu.com/ubuntu-ports jammy/universe arm64 fswebcam arm64 20140113-2 [42.7 kB]
Get:40 http://ports.ubuntu.com/ubuntu-ports jammy/universe arm64 libann0 arm64 1.1.2+doc-7build1 [24.2 kB]
Get:41 http://ports.ubuntu.com/ubuntu-ports jammy-updates/universe arm64 libcdt5 arm64 2.42.2-6ubuntu0.1 [20.7 kB]
Get:42 http://ports.ubuntu.com/ubuntu-ports jammy-updates/universe arm64 libcgraph6 arm64 2.42.2-6ubuntu0.1 [44.8 kB]
Get:43 http://ports.ubuntu.com/ubuntu-ports jammy/universe arm64 libgts-0.7-5 arm64 0.7.6+darcs121130-5 [157 kB]
Get:44 http://ports.ubuntu.com/ubuntu-ports jammy-updates/universe arm64 libpathplan4 arm64 2.42.2-6ubuntu0.1 [22.2 kB]
Get:45 http://ports.ubuntu.com/ubuntu-ports jammy-updates/universe arm64 libgvc6 arm64 2.42.2-6ubuntu0.1 [700 kB]
Get:46 http://ports.ubuntu.com/ubuntu-ports jammy-updates/universe arm64 libgvpr2 arm64 2.42.2-6ubuntu0.1 [192 kB]
Get:47 http://ports.ubuntu.com/ubuntu-ports jammy-updates/universe arm64 liblab-gamut1 arm64 2.42.2-6ubuntu0.1 [1966 kB]
Get:48 http://ports.ubuntu.com/ubuntu-ports jammy-updates/universe arm64 graphviz arm64 2.42.2-6ubuntu0.1 [632 kB]
Get:49 http://ports.ubuntu.com/ubuntu-ports jammy-updates/main arm64 libasound2 arm64 1.2.6.1-1ubuntu1.2 [380 kB]
Get:50 http://ports.ubuntu.com/ubuntu-ports jammy-updates/main arm64 libasound2-data all 1.2.6.1-1ubuntu1.2 [19.3 kB]
Get:51 http://ports.ubuntu.com/ubuntu-ports jammy-updates/main arm64 libasound2-dev arm64 1.2.6.1-1ubuntu1.2 [110 kB]
Get:52 http://ports.ubuntu.com/ubuntu-ports jammy-updates/universe arm64 libavutil-dev arm64 7:4.4.2-0ubuntu0.22.04.1 [429 kB]
Get:53 http://ports.ubuntu.com/ubuntu-ports jammy-updates/universe arm64 libswresample-dev arm64 7:4.4.2-0ubuntu0.22.04.1 [68.0 kB]
Get:54 http://ports.ubuntu.com/ubuntu-ports jammy-updates/universe arm64 libavcodec-dev arm64 7:4.4.2-0ubuntu0.22.04.1 [6083 kB]
Get:55 http://ports.ubuntu.com/ubuntu-ports jammy-updates/universe arm64 libavformat-dev arm64 7:4.4.2-0ubuntu0.22.04.1 [1395 kB]
Get:56 http://ports.ubuntu.com/ubuntu-ports jammy/main arm64 libbrotli-dev arm64 1.0.9-2build6 [336 kB]
Get:57 http://ports.ubuntu.com/ubuntu-ports jammy-updates/main arm64 libpng-dev arm64 1.6.37-3ubuntu0.5 [195 kB]
Get:58 http://ports.ubuntu.com/ubuntu-ports jammy-updates/main arm64 libfreetype-dev arm64 2.11.1+dfsg-1ubuntu0.3 [556 kB]
Get:59 http://ports.ubuntu.com/ubuntu-ports jammy-updates/main arm64 libfreetype6-dev arm64 2.11.1+dfsg-1ubuntu0.3 [8298 B]
Get:60 http://ports.ubuntu.com/ubuntu-ports jammy-updates/main arm64 uuid-dev arm64 2.37.2-4ubuntu3.5 [34.0 kB]
Get:61 http://ports.ubuntu.com/ubuntu-ports jammy/main arm64 libfontconfig-dev arm64 2.13.1-4.2ubuntu5 [154 kB]
Get:62 http://ports.ubuntu.com/ubuntu-ports jammy/main arm64 libfontconfig1-dev arm64 2.13.1-4.2ubuntu5 [1836 B]
Get:63 http://ports.ubuntu.com/ubuntu-ports jammy/main arm64 xorg-sgml-doctools all 1:1.11-1.1 [10.9 kB]
Get:64 http://ports.ubuntu.com/ubuntu-ports jammy/main arm64 x11proto-dev all 2021.5-1 [604 kB]
Get:65 http://ports.ubuntu.com/ubuntu-ports jammy/main arm64 libxau-dev arm64 1:1.0.9-1build5 [10.1 kB]
Get:66 http://ports.ubuntu.com/ubuntu-ports jammy/main arm64 libxdmcp-dev arm64 1:1.1.3-0ubuntu5 [26.4 kB]
Get:67 http://ports.ubuntu.com/ubuntu-ports jammy/main arm64 xtrans-dev all 1.4.0-1 [68.9 kB]
Get:68 http://ports.ubuntu.com/ubuntu-ports jammy/main arm64 libpthread-stubs0-dev arm64 0.4-1build2 [5496 B]
Get:69 http://ports.ubuntu.com/ubuntu-ports jammy/main arm64 libxcb1-dev arm64 1.14-3ubuntu3 [90.6 kB]
Get:70 http://ports.ubuntu.com/ubuntu-ports jammy-updates/main arm64 libx11-dev arm64 2:1.7.5-1ubuntu0.3 [746 kB]
Get:71 http://ports.ubuntu.com/ubuntu-ports jammy/main arm64 libxrender-dev arm64 1:0.9.10-1build4 [26.4 kB]
Get:72 http://ports.ubuntu.com/ubuntu-ports jammy/main arm64 libxext-dev arm64 2:1.3.4-1build1 [85.5 kB]
Get:73 http://ports.ubuntu.com/ubuntu-ports jammy/main arm64 libice-dev arm64 2:1.0.10-1build2 [52.1 kB]
Get:74 http://ports.ubuntu.com/ubuntu-ports jammy/main arm64 libsm-dev arm64 2:1.2.3-1build2 [18.2 kB]
Get:75 http://ports.ubuntu.com/ubuntu-ports jammy-updates/main arm64 libpixman-1-dev arm64 0.40.0-1ubuntu0.22.04.1 [179 kB]
Get:76 http://ports.ubuntu.com/ubuntu-ports jammy/main arm64 libxcb-render0-dev arm64 1.14-3ubuntu3 [20.4 kB]
Get:77 http://ports.ubuntu.com/ubuntu-ports jammy/main arm64 libxcb-shm0-dev arm64 1.14-3ubuntu3 [7234 B]
Get:78 http://ports.ubuntu.com/ubuntu-ports jammy/main arm64 libffi-dev arm64 3.4.2-4 [61.0 kB]
Get:79 http://ports.ubuntu.com/ubuntu-ports jammy-updates/main arm64 libglib2.0-dev-bin arm64 2.72.4-0ubuntu2.9 [116 kB]
Get:80 http://ports.ubuntu.com/ubuntu-ports jammy-updates/main arm64 libblkid-dev arm64 2.37.2-4ubuntu3.5 [198 kB]
Get:81 http://ports.ubuntu.com/ubuntu-ports jammy/main arm64 libsepol-dev arm64 3.3-1build1 [387 kB]
Get:82 http://ports.ubuntu.com/ubuntu-ports jammy-updates/main arm64 libpcre2-16-0 arm64 10.39-3ubuntu0.1 [185 kB]
Get:83 http://ports.ubuntu.com/ubuntu-ports jammy-updates/main arm64 libpcre2-posix3 arm64 10.39-3ubuntu0.1 [5968 B]
Get:84 http://ports.ubuntu.com/ubuntu-ports jammy-updates/main arm64 libpcre2-dev arm64 10.39-3ubuntu0.1 [663 kB]
Get:85 http://ports.ubuntu.com/ubuntu-ports jammy/main arm64 libselinux1-dev arm64 3.3-1build2 [164 kB]
Get:86 http://ports.ubuntu.com/ubuntu-ports jammy-updates/main arm64 libmount-dev arm64 2.37.2-4ubuntu3.5 [14.5 kB]
Get:87 http://ports.ubuntu.com/ubuntu-ports jammy-updates/main arm64 libpcre16-3 arm64 2:8.39-13ubuntu0.22.04.1 [150 kB]
Get:88 http://ports.ubuntu.com/ubuntu-ports jammy-updates/main arm64 libpcre32-3 arm64 2:8.39-13ubuntu0.22.04.1 [141 kB]
Get:89 http://ports.ubuntu.com/ubuntu-ports jammy-updates/main arm64 libpcrecpp0v5 arm64 2:8.39-13ubuntu0.22.04.1 [16.1 kB]
Get:90 http://ports.ubuntu.com/ubuntu-ports jammy-updates/main arm64 libpcre3-dev arm64 2:8.39-13ubuntu0.22.04.1 [527 kB]
Get:91 http://ports.ubuntu.com/ubuntu-ports jammy-updates/main arm64 libglib2.0-dev arm64 2.72.4-0ubuntu2.9 [1828 kB]
Get:92 http://ports.ubuntu.com/ubuntu-ports jammy-updates/main arm64 libcairo2-dev arm64 1.16.0-5ubuntu2.1 [700 kB]
Get:93 http://ports.ubuntu.com/ubuntu-ports jammy-updates/main arm64 libcurl4-openssl-dev arm64 7.81.0-1ubuntu1.25 [393 kB]
Get:94 http://ports.ubuntu.com/ubuntu-ports jammy/main arm64 libraw1394-dev arm64 2.1.2-2build2 [40.9 kB]
Get:95 http://ports.ubuntu.com/ubuntu-ports jammy/universe arm64 libdc1394-dev arm64 2.2.6-4 [123 kB]
Get:96 http://ports.ubuntu.com/ubuntu-ports jammy/main arm64 libdeflate-dev arm64 1.10-2 [56.1 kB]
Get:97 http://ports.ubuntu.com/ubuntu-ports jammy/main arm64 libpciaccess-dev arm64 0.16-3 [22.8 kB]
Get:98 http://ports.ubuntu.com/ubuntu-ports jammy-updates/main arm64 libexif12 arm64 0.6.24-1ubuntu0.22.04.1 [91.3 kB]
Get:99 http://ports.ubuntu.com/ubuntu-ports jammy-updates/main arm64 libexif-dev arm64 0.6.24-1ubuntu0.22.04.1 [113 kB]
Get:100 http://ports.ubuntu.com/ubuntu-ports jammy-updates/main arm64 libexif-doc all 0.6.24-1ubuntu0.22.04.1 [317 kB]
Get:101 http://ports.ubuntu.com/ubuntu-ports jammy/universe arm64 libgdcm-dev arm64 3.0.10-1build2 [266 kB]
Get:102 http://ports.ubuntu.com/ubuntu-ports jammy-updates/main arm64 libgphoto2-6 arm64 2.5.27-1ubuntu0.1 [718 kB]
Get:103 http://ports.ubuntu.com/ubuntu-ports jammy-updates/main arm64 libgphoto2-dev arm64 2.5.27-1ubuntu0.1 [34.3 kB]
Get:104 http://ports.ubuntu.com/ubuntu-ports jammy-updates/main arm64 libgphoto2-l10n all 2.5.27-1ubuntu0.1 [14.4 kB]
Get:105 http://ports.ubuntu.com/ubuntu-ports jammy/universe arm64 libgts-bin arm64 0.7.6+darcs121130-5 [43.4 kB]
Get:106 http://ports.ubuntu.com/ubuntu-ports jammy/universe arm64 libilmbase-dev arm64 2.5.7-2 [78.4 kB]
Get:107 http://ports.ubuntu.com/ubuntu-ports jammy/universe arm64 libjack-dev arm64 1:0.125.0-3build2 [202 kB]
Get:108 http://ports.ubuntu.com/ubuntu-ports jammy/main arm64 libjpeg-turbo8-dev arm64 2.1.2-0ubuntu1 [246 kB]
Get:109 http://ports.ubuntu.com/ubuntu-ports jammy/main arm64 libjpeg8-dev arm64 8c-2ubuntu10 [1476 B]
Get:110 http://ports.ubuntu.com/ubuntu-ports jammy/main arm64 libjpeg-dev arm64 8c-2ubuntu10 [1474 B]
Get:111 http://ports.ubuntu.com/ubuntu-ports jammy/universe arm64 libtbb-dev arm64 2021.5.0-7ubuntu2 [191 kB]
Get:112 http://ports.ubuntu.com/ubuntu-ports jammy/universe arm64 libopencv-core-dev arm64 4.5.4+dfsg-9ubuntu4 [1730 kB]
Get:113 http://ports.ubuntu.com/ubuntu-ports jammy/universe arm64 libopencv-flann-dev arm64 4.5.4+dfsg-9ubuntu4 [212 kB]
Get:114 http://ports.ubuntu.com/ubuntu-ports jammy/universe arm64 libopencv-imgproc-dev arm64 4.5.4+dfsg-9ubuntu4 [1329 kB]
Get:115 http://ports.ubuntu.com/ubuntu-ports jammy/universe arm64 libopencv-imgcodecs-dev arm64 4.5.4+dfsg-9ubuntu4 [194 kB]
Get:116 http://ports.ubuntu.com/ubuntu-ports jammy/universe arm64 libopencv-videoio-dev arm64 4.5.4+dfsg-9ubuntu4 [303 kB]
Get:117 http://ports.ubuntu.com/ubuntu-ports jammy/universe arm64 libopenexr-dev arm64 2.5.7-1 [73.3 kB]
Get:118 http://ports.ubuntu.com/ubuntu-ports jammy-updates/universe arm64 libswscale-dev arm64 7:4.4.2-0ubuntu0.22.04.1 [183 kB]
Get:119 http://ports.ubuntu.com/ubuntu-ports jammy-updates/main arm64 libjbig-dev arm64 2.1-3.1ubuntu0.22.04.1 [27.4 kB]
Get:120 http://ports.ubuntu.com/ubuntu-ports jammy-updates/main arm64 liblzma-dev arm64 5.2.5-2ubuntu1.1 [159 kB]
Get:121 http://ports.ubuntu.com/ubuntu-ports jammy-updates/main arm64 libtiff5 arm64 4.3.0-6ubuntu0.13 [181 kB]
Get:122 http://ports.ubuntu.com/ubuntu-ports jammy-updates/main arm64 libtiffxx5 arm64 4.3.0-6ubuntu0.13 [5610 B]
Get:123 http://ports.ubuntu.com/ubuntu-ports jammy-updates/main arm64 libtiff-dev arm64 4.3.0-6ubuntu0.13 [314 kB]
Get:124 http://ports.ubuntu.com/ubuntu-ports jammy/universe arm64 libopencv-highgui-dev arm64 4.5.4+dfsg-9ubuntu4 [128 kB]
Get:125 http://ports.ubuntu.com/ubuntu-ports jammy/universe arm64 libopencv-ml-dev arm64 4.5.4+dfsg-9ubuntu4 [291 kB]
Get:126 http://ports.ubuntu.com/ubuntu-ports jammy/universe arm64 libopencv-features2d-dev arm64 4.5.4+dfsg-9ubuntu4 [316 kB]
Get:127 http://ports.ubuntu.com/ubuntu-ports jammy/universe arm64 libopencv-calib3d-dev arm64 4.5.4+dfsg-9ubuntu4 [993 kB]
Get:128 http://ports.ubuntu.com/ubuntu-ports jammy/universe arm64 libopencv-dnn-dev arm64 4.5.4+dfsg-9ubuntu4 [1644 kB]
Get:129 http://ports.ubuntu.com/ubuntu-ports jammy/universe arm64 libopencv-objdetect-dev arm64 4.5.4+dfsg-9ubuntu4 [245 kB]
Get:130 http://ports.ubuntu.com/ubuntu-ports jammy/universe arm64 libopencv-photo-dev arm64 4.5.4+dfsg-9ubuntu4 [209 kB]
Get:131 http://ports.ubuntu.com/ubuntu-ports jammy/universe arm64 libopencv-video-dev arm64 4.5.4+dfsg-9ubuntu4 [238 kB]
Get:132 http://ports.ubuntu.com/ubuntu-ports jammy/universe arm64 libopencv-shape-dev arm64 4.5.4+dfsg-9ubuntu4 [69.0 kB]
Get:133 http://ports.ubuntu.com/ubuntu-ports jammy/universe arm64 libopencv-stitching-dev arm64 4.5.4+dfsg-9ubuntu4 [259 kB]
Get:134 http://ports.ubuntu.com/ubuntu-ports jammy/universe arm64 libopencv-superres-dev arm64 4.5.4+dfsg-9ubuntu4 [59.5 kB]
Get:135 http://ports.ubuntu.com/ubuntu-ports jammy/universe arm64 libopencv-videostab-dev arm64 4.5.4+dfsg-9ubuntu4 [108 kB]
Get:136 http://ports.ubuntu.com/ubuntu-ports jammy/universe arm64 libopencv-viz-dev arm64 4.5.4+dfsg-9ubuntu4 [179 kB]
Get:137 http://ports.ubuntu.com/ubuntu-ports jammy/universe arm64 libopencv-contrib-dev arm64 4.5.4+dfsg-9ubuntu4 [4791 kB]
Get:138 http://ports.ubuntu.com/ubuntu-ports jammy/universe arm64 libopencv-dev arm64 4.5.4+dfsg-9ubuntu4 [88.8 kB]
Get:139 http://ports.ubuntu.com/ubuntu-ports jammy/universe arm64 libopencv4.5d-jni arm64 4.5.4+dfsg-9ubuntu4 [416 kB]
Get:140 http://ports.ubuntu.com/ubuntu-ports jammy/universe arm64 libopencv4.5-java arm64 4.5.4+dfsg-9ubuntu4 [985 kB]
Get:141 http://ports.ubuntu.com/ubuntu-ports jammy-updates/main arm64 libpng-tools arm64 1.6.37-3ubuntu0.5 [28.5 kB]
Get:142 http://ports.ubuntu.com/ubuntu-ports jammy/universe arm64 libportaudio2 arm64 19.6.0-1.1 [59.6 kB]
Get:143 http://ports.ubuntu.com/ubuntu-ports jammy/universe arm64 libportaudiocpp0 arm64 19.6.0-1.1 [14.7 kB]
Get:144 http://ports.ubuntu.com/ubuntu-ports jammy/main arm64 libraw1394-tools arm64 2.1.2-2build2 [16.6 kB]
Get:145 http://ports.ubuntu.com/ubuntu-ports jammy-updates/main arm64 libssl-dev arm64 3.0.2-0ubuntu1.26 [2302 kB]
Get:146 http://ports.ubuntu.com/ubuntu-ports jammy/universe arm64 opencv-data all 4.5.4+dfsg-9ubuntu4 [1348 kB]
Get:147 http://ports.ubuntu.com/ubuntu-ports jammy/universe arm64 portaudio19-dev arm64 19.6.0-1.1 [102 kB]
Get:148 http://ports.ubuntu.com/ubuntu-ports jammy/main arm64 python3-ply all 3.11-5 [47.5 kB]
Get:149 http://ports.ubuntu.com/ubuntu-ports jammy/main arm64 python3-pycparser all 2.21-1 [76.9 kB]
Get:150 http://ports.ubuntu.com/ubuntu-ports jammy/main arm64 python3-cffi all 1.15.0-1build2 [72.6 kB]
Get:151 http://ports.ubuntu.com/ubuntu-ports jammy/universe arm64 python3-opencv arm64 4.5.4+dfsg-9ubuntu4 [1595 kB]
Get:152 http://ports.ubuntu.com/ubuntu-ports jammy-updates/universe arm64 python3-pip all 22.0.2+dfsg-1ubuntu0.7 [1306 kB]
Get:153 http://ports.ubuntu.com/ubuntu-ports jammy-updates/universe arm64 python3-pip-whl all 22.0.2+dfsg-1ubuntu0.7 [1683 kB]
Get:154 http://ports.ubuntu.com/ubuntu-ports jammy-updates/universe arm64 python3-setuptools-whl all 59.6.0-1.2ubuntu0.22.04.3 [789 kB]
Get:155 http://ports.ubuntu.com/ubuntu-ports jammy-updates/universe arm64 python3.10-venv arm64 3.10.12-1~22.04.16 [5726 B]
debconf: unable to initialize frontend: Dialog
debconf: (Dialog frontend will not work on a dumb terminal, an emacs shell buffer, or without a controlling terminal.)
debconf: falling back to frontend: Readline
debconf: unable to initialize frontend: Readline
debconf: (This frontend requires a controlling tty.)
debconf: falling back to frontend: Teletype
dpkg-preconfigure: unable to re-open stdin: 
Fetched 68.3 MB in 11s (6203 kB/s)
(Reading database ... (Reading database ... 5%(Reading database ... 10%(Reading database ... 15%(Reading database ... 20%(Reading database ... 25%(Reading database ... 30%(Reading database ... 35%(Reading database ... 40%(Reading database ... 45%(Reading database ... 50%(Reading database ... 55%(Reading database ... 60%(Reading database ... 65%(Reading database ... 70%(Reading database ... 75%(Reading database ... 80%(Reading database ... 85%(Reading database ... 90%(Reading database ... 95%(Reading database ... 100%(Reading database ... 176481 files and directories currently installed.)
Removing libdrm-tests (2.4.113-2~ubuntu0.22.04.1) ...
dpkg: libdrm2:arm64: dependency problems, but removing anyway as you requested:
 xwayland depends on libdrm2 (>= 2.4.75).
 xserver-xorg-video-nouveau depends on libdrm2 (>= 2.4.61).
 xserver-xorg-video-armsoc-endlessm depends on libdrm2 (>= 2.4.36).
 xserver-xorg-core depends on libdrm2 (>= 2.4.66).
 spice-vdagent depends on libdrm2 (>= 2.4.3).
 open-vm-tools depends on libdrm2 (>= 2.4.3).
 mesa-vulkan-drivers:arm64 depends on libdrm2 (>= 2.4.99).
 libwebkit2gtk-4.0-37:arm64 depends on libdrm2 (>= 2.4.75).
 libva-x11-2:arm64 depends on libdrm2 (>= 2.3.1).
 libva-drm2:arm64 depends on libdrm2 (>= 2.4.16).
 libmutter-10-0:arm64 depends on libdrm2 (>= 2.4.71).
 libgstreamer-gl1.0-0:arm64 depends on libdrm2 (>= 2.4.17).
 libglx-mesa0:arm64 depends on libdrm2 (>= 2.4.75).
 libgl1-mesa-dri:arm64 depends on libdrm2 (>= 2.4.89).
 libgl1-amber-dri:arm64 depends on libdrm2 (>= 2.3.1).
 libgbm1:arm64 depends on libdrm2 (>= 2.4.75).
 libegl-mesa0:arm64 depends on libdrm2 (>= 2.4.109).
 libegl-mali-xlnx depends on libdrm2 (>= 2.4.3).
 libdrm-tegra0:arm64 depends on libdrm2 (>= 2.4.108).
 libdrm-radeon1:arm64 depends on libdrm2 (>= 2.4.108).
 libdrm-nouveau2:arm64 depends on libdrm2 (>= 2.4.108).
 libdrm-etnaviv1:arm64 depends on libdrm2 (>= 2.4.108).
 libdrm-amdgpu1:arm64 depends on libdrm2 (>= 2.4.108).
 libcogl20:arm64 depends on libdrm2 (>= 2.4.17).
 libavutil56:arm64 depends on libdrm2 (>= 2.4.60).

Removing libdrm2:arm64 (2.4.113-2~ubuntu0.22.04.1) ...
Selecting previously unselected package libdrm2-xlnx:arm64.
(Reading database ... (Reading database ... 5%(Reading database ... 10%(Reading database ... 15%(Reading database ... 20%(Reading database ... 25%(Reading database ... 30%(Reading database ... 35%(Reading database ... 40%(Reading database ... 45%(Reading database ... 50%(Reading database ... 55%(Reading database ... 60%(Reading database ... 65%(Reading database ... 70%(Reading database ... 75%(Reading database ... 80%(Reading database ... 85%(Reading database ... 90%(Reading database ... 95%(Reading database ... 100%(Reading database ... 176456 files and directories currently installed.)
Preparing to unpack .../libdrm2-xlnx_2.4.110-1xilinx1_arm64.deb ...
Unpacking libdrm2-xlnx:arm64 (2.4.110-1xilinx1) ...
(Reading database ... (Reading database ... 5%(Reading database ... 10%(Reading database ... 15%(Reading database ... 20%(Reading database ... 25%(Reading database ... 30%(Reading database ... 35%(Reading database ... 40%(Reading database ... 45%(Reading database ... 50%(Reading database ... 55%(Reading database ... 60%(Reading database ... 65%(Reading database ... 70%(Reading database ... 75%(Reading database ... 80%(Reading database ... 85%(Reading database ... 90%(Reading database ... 95%(Reading database ... 100%(Reading database ... 176462 files and directories currently installed.)
Removing libdrm-tegra0:arm64 (2.4.113-2~ubuntu0.22.04.1) ...
Removing libdrm-common (2.4.113-2~ubuntu0.22.04.1) ...
Selecting previously unselected package libdrm-xlnx-common.
(Reading database ... (Reading database ... 5%(Reading database ... 10%(Reading database ... 15%(Reading database ... 20%(Reading database ... 25%(Reading database ... 30%(Reading database ... 35%(Reading database ... 40%(Reading database ... 45%(Reading database ... 50%(Reading database ... 55%(Reading database ... 60%(Reading database ... 65%(Reading database ... 70%(Reading database ... 75%(Reading database ... 80%(Reading database ... 85%(Reading database ... 90%(Reading database ... 95%(Reading database ... 100%(Reading database ... 176452 files and directories currently installed.)
Preparing to unpack .../libdrm-xlnx-common_2.4.110-1xilinx1_all.deb ...
Unpacking libdrm-xlnx-common (2.4.110-1xilinx1) ...
dpkg: libdrm-amdgpu1:arm64: dependency problems, but removing anyway as you requested:
 xserver-xorg-video-amdgpu depends on libdrm-amdgpu1 (>= 2.4.73).
 mesa-vulkan-drivers:arm64 depends on libdrm-amdgpu1 (>= 2.4.110).
 libgl1-mesa-dri:arm64 depends on libdrm-amdgpu1 (>= 2.4.110).

(Reading database ... (Reading database ... 5%(Reading database ... 10%(Reading database ... 15%(Reading database ... 20%(Reading database ... 25%(Reading database ... 30%(Reading database ... 35%(Reading database ... 40%(Reading database ... 45%(Reading database ... 50%(Reading database ... 55%(Reading database ... 60%(Reading database ... 65%(Reading database ... 70%(Reading database ... 75%(Reading database ... 80%(Reading database ... 85%(Reading database ... 90%(Reading database ... 95%(Reading database ... 100%(Reading database ... 176457 files and directories currently installed.)
Removing libdrm-amdgpu1:arm64 (2.4.113-2~ubuntu0.22.04.1) ...
Selecting previously unselected package libdrm-xlnx-amdgpu1:arm64.
(Reading database ... (Reading database ... 5%(Reading database ... 10%(Reading database ... 15%(Reading database ... 20%(Reading database ... 25%(Reading database ... 30%(Reading database ... 35%(Reading database ... 40%(Reading database ... 45%(Reading database ... 50%(Reading database ... 55%(Reading database ... 60%(Reading database ... 65%(Reading database ... 70%(Reading database ... 75%(Reading database ... 80%(Reading database ... 85%(Reading database ... 90%(Reading database ... 95%(Reading database ... 100%(Reading database ... 176452 files and directories currently installed.)
Preparing to unpack .../libdrm-xlnx-amdgpu1_2.4.110-1xilinx1_arm64.deb ...
Unpacking libdrm-xlnx-amdgpu1:arm64 (2.4.110-1xilinx1) ...
(Reading database ... (Reading database ... 5%(Reading database ... 10%(Reading database ... 15%(Reading database ... 20%(Reading database ... 25%(Reading database ... 30%(Reading database ... 35%(Reading database ... 40%(Reading database ... 45%(Reading database ... 50%(Reading database ... 55%(Reading database ... 60%(Reading database ... 65%(Reading database ... 70%(Reading database ... 75%(Reading database ... 80%(Reading database ... 85%(Reading database ... 90%(Reading database ... 95%(Reading database ... 100%(Reading database ... 176457 files and directories currently installed.)
Removing libdrm-etnaviv1:arm64 (2.4.113-2~ubuntu0.22.04.1) ...
dpkg: libdrm-nouveau2:arm64: dependency problems, but removing anyway as you requested:
 xserver-xorg-video-nouveau depends on libdrm-nouveau2 (>= 2.4.38).
 libgl1-mesa-dri:arm64 depends on libdrm-nouveau2 (>= 2.4.66).
 libgl1-amber-dri:arm64 depends on libdrm-nouveau2 (>= 2.4.66).

Removing libdrm-nouveau2:arm64 (2.4.113-2~ubuntu0.22.04.1) ...
Selecting previously unselected package libdrm-xlnx-nouveau2:arm64.
(Reading database ... (Reading database ... 5%(Reading database ... 10%(Reading database ... 15%(Reading database ... 20%(Reading database ... 25%(Reading database ... 30%(Reading database ... 35%(Reading database ... 40%(Reading database ... 45%(Reading database ... 50%(Reading database ... 55%(Reading database ... 60%(Reading database ... 65%(Reading database ... 70%(Reading database ... 75%(Reading database ... 80%(Reading database ... 85%(Reading database ... 90%(Reading database ... 95%(Reading database ... 100%(Reading database ... 176446 files and directories currently installed.)
Preparing to unpack .../libdrm-xlnx-nouveau2_2.4.110-1xilinx1_arm64.deb ...
Unpacking libdrm-xlnx-nouveau2:arm64 (2.4.110-1xilinx1) ...
dpkg: libdrm-radeon1:arm64: dependency problems, but removing anyway as you requested:
 xserver-xorg-video-radeon depends on libdrm-radeon1 (>= 2.4.39).
 libgl1-mesa-dri:arm64 depends on libdrm-radeon1 (>= 2.4.31).
 libgl1-amber-dri:arm64 depends on libdrm-radeon1 (>= 2.4.17).

(Reading database ... (Reading database ... 5%(Reading database ... 10%(Reading database ... 15%(Reading database ... 20%(Reading database ... 25%(Reading database ... 30%(Reading database ... 35%(Reading database ... 40%(Reading database ... 45%(Reading database ... 50%(Reading database ... 55%(Reading database ... 60%(Reading database ... 65%(Reading database ... 70%(Reading database ... 75%(Reading database ... 80%(Reading database ... 85%(Reading database ... 90%(Reading database ... 95%(Reading database ... 100%(Reading database ... 176452 files and directories currently installed.)
Removing libdrm-radeon1:arm64 (2.4.113-2~ubuntu0.22.04.1) ...
Selecting previously unselected package libdrm-xlnx-radeon1:arm64.
(Reading database ... (Reading database ... 5%(Reading database ... 10%(Reading database ... 15%(Reading database ... 20%(Reading database ... 25%(Reading database ... 30%(Reading database ... 35%(Reading database ... 40%(Reading database ... 45%(Reading database ... 50%(Reading database ... 55%(Reading database ... 60%(Reading database ... 65%(Reading database ... 70%(Reading database ... 75%(Reading database ... 80%(Reading database ... 85%(Reading database ... 90%(Reading database ... 95%(Reading database ... 100%(Reading database ... 176447 files and directories currently installed.)
Preparing to unpack .../libdrm-xlnx-radeon1_2.4.110-1xilinx1_arm64.deb ...
Unpacking libdrm-xlnx-radeon1:arm64 (2.4.110-1xilinx1) ...
dpkg: libjack-jackd2-0:arm64: dependency problems, but removing anyway as you requested:
 libasound2-plugins:arm64 depends on libjack-jackd2-0 (>= 1.9.10+20150825) | libjack-0.125; however:
  Package libjack-jackd2-0:arm64 is to be removed.
  Package libjack-0.125 is not installed.
  Package libjack-jackd2-0:arm64 which provides libjack-0.125 is to be removed.
 gstreamer1.0-plugins-good:arm64 depends on libjack-jackd2-0 (>= 1.9.10+20150825) | libjack-0.125; however:
  Package libjack-jackd2-0:arm64 is to be removed.
  Package libjack-0.125 is not installed.
  Package libjack-jackd2-0:arm64 which provides libjack-0.125 is to be removed.
 libasound2-plugins:arm64 depends on libjack-jackd2-0 (>= 1.9.10+20150825) | libjack-0.125; however:
  Package libjack-jackd2-0:arm64 is to be removed.
  Package libjack-0.125 is not installed.
  Package libjack-jackd2-0:arm64 which provides libjack-0.125 is to be removed.
 gstreamer1.0-plugins-good:arm64 depends on libjack-jackd2-0 (>= 1.9.10+20150825) | libjack-0.125; however:
  Package libjack-jackd2-0:arm64 is to be removed.
  Package libjack-0.125 is not installed.
  Package libjack-jackd2-0:arm64 which provides libjack-0.125 is to be removed.

(Reading database ... (Reading database ... 5%(Reading database ... 10%(Reading database ... 15%(Reading database ... 20%(Reading database ... 25%(Reading database ... 30%(Reading database ... 35%(Reading database ... 40%(Reading database ... 45%(Reading database ... 50%(Reading database ... 55%(Reading database ... 60%(Reading database ... 65%(Reading database ... 70%(Reading database ... 75%(Reading database ... 80%(Reading database ... 85%(Reading database ... 90%(Reading database ... 95%(Reading database ... 100%(Reading database ... 176452 files and directories currently installed.)
Removing libjack-jackd2-0:arm64 (1.9.20~dfsg-1) ...
Selecting previously unselected package libjack0:arm64.
(Reading database ... (Reading database ... 5%(Reading database ... 10%(Reading database ... 15%(Reading database ... 20%(Reading database ... 25%(Reading database ... 30%(Reading database ... 35%(Reading database ... 40%(Reading database ... 45%(Reading database ... 50%(Reading database ... 55%(Reading database ... 60%(Reading database ... 65%(Reading database ... 70%(Reading database ... 75%(Reading database ... 80%(Reading database ... 85%(Reading database ... 90%(Reading database ... 95%(Reading database ... 100%(Reading database ... 176442 files and directories currently installed.)
Preparing to unpack .../0-libjack0_1%3a0.125.0-3build2_arm64.deb ...
Unpacking libjack0:arm64 (1:0.125.0-3build2) ...
Preparing to unpack .../1-python3.10-dev_3.10.12-1~22.04.16_arm64.deb ...
Unpacking python3.10-dev (3.10.12-1~22.04.16) over (3.10.12-1~22.04.3) ...
Preparing to unpack .../2-python3.10_3.10.12-1~22.04.16_arm64.deb ...
Unpacking python3.10 (3.10.12-1~22.04.16) over (3.10.12-1~22.04.3) ...
Preparing to unpack .../3-libpython3-dev_3.10.6-1~22.04.1_arm64.deb ...
Unpacking libpython3-dev:arm64 (3.10.6-1~22.04.1) over (3.10.6-1~22.04) ...
Preparing to unpack .../4-python3-dev_3.10.6-1~22.04.1_arm64.deb ...
Unpacking python3-dev (3.10.6-1~22.04.1) over (3.10.6-1~22.04) ...
Preparing to unpack .../5-python3-minimal_3.10.6-1~22.04.1_arm64.deb ...
Unpacking python3-minimal (3.10.6-1~22.04.1) over (3.10.6-1~22.04) ...
Setting up python3-minimal (3.10.6-1~22.04.1) ...
(Reading database ... (Reading database ... 5%(Reading database ... 10%(Reading database ... 15%(Reading database ... 20%(Reading database ... 25%(Reading database ... 30%(Reading database ... 35%(Reading database ... 40%(Reading database ... 45%(Reading database ... 50%(Reading database ... 55%(Reading database ... 60%(Reading database ... 65%(Reading database ... 70%(Reading database ... 75%(Reading database ... 80%(Reading database ... 85%(Reading database ... 90%(Reading database ... 95%(Reading database ... 100%(Reading database ... 176453 files and directories currently installed.)
Preparing to unpack .../python3_3.10.6-1~22.04.1_arm64.deb ...
running python pre-rtupdate hooks for python3.10...
Unpacking python3 (3.10.6-1~22.04.1) over (3.10.6-1~22.04) ...
Preparing to unpack .../libpython3.10-dev_3.10.12-1~22.04.16_arm64.deb ...
Unpacking libpython3.10-dev:arm64 (3.10.12-1~22.04.16) over (3.10.12-1~22.04.3) ...
Preparing to unpack .../libpython3.10_3.10.12-1~22.04.16_arm64.deb ...
Unpacking libpython3.10:arm64 (3.10.12-1~22.04.16) over (3.10.12-1~22.04.3) ...
Preparing to unpack .../python3.10-minimal_3.10.12-1~22.04.16_arm64.deb ...
Unpacking python3.10-minimal (3.10.12-1~22.04.16) over (3.10.12-1~22.04.3) ...
Preparing to unpack .../libssl3_3.0.2-0ubuntu1.26_arm64.deb ...
Unpacking libssl3:arm64 (3.0.2-0ubuntu1.26) over (3.0.2-0ubuntu1.15) ...
Setting up libssl3:arm64 (3.0.2-0ubuntu1.26) ...
debconf: unable to initialize frontend: Dialog
debconf: (Dialog frontend will not work on a dumb terminal, an emacs shell buffer, or without a controlling terminal.)
debconf: falling back to frontend: Readline
(Reading database ... (Reading database ... 5%(Reading database ... 10%(Reading database ... 15%(Reading database ... 20%(Reading database ... 25%(Reading database ... 30%(Reading database ... 35%(Reading database ... 40%(Reading database ... 45%(Reading database ... 50%(Reading database ... 55%(Reading database ... 60%(Reading database ... 65%(Reading database ... 70%(Reading database ... 75%(Reading database ... 80%(Reading database ... 85%(Reading database ... 90%(Reading database ... 95%(Reading database ... 100%(Reading database ... 176453 files and directories currently installed.)
Preparing to unpack .../libpython3.10-stdlib_3.10.12-1~22.04.16_arm64.deb ...
Unpacking libpython3.10-stdlib:arm64 (3.10.12-1~22.04.16) over (3.10.12-1~22.04.3) ...
Preparing to unpack .../libpython3.10-minimal_3.10.12-1~22.04.16_arm64.deb ...
Unpacking libpython3.10-minimal:arm64 (3.10.12-1~22.04.16) over (3.10.12-1~22.04.3) ...
Preparing to unpack .../liblzma5_5.2.5-2ubuntu1.1_arm64.deb ...
Unpacking liblzma5:arm64 (5.2.5-2ubuntu1.1) over (5.2.5-2ubuntu1) ...
Setting up liblzma5:arm64 (5.2.5-2ubuntu1.1) ...
(Reading database ... (Reading database ... 5%(Reading database ... 10%(Reading database ... 15%(Reading database ... 20%(Reading database ... 25%(Reading database ... 30%(Reading database ... 35%(Reading database ... 40%(Reading database ... 45%(Reading database ... 50%(Reading database ... 55%(Reading database ... 60%(Reading database ... 65%(Reading database ... 70%(Reading database ... 75%(Reading database ... 80%(Reading database ... 85%(Reading database ... 90%(Reading database ... 95%(Reading database ... 100%(Reading database ... 176453 files and directories currently installed.)
Preparing to unpack .../libuuid1_2.37.2-4ubuntu3.5_arm64.deb ...
Unpacking libuuid1:arm64 (2.37.2-4ubuntu3.5) over (2.37.2-4ubuntu3) ...
Setting up libuuid1:arm64 (2.37.2-4ubuntu3.5) ...
(Reading database ... (Reading database ... 5%(Reading database ... 10%(Reading database ... 15%(Reading database ... 20%(Reading database ... 25%(Reading database ... 30%(Reading database ... 35%(Reading database ... 40%(Reading database ... 45%(Reading database ... 50%(Reading database ... 55%(Reading database ... 60%(Reading database ... 65%(Reading database ... 70%(Reading database ... 75%(Reading database ... 80%(Reading database ... 85%(Reading database ... 90%(Reading database ... 95%(Reading database ... 100%(Reading database ... 176453 files and directories currently installed.)
Preparing to unpack .../libpython3-stdlib_3.10.6-1~22.04.1_arm64.deb ...
Unpacking libpython3-stdlib:arm64 (3.10.6-1~22.04.1) over (3.10.6-1~22.04) ...
Preparing to unpack .../libblkid1_2.37.2-4ubuntu3.5_arm64.deb ...
Unpacking libblkid1:arm64 (2.37.2-4ubuntu3.5) over (2.37.2-4ubuntu3) ...
Setting up libblkid1:arm64 (2.37.2-4ubuntu3.5) ...
(Reading database ... (Reading database ... 5%(Reading database ... 10%(Reading database ... 15%(Reading database ... 20%(Reading database ... 25%(Reading database ... 30%(Reading database ... 35%(Reading database ... 40%(Reading database ... 45%(Reading database ... 50%(Reading database ... 55%(Reading database ... 60%(Reading database ... 65%(Reading database ... 70%(Reading database ... 75%(Reading database ... 80%(Reading database ... 85%(Reading database ... 90%(Reading database ... 95%(Reading database ... 100%(Reading database ... 176453 files and directories currently installed.)
Preparing to unpack .../libmount1_2.37.2-4ubuntu3.5_arm64.deb ...
Unpacking libmount1:arm64 (2.37.2-4ubuntu3.5) over (2.37.2-4ubuntu3) ...
Setting up libmount1:arm64 (2.37.2-4ubuntu3.5) ...
(Reading database ... (Reading database ... 5%(Reading database ... 10%(Reading database ... 15%(Reading database ... 20%(Reading database ... 25%(Reading database ... 30%(Reading database ... 35%(Reading database ... 40%(Reading database ... 45%(Reading database ... 50%(Reading database ... 55%(Reading database ... 60%(Reading database ... 65%(Reading database ... 70%(Reading database ... 75%(Reading database ... 80%(Reading database ... 85%(Reading database ... 90%(Reading database ... 95%(Reading database ... 100%(Reading database ... 176453 files and directories currently installed.)
Preparing to unpack .../000-gnome-shell_42.9-0ubuntu2.3_arm64.deb ...
Unpacking gnome-shell (42.9-0ubuntu2.3) over (42.9-0ubuntu2) ...
Preparing to unpack .../001-gnome-shell-common_42.9-0ubuntu2.3_all.deb ...
Unpacking gnome-shell-common (42.9-0ubuntu2.3) over (42.9-0ubuntu2) ...
Preparing to unpack .../002-libglib2.0-bin_2.72.4-0ubuntu2.9_arm64.deb ...
Unpacking libglib2.0-bin (2.72.4-0ubuntu2.9) over (2.72.4-0ubuntu2.2) ...
Preparing to unpack .../003-libpng16-16_1.6.37-3ubuntu0.5_arm64.deb ...
Unpacking libpng16-16:arm64 (1.6.37-3ubuntu0.5) over (1.6.37-3build5) ...
Preparing to unpack .../004-libfreetype6_2.11.1+dfsg-1ubuntu0.3_arm64.deb ...
Unpacking libfreetype6:arm64 (2.11.1+dfsg-1ubuntu0.3) over (2.11.1+dfsg-1ubuntu0.2) ...
Preparing to unpack .../005-libcairo-script-interpreter2_1.16.0-5ubuntu2.1_arm64.deb ...
Unpacking libcairo-script-interpreter2:arm64 (1.16.0-5ubuntu2.1) over (1.16.0-5ubuntu2) ...
Preparing to unpack .../006-libcairo-gobject2_1.16.0-5ubuntu2.1_arm64.deb ...
Unpacking libcairo-gobject2:arm64 (1.16.0-5ubuntu2.1) over (1.16.0-5ubuntu2) ...
Preparing to unpack .../007-libcairo2_1.16.0-5ubuntu2.1_arm64.deb ...
Unpacking libcairo2:arm64 (1.16.0-5ubuntu2.1) over (1.16.0-5ubuntu2) ...
Preparing to unpack .../008-libglib2.0-0_2.72.4-0ubuntu2.9_arm64.deb ...
Unpacking libglib2.0-0:arm64 (2.72.4-0ubuntu2.9) over (2.72.4-0ubuntu2.2) ...
Preparing to unpack .../009-curl_7.81.0-1ubuntu1.25_arm64.deb ...
Unpacking curl (7.81.0-1ubuntu1.25) over (7.81.0-1ubuntu1.15) ...
Preparing to unpack .../010-libcurl4_7.81.0-1ubuntu1.25_arm64.deb ...
Unpacking libcurl4:arm64 (7.81.0-1ubuntu1.25) over (7.81.0-1ubuntu1.15) ...
Selecting previously unselected package fswebcam.
Preparing to unpack .../011-fswebcam_20140113-2_arm64.deb ...
Unpacking fswebcam (20140113-2) ...
Selecting previously unselected package libann0.
Preparing to unpack .../012-libann0_1.1.2+doc-7build1_arm64.deb ...
Unpacking libann0 (1.1.2+doc-7build1) ...
Selecting previously unselected package libcdt5:arm64.
Preparing to unpack .../013-libcdt5_2.42.2-6ubuntu0.1_arm64.deb ...
Unpacking libcdt5:arm64 (2.42.2-6ubuntu0.1) ...
Selecting previously unselected package libcgraph6:arm64.
Preparing to unpack .../014-libcgraph6_2.42.2-6ubuntu0.1_arm64.deb ...
Unpacking libcgraph6:arm64 (2.42.2-6ubuntu0.1) ...
Selecting previously unselected package libgts-0.7-5:arm64.
Preparing to unpack .../015-libgts-0.7-5_0.7.6+darcs121130-5_arm64.deb ...
Unpacking libgts-0.7-5:arm64 (0.7.6+darcs121130-5) ...
Selecting previously unselected package libpathplan4:arm64.
Preparing to unpack .../016-libpathplan4_2.42.2-6ubuntu0.1_arm64.deb ...
Unpacking libpathplan4:arm64 (2.42.2-6ubuntu0.1) ...
Selecting previously unselected package libgvc6.
Preparing to unpack .../017-libgvc6_2.42.2-6ubuntu0.1_arm64.deb ...
Unpacking libgvc6 (2.42.2-6ubuntu0.1) ...
Selecting previously unselected package libgvpr2:arm64.
Preparing to unpack .../018-libgvpr2_2.42.2-6ubuntu0.1_arm64.deb ...
Unpacking libgvpr2:arm64 (2.42.2-6ubuntu0.1) ...
Selecting previously unselected package liblab-gamut1:arm64.
Preparing to unpack .../019-liblab-gamut1_2.42.2-6ubuntu0.1_arm64.deb ...
Unpacking liblab-gamut1:arm64 (2.42.2-6ubuntu0.1) ...
Selecting previously unselected package graphviz.
Preparing to unpack .../020-graphviz_2.42.2-6ubuntu0.1_arm64.deb ...
Unpacking graphviz (2.42.2-6ubuntu0.1) ...
Preparing to unpack .../021-libasound2_1.2.6.1-1ubuntu1.2_arm64.deb ...
Unpacking libasound2:arm64 (1.2.6.1-1ubuntu1.2) over (1.2.6.1-1ubuntu1) ...
Preparing to unpack .../022-libasound2-data_1.2.6.1-1ubuntu1.2_all.deb ...
Unpacking libasound2-data (1.2.6.1-1ubuntu1.2) over (1.2.6.1-1ubuntu1) ...
Selecting previously unselected package libasound2-dev:arm64.
Preparing to unpack .../023-libasound2-dev_1.2.6.1-1ubuntu1.2_arm64.deb ...
Unpacking libasound2-dev:arm64 (1.2.6.1-1ubuntu1.2) ...
Selecting previously unselected package libavutil-dev:arm64.
Preparing to unpack .../024-libavutil-dev_7%3a4.4.2-0ubuntu0.22.04.1_arm64.deb ...
Unpacking libavutil-dev:arm64 (7:4.4.2-0ubuntu0.22.04.1) ...
Selecting previously unselected package libswresample-dev:arm64.
Preparing to unpack .../025-libswresample-dev_7%3a4.4.2-0ubuntu0.22.04.1_arm64.deb ...
Unpacking libswresample-dev:arm64 (7:4.4.2-0ubuntu0.22.04.1) ...
Selecting previously unselected package libavcodec-dev:arm64.
Preparing to unpack .../026-libavcodec-dev_7%3a4.4.2-0ubuntu0.22.04.1_arm64.deb ...
Unpacking libavcodec-dev:arm64 (7:4.4.2-0ubuntu0.22.04.1) ...
Selecting previously unselected package libavformat-dev:arm64.
Preparing to unpack .../027-libavformat-dev_7%3a4.4.2-0ubuntu0.22.04.1_arm64.deb ...
Unpacking libavformat-dev:arm64 (7:4.4.2-0ubuntu0.22.04.1) ...
Selecting previously unselected package libbrotli-dev:arm64.
Preparing to unpack .../028-libbrotli-dev_1.0.9-2build6_arm64.deb ...
Unpacking libbrotli-dev:arm64 (1.0.9-2build6) ...
Selecting previously unselected package libpng-dev:arm64.
Preparing to unpack .../029-libpng-dev_1.6.37-3ubuntu0.5_arm64.deb ...
Unpacking libpng-dev:arm64 (1.6.37-3ubuntu0.5) ...
Selecting previously unselected package libfreetype-dev:arm64.
Preparing to unpack .../030-libfreetype-dev_2.11.1+dfsg-1ubuntu0.3_arm64.deb ...
Unpacking libfreetype-dev:arm64 (2.11.1+dfsg-1ubuntu0.3) ...
Selecting previously unselected package libfreetype6-dev:arm64.
Preparing to unpack .../031-libfreetype6-dev_2.11.1+dfsg-1ubuntu0.3_arm64.deb ...
Unpacking libfreetype6-dev:arm64 (2.11.1+dfsg-1ubuntu0.3) ...
Selecting previously unselected package uuid-dev:arm64.
Preparing to unpack .../032-uuid-dev_2.37.2-4ubuntu3.5_arm64.deb ...
Unpacking uuid-dev:arm64 (2.37.2-4ubuntu3.5) ...
Selecting previously unselected package libfontconfig-dev:arm64.
Preparing to unpack .../033-libfontconfig-dev_2.13.1-4.2ubuntu5_arm64.deb ...
Unpacking libfontconfig-dev:arm64 (2.13.1-4.2ubuntu5) ...
Selecting previously unselected package libfontconfig1-dev:arm64.
Preparing to unpack .../034-libfontconfig1-dev_2.13.1-4.2ubuntu5_arm64.deb ...
Unpacking libfontconfig1-dev:arm64 (2.13.1-4.2ubuntu5) ...
Selecting previously unselected package xorg-sgml-doctools.
Preparing to unpack .../035-xorg-sgml-doctools_1%3a1.11-1.1_all.deb ...
Unpacking xorg-sgml-doctools (1:1.11-1.1) ...
Selecting previously unselected package x11proto-dev.
Preparing to unpack .../036-x11proto-dev_2021.5-1_all.deb ...
Unpacking x11proto-dev (2021.5-1) ...
Selecting previously unselected package libxau-dev:arm64.
Preparing to unpack .../037-libxau-dev_1%3a1.0.9-1build5_arm64.deb ...
Unpacking libxau-dev:arm64 (1:1.0.9-1build5) ...
Selecting previously unselected package libxdmcp-dev:arm64.
Preparing to unpack .../038-libxdmcp-dev_1%3a1.1.3-0ubuntu5_arm64.deb ...
Unpacking libxdmcp-dev:arm64 (1:1.1.3-0ubuntu5) ...
Selecting previously unselected package xtrans-dev.
Preparing to unpack .../039-xtrans-dev_1.4.0-1_all.deb ...
Unpacking xtrans-dev (1.4.0-1) ...
Selecting previously unselected package libpthread-stubs0-dev:arm64.
Preparing to unpack .../040-libpthread-stubs0-dev_0.4-1build2_arm64.deb ...
Unpacking libpthread-stubs0-dev:arm64 (0.4-1build2) ...
Selecting previously unselected package libxcb1-dev:arm64.
Preparing to unpack .../041-libxcb1-dev_1.14-3ubuntu3_arm64.deb ...
Unpacking libxcb1-dev:arm64 (1.14-3ubuntu3) ...
Selecting previously unselected package libx11-dev:arm64.
Preparing to unpack .../042-libx11-dev_2%3a1.7.5-1ubuntu0.3_arm64.deb ...
Unpacking libx11-dev:arm64 (2:1.7.5-1ubuntu0.3) ...
Selecting previously unselected package libxrender-dev:arm64.
Preparing to unpack .../043-libxrender-dev_1%3a0.9.10-1build4_arm64.deb ...
Unpacking libxrender-dev:arm64 (1:0.9.10-1build4) ...
Selecting previously unselected package libxext-dev:arm64.
Preparing to unpack .../044-libxext-dev_2%3a1.3.4-1build1_arm64.deb ...
Unpacking libxext-dev:arm64 (2:1.3.4-1build1) ...
Selecting previously unselected package libice-dev:arm64.
Preparing to unpack .../045-libice-dev_2%3a1.0.10-1build2_arm64.deb ...
Unpacking libice-dev:arm64 (2:1.0.10-1build2) ...
Selecting previously unselected package libsm-dev:arm64.
Preparing to unpack .../046-libsm-dev_2%3a1.2.3-1build2_arm64.deb ...
Unpacking libsm-dev:arm64 (2:1.2.3-1build2) ...
Selecting previously unselected package libpixman-1-dev:arm64.
Preparing to unpack .../047-libpixman-1-dev_0.40.0-1ubuntu0.22.04.1_arm64.deb ...
Unpacking libpixman-1-dev:arm64 (0.40.0-1ubuntu0.22.04.1) ...
Selecting previously unselected package libxcb-render0-dev:arm64.
Preparing to unpack .../048-libxcb-render0-dev_1.14-3ubuntu3_arm64.deb ...
Unpacking libxcb-render0-dev:arm64 (1.14-3ubuntu3) ...
Selecting previously unselected package libxcb-shm0-dev:arm64.
Preparing to unpack .../049-libxcb-shm0-dev_1.14-3ubuntu3_arm64.deb ...
Unpacking libxcb-shm0-dev:arm64 (1.14-3ubuntu3) ...
Selecting previously unselected package libffi-dev:arm64.
Preparing to unpack .../050-libffi-dev_3.4.2-4_arm64.deb ...
Unpacking libffi-dev:arm64 (3.4.2-4) ...
Selecting previously unselected package libglib2.0-dev-bin.
Preparing to unpack .../051-libglib2.0-dev-bin_2.72.4-0ubuntu2.9_arm64.deb ...
Unpacking libglib2.0-dev-bin (2.72.4-0ubuntu2.9) ...
Selecting previously unselected package libblkid-dev:arm64.
Preparing to unpack .../052-libblkid-dev_2.37.2-4ubuntu3.5_arm64.deb ...
Unpacking libblkid-dev:arm64 (2.37.2-4ubuntu3.5) ...
Selecting previously unselected package libsepol-dev:arm64.
Preparing to unpack .../053-libsepol-dev_3.3-1build1_arm64.deb ...
Unpacking libsepol-dev:arm64 (3.3-1build1) ...
Selecting previously unselected package libpcre2-16-0:arm64.
Preparing to unpack .../054-libpcre2-16-0_10.39-3ubuntu0.1_arm64.deb ...
Unpacking libpcre2-16-0:arm64 (10.39-3ubuntu0.1) ...
Selecting previously unselected package libpcre2-posix3:arm64.
Preparing to unpack .../055-libpcre2-posix3_10.39-3ubuntu0.1_arm64.deb ...
Unpacking libpcre2-posix3:arm64 (10.39-3ubuntu0.1) ...
Selecting previously unselected package libpcre2-dev:arm64.
Preparing to unpack .../056-libpcre2-dev_10.39-3ubuntu0.1_arm64.deb ...
Unpacking libpcre2-dev:arm64 (10.39-3ubuntu0.1) ...
Selecting previously unselected package libselinux1-dev:arm64.
Preparing to unpack .../057-libselinux1-dev_3.3-1build2_arm64.deb ...
Unpacking libselinux1-dev:arm64 (3.3-1build2) ...
Selecting previously unselected package libmount-dev:arm64.
Preparing to unpack .../058-libmount-dev_2.37.2-4ubuntu3.5_arm64.deb ...
Unpacking libmount-dev:arm64 (2.37.2-4ubuntu3.5) ...
Selecting previously unselected package libpcre16-3:arm64.
Preparing to unpack .../059-libpcre16-3_2%3a8.39-13ubuntu0.22.04.1_arm64.deb ...
Unpacking libpcre16-3:arm64 (2:8.39-13ubuntu0.22.04.1) ...
Selecting previously unselected package libpcre32-3:arm64.
Preparing to unpack .../060-libpcre32-3_2%3a8.39-13ubuntu0.22.04.1_arm64.deb ...
Unpacking libpcre32-3:arm64 (2:8.39-13ubuntu0.22.04.1) ...
Selecting previously unselected package libpcrecpp0v5:arm64.
Preparing to unpack .../061-libpcrecpp0v5_2%3a8.39-13ubuntu0.22.04.1_arm64.deb ...
Unpacking libpcrecpp0v5:arm64 (2:8.39-13ubuntu0.22.04.1) ...
Selecting previously unselected package libpcre3-dev:arm64.
Preparing to unpack .../062-libpcre3-dev_2%3a8.39-13ubuntu0.22.04.1_arm64.deb ...
Unpacking libpcre3-dev:arm64 (2:8.39-13ubuntu0.22.04.1) ...
Selecting previously unselected package libglib2.0-dev:arm64.
Preparing to unpack .../063-libglib2.0-dev_2.72.4-0ubuntu2.9_arm64.deb ...
Unpacking libglib2.0-dev:arm64 (2.72.4-0ubuntu2.9) ...
Selecting previously unselected package libcairo2-dev:arm64.
Preparing to unpack .../064-libcairo2-dev_1.16.0-5ubuntu2.1_arm64.deb ...
Unpacking libcairo2-dev:arm64 (1.16.0-5ubuntu2.1) ...
Selecting previously unselected package libcurl4-openssl-dev:arm64.
Preparing to unpack .../065-libcurl4-openssl-dev_7.81.0-1ubuntu1.25_arm64.deb ...
Unpacking libcurl4-openssl-dev:arm64 (7.81.0-1ubuntu1.25) ...
Selecting previously unselected package libraw1394-dev:arm64.
Preparing to unpack .../066-libraw1394-dev_2.1.2-2build2_arm64.deb ...
Unpacking libraw1394-dev:arm64 (2.1.2-2build2) ...
Selecting previously unselected package libdc1394-dev:arm64.
Preparing to unpack .../067-libdc1394-dev_2.2.6-4_arm64.deb ...
Unpacking libdc1394-dev:arm64 (2.2.6-4) ...
Selecting previously unselected package libdeflate-dev:arm64.
Preparing to unpack .../068-libdeflate-dev_1.10-2_arm64.deb ...
Unpacking libdeflate-dev:arm64 (1.10-2) ...
Selecting previously unselected package libdrm-xlnx-freedreno1:arm64.
Preparing to unpack .../069-libdrm-xlnx-freedreno1_2.4.110-1xilinx1_arm64.deb ...
Unpacking libdrm-xlnx-freedreno1:arm64 (2.4.110-1xilinx1) ...
Selecting previously unselected package libdrm-xlnx-tegra0:arm64.
Preparing to unpack .../070-libdrm-xlnx-tegra0_2.4.110-1xilinx1_arm64.deb ...
Unpacking libdrm-xlnx-tegra0:arm64 (2.4.110-1xilinx1) ...
Selecting previously unselected package libdrm-xlnx-etnaviv1:arm64.
Preparing to unpack .../071-libdrm-xlnx-etnaviv1_2.4.110-1xilinx1_arm64.deb ...
Unpacking libdrm-xlnx-etnaviv1:arm64 (2.4.110-1xilinx1) ...
Selecting previously unselected package libpciaccess-dev:arm64.
Preparing to unpack .../072-libpciaccess-dev_0.16-3_arm64.deb ...
Unpacking libpciaccess-dev:arm64 (0.16-3) ...
Selecting previously unselected package libdrm-xlnx-dev:arm64.
Preparing to unpack .../073-libdrm-xlnx-dev_2.4.110-1xilinx1_arm64.deb ...
Unpacking libdrm-xlnx-dev:arm64 (2.4.110-1xilinx1) ...
Preparing to unpack .../074-libexif12_0.6.24-1ubuntu0.22.04.1_arm64.deb ...
Unpacking libexif12:arm64 (0.6.24-1ubuntu0.22.04.1) over (0.6.24-1build1) ...
Selecting previously unselected package libexif-dev:arm64.
Preparing to unpack .../075-libexif-dev_0.6.24-1ubuntu0.22.04.1_arm64.deb ...
Unpacking libexif-dev:arm64 (0.6.24-1ubuntu0.22.04.1) ...
Selecting previously unselected package libexif-doc.
Preparing to unpack .../076-libexif-doc_0.6.24-1ubuntu0.22.04.1_all.deb ...
Unpacking libexif-doc (0.6.24-1ubuntu0.22.04.1) ...
Selecting previously unselected package libgdcm-dev.
Preparing to unpack .../077-libgdcm-dev_3.0.10-1build2_arm64.deb ...
Unpacking libgdcm-dev (3.0.10-1build2) ...
Preparing to unpack .../078-libgphoto2-6_2.5.27-1ubuntu0.1_arm64.deb ...
Unpacking libgphoto2-6:arm64 (2.5.27-1ubuntu0.1) over (2.5.27-1build2) ...
Selecting previously unselected package libgphoto2-dev:arm64.
Preparing to unpack .../079-libgphoto2-dev_2.5.27-1ubuntu0.1_arm64.deb ...
Unpacking libgphoto2-dev:arm64 (2.5.27-1ubuntu0.1) ...
Preparing to unpack .../080-libgphoto2-l10n_2.5.27-1ubuntu0.1_all.deb ...
Unpacking libgphoto2-l10n (2.5.27-1ubuntu0.1) over (2.5.27-1build2) ...
Selecting previously unselected package libgts-bin.
Preparing to unpack .../081-libgts-bin_0.7.6+darcs121130-5_arm64.deb ...
Unpacking libgts-bin (0.7.6+darcs121130-5) ...
Selecting previously unselected package libilmbase-dev:arm64.
Preparing to unpack .../082-libilmbase-dev_2.5.7-2_arm64.deb ...
Unpacking libilmbase-dev:arm64 (2.5.7-2) ...
Selecting previously unselected package libjack-dev.
Preparing to unpack .../083-libjack-dev_1%3a0.125.0-3build2_arm64.deb ...
Unpacking libjack-dev (1:0.125.0-3build2) ...
Selecting previously unselected package libjpeg-turbo8-dev:arm64.
Preparing to unpack .../084-libjpeg-turbo8-dev_2.1.2-0ubuntu1_arm64.deb ...
Unpacking libjpeg-turbo8-dev:arm64 (2.1.2-0ubuntu1) ...
Selecting previously unselected package libjpeg8-dev:arm64.
Preparing to unpack .../085-libjpeg8-dev_8c-2ubuntu10_arm64.deb ...
Unpacking libjpeg8-dev:arm64 (8c-2ubuntu10) ...
Selecting previously unselected package libjpeg-dev:arm64.
Preparing to unpack .../086-libjpeg-dev_8c-2ubuntu10_arm64.deb ...
Unpacking libjpeg-dev:arm64 (8c-2ubuntu10) ...
Selecting previously unselected package libtbb-dev:arm64.
Preparing to unpack .../087-libtbb-dev_2021.5.0-7ubuntu2_arm64.deb ...
Unpacking libtbb-dev:arm64 (2021.5.0-7ubuntu2) ...
Selecting previously unselected package libopencv-core-dev:arm64.
Preparing to unpack .../088-libopencv-core-dev_4.5.4+dfsg-9ubuntu4_arm64.deb ...
Unpacking libopencv-core-dev:arm64 (4.5.4+dfsg-9ubuntu4) ...
Selecting previously unselected package libopencv-flann-dev:arm64.
Preparing to unpack .../089-libopencv-flann-dev_4.5.4+dfsg-9ubuntu4_arm64.deb ...
Unpacking libopencv-flann-dev:arm64 (4.5.4+dfsg-9ubuntu4) ...
Selecting previously unselected package libopencv-imgproc-dev:arm64.
Preparing to unpack .../090-libopencv-imgproc-dev_4.5.4+dfsg-9ubuntu4_arm64.deb ...
Unpacking libopencv-imgproc-dev:arm64 (4.5.4+dfsg-9ubuntu4) ...
Selecting previously unselected package libopencv-imgcodecs-dev:arm64.
Preparing to unpack .../091-libopencv-imgcodecs-dev_4.5.4+dfsg-9ubuntu4_arm64.deb ...
Unpacking libopencv-imgcodecs-dev:arm64 (4.5.4+dfsg-9ubuntu4) ...
Selecting previously unselected package libopencv-videoio-dev:arm64.
Preparing to unpack .../092-libopencv-videoio-dev_4.5.4+dfsg-9ubuntu4_arm64.deb ...
Unpacking libopencv-videoio-dev:arm64 (4.5.4+dfsg-9ubuntu4) ...
Selecting previously unselected package libopenexr-dev.
Preparing to unpack .../093-libopenexr-dev_2.5.7-1_arm64.deb ...
Unpacking libopenexr-dev (2.5.7-1) ...
Selecting previously unselected package libswscale-dev:arm64.
Preparing to unpack .../094-libswscale-dev_7%3a4.4.2-0ubuntu0.22.04.1_arm64.deb ...
Unpacking libswscale-dev:arm64 (7:4.4.2-0ubuntu0.22.04.1) ...
Selecting previously unselected package libjbig-dev:arm64.
Preparing to unpack .../095-libjbig-dev_2.1-3.1ubuntu0.22.04.1_arm64.deb ...
Unpacking libjbig-dev:arm64 (2.1-3.1ubuntu0.22.04.1) ...
Selecting previously unselected package liblzma-dev:arm64.
Preparing to unpack .../096-liblzma-dev_5.2.5-2ubuntu1.1_arm64.deb ...
Unpacking liblzma-dev:arm64 (5.2.5-2ubuntu1.1) ...
Preparing to unpack .../097-libtiff5_4.3.0-6ubuntu0.13_arm64.deb ...
Unpacking libtiff5:arm64 (4.3.0-6ubuntu0.13) over (4.3.0-6ubuntu0.8) ...
Selecting previously unselected package libtiffxx5:arm64.
Preparing to unpack .../098-libtiffxx5_4.3.0-6ubuntu0.13_arm64.deb ...
Unpacking libtiffxx5:arm64 (4.3.0-6ubuntu0.13) ...
Selecting previously unselected package libtiff-dev:arm64.
Preparing to unpack .../099-libtiff-dev_4.3.0-6ubuntu0.13_arm64.deb ...
Unpacking libtiff-dev:arm64 (4.3.0-6ubuntu0.13) ...
Selecting previously unselected package libopencv-highgui-dev:arm64.
Preparing to unpack .../100-libopencv-highgui-dev_4.5.4+dfsg-9ubuntu4_arm64.deb ...
Unpacking libopencv-highgui-dev:arm64 (4.5.4+dfsg-9ubuntu4) ...
Selecting previously unselected package libopencv-ml-dev:arm64.
Preparing to unpack .../101-libopencv-ml-dev_4.5.4+dfsg-9ubuntu4_arm64.deb ...
Unpacking libopencv-ml-dev:arm64 (4.5.4+dfsg-9ubuntu4) ...
Selecting previously unselected package libopencv-features2d-dev:arm64.
Preparing to unpack .../102-libopencv-features2d-dev_4.5.4+dfsg-9ubuntu4_arm64.deb ...
Unpacking libopencv-features2d-dev:arm64 (4.5.4+dfsg-9ubuntu4) ...
Selecting previously unselected package libopencv-calib3d-dev:arm64.
Preparing to unpack .../103-libopencv-calib3d-dev_4.5.4+dfsg-9ubuntu4_arm64.deb ...
Unpacking libopencv-calib3d-dev:arm64 (4.5.4+dfsg-9ubuntu4) ...
Selecting previously unselected package libopencv-dnn-dev:arm64.
Preparing to unpack .../104-libopencv-dnn-dev_4.5.4+dfsg-9ubuntu4_arm64.deb ...
Unpacking libopencv-dnn-dev:arm64 (4.5.4+dfsg-9ubuntu4) ...
Selecting previously unselected package libopencv-objdetect-dev:arm64.
Preparing to unpack .../105-libopencv-objdetect-dev_4.5.4+dfsg-9ubuntu4_arm64.deb ...
Unpacking libopencv-objdetect-dev:arm64 (4.5.4+dfsg-9ubuntu4) ...
Selecting previously unselected package libopencv-photo-dev:arm64.
Preparing to unpack .../106-libopencv-photo-dev_4.5.4+dfsg-9ubuntu4_arm64.deb ...
Unpacking libopencv-photo-dev:arm64 (4.5.4+dfsg-9ubuntu4) ...
Selecting previously unselected package libopencv-video-dev:arm64.
Preparing to unpack .../107-libopencv-video-dev_4.5.4+dfsg-9ubuntu4_arm64.deb ...
Unpacking libopencv-video-dev:arm64 (4.5.4+dfsg-9ubuntu4) ...
Selecting previously unselected package libopencv-shape-dev:arm64.
Preparing to unpack .../108-libopencv-shape-dev_4.5.4+dfsg-9ubuntu4_arm64.deb ...
Unpacking libopencv-shape-dev:arm64 (4.5.4+dfsg-9ubuntu4) ...
Selecting previously unselected package libopencv-stitching-dev:arm64.
Preparing to unpack .../109-libopencv-stitching-dev_4.5.4+dfsg-9ubuntu4_arm64.deb ...
Unpacking libopencv-stitching-dev:arm64 (4.5.4+dfsg-9ubuntu4) ...
Selecting previously unselected package libopencv-superres-dev:arm64.
Preparing to unpack .../110-libopencv-superres-dev_4.5.4+dfsg-9ubuntu4_arm64.deb ...
Unpacking libopencv-superres-dev:arm64 (4.5.4+dfsg-9ubuntu4) ...
Selecting previously unselected package libopencv-videostab-dev:arm64.
Preparing to unpack .../111-libopencv-videostab-dev_4.5.4+dfsg-9ubuntu4_arm64.deb ...
Unpacking libopencv-videostab-dev:arm64 (4.5.4+dfsg-9ubuntu4) ...
Selecting previously unselected package libopencv-viz-dev:arm64.
Preparing to unpack .../112-libopencv-viz-dev_4.5.4+dfsg-9ubuntu4_arm64.deb ...
Unpacking libopencv-viz-dev:arm64 (4.5.4+dfsg-9ubuntu4) ...
Selecting previously unselected package libopencv-contrib-dev:arm64.
Preparing to unpack .../113-libopencv-contrib-dev_4.5.4+dfsg-9ubuntu4_arm64.deb ...
Unpacking libopencv-contrib-dev:arm64 (4.5.4+dfsg-9ubuntu4) ...
Selecting previously unselected package libopencv-dev.
Preparing to unpack .../114-libopencv-dev_4.5.4+dfsg-9ubuntu4_arm64.deb ...
Unpacking libopencv-dev (4.5.4+dfsg-9ubuntu4) ...
Selecting previously unselected package libopencv4.5d-jni.
Preparing to unpack .../115-libopencv4.5d-jni_4.5.4+dfsg-9ubuntu4_arm64.deb ...
Unpacking libopencv4.5d-jni (4.5.4+dfsg-9ubuntu4) ...
Selecting previously unselected package libopencv4.5-java.
Preparing to unpack .../116-libopencv4.5-java_4.5.4+dfsg-9ubuntu4_arm64.deb ...
Unpacking libopencv4.5-java (4.5.4+dfsg-9ubuntu4) ...
Selecting previously unselected package libpng-tools.
Preparing to unpack .../117-libpng-tools_1.6.37-3ubuntu0.5_arm64.deb ...
Unpacking libpng-tools (1.6.37-3ubuntu0.5) ...
Selecting previously unselected package libportaudio2:arm64.
Preparing to unpack .../118-libportaudio2_19.6.0-1.1_arm64.deb ...
Unpacking libportaudio2:arm64 (19.6.0-1.1) ...
Selecting previously unselected package libportaudiocpp0:arm64.
Preparing to unpack .../119-libportaudiocpp0_19.6.0-1.1_arm64.deb ...
Unpacking libportaudiocpp0:arm64 (19.6.0-1.1) ...
Selecting previously unselected package libraw1394-tools.
Preparing to unpack .../120-libraw1394-tools_2.1.2-2build2_arm64.deb ...
Unpacking libraw1394-tools (2.1.2-2build2) ...
Selecting previously unselected package libssl-dev:arm64.
Preparing to unpack .../121-libssl-dev_3.0.2-0ubuntu1.26_arm64.deb ...
Unpacking libssl-dev:arm64 (3.0.2-0ubuntu1.26) ...
Selecting previously unselected package opencv-data.
Preparing to unpack .../122-opencv-data_4.5.4+dfsg-9ubuntu4_all.deb ...
Unpacking opencv-data (4.5.4+dfsg-9ubuntu4) ...
Selecting previously unselected package portaudio19-dev:arm64.
Preparing to unpack .../123-portaudio19-dev_19.6.0-1.1_arm64.deb ...
Unpacking portaudio19-dev:arm64 (19.6.0-1.1) ...
Selecting previously unselected package python3-ply.
Preparing to unpack .../124-python3-ply_3.11-5_all.deb ...
Unpacking python3-ply (3.11-5) ...
Selecting previously unselected package python3-pycparser.
Preparing to unpack .../125-python3-pycparser_2.21-1_all.deb ...
Unpacking python3-pycparser (2.21-1) ...
Selecting previously unselected package python3-cffi.
Preparing to unpack .../126-python3-cffi_1.15.0-1build2_all.deb ...
Unpacking python3-cffi (1.15.0-1build2) ...
Selecting previously unselected package python3-opencv:arm64.
Preparing to unpack .../127-python3-opencv_4.5.4+dfsg-9ubuntu4_arm64.deb ...
Unpacking python3-opencv:arm64 (4.5.4+dfsg-9ubuntu4) ...
Preparing to unpack .../128-python3-pip_22.0.2+dfsg-1ubuntu0.7_all.deb ...
Unpacking python3-pip (22.0.2+dfsg-1ubuntu0.7) over (22.0.2+dfsg-1ubuntu0.4) ...
Selecting previously unselected package python3-pip-whl.
Preparing to unpack .../129-python3-pip-whl_22.0.2+dfsg-1ubuntu0.7_all.deb ...
Unpacking python3-pip-whl (22.0.2+dfsg-1ubuntu0.7) ...
Selecting previously unselected package python3-setuptools-whl.
Preparing to unpack .../130-python3-setuptools-whl_59.6.0-1.2ubuntu0.22.04.3_all.deb ...
Unpacking python3-setuptools-whl (59.6.0-1.2ubuntu0.22.04.3) ...
Selecting previously unselected package python3.10-venv.
Preparing to unpack .../131-python3.10-venv_3.10.12-1~22.04.16_arm64.deb ...
Unpacking python3.10-venv (3.10.12-1~22.04.16) ...
Setting up libpcrecpp0v5:arm64 (2:8.39-13ubuntu0.22.04.1) ...
Setting up libavutil-dev:arm64 (7:4.4.2-0ubuntu0.22.04.1) ...
Setting up libjpeg-turbo8-dev:arm64 (2.1.2-0ubuntu1) ...
Setting up python3-setuptools-whl (59.6.0-1.2ubuntu0.22.04.3) ...
Setting up libgdcm-dev (3.0.10-1build2) ...
Setting up libpixman-1-dev:arm64 (0.40.0-1ubuntu0.22.04.1) ...
Setting up libpciaccess-dev:arm64 (0.16-3) ...
Setting up fswebcam (20140113-2) ...
Setting up libpcre16-3:arm64 (2:8.39-13ubuntu0.22.04.1) ...
Setting up libopencv4.5d-jni (4.5.4+dfsg-9ubuntu4) ...
Setting up libdrm-xlnx-common (2.4.110-1xilinx1) ...
Setting up python3-pip-whl (22.0.2+dfsg-1ubuntu0.7) ...
Setting up libswresample-dev:arm64 (7:4.4.2-0ubuntu0.22.04.1) ...
Setting up libglib2.0-0:arm64 (2.72.4-0ubuntu2.9) ...
Setting up libavcodec-dev:arm64 (7:4.4.2-0ubuntu0.22.04.1) ...
Setting up libraw1394-dev:arm64 (2.1.2-2build2) ...
Setting up liblab-gamut1:arm64 (2.42.2-6ubuntu0.1) ...
Setting up libjbig-dev:arm64 (2.1-3.1ubuntu0.22.04.1) ...
Setting up libglib2.0-bin (2.72.4-0ubuntu2.9) ...
Setting up gnome-shell-common (42.9-0ubuntu2.3) ...
Setting up libavformat-dev:arm64 (7:4.4.2-0ubuntu0.22.04.1) ...
Setting up libopencv4.5-java (4.5.4+dfsg-9ubuntu4) ...
Setting up libffi-dev:arm64 (3.4.2-4) ...
Setting up libgphoto2-l10n (2.5.27-1ubuntu0.1) ...
Setting up libpthread-stubs0-dev:arm64 (0.4-1build2) ...
Setting up libpcre2-16-0:arm64 (10.39-3ubuntu0.1) ...
Setting up libgts-0.7-5:arm64 (0.7.6+darcs121130-5) ...
Setting up libasound2-data (1.2.6.1-1ubuntu1.2) ...
Setting up xtrans-dev (1.4.0-1) ...
Setting up libjack0:arm64 (1:0.125.0-3build2) ...
Setting up uuid-dev:arm64 (2.37.2-4ubuntu3.5) ...
Setting up libpathplan4:arm64 (2.42.2-6ubuntu0.1) ...
Setting up libann0 (1.1.2+doc-7build1) ...
Setting up libswscale-dev:arm64 (7:4.4.2-0ubuntu0.22.04.1) ...
Setting up libexif12:arm64 (0.6.24-1ubuntu0.22.04.1) ...
Setting up libssl-dev:arm64 (3.0.2-0ubuntu1.26) ...
Setting up libpng16-16:arm64 (1.6.37-3ubuntu0.5) ...
Setting up libpcre32-3:arm64 (2:8.39-13ubuntu0.22.04.1) ...
Setting up libpython3.10-minimal:arm64 (3.10.12-1~22.04.16) ...
Setting up libsepol-dev:arm64 (3.3-1build1) ...
Setting up liblzma-dev:arm64 (5.2.5-2ubuntu1.1) ...
Setting up libpcre2-posix3:arm64 (10.39-3ubuntu0.1) ...
Setting up opencv-data (4.5.4+dfsg-9ubuntu4) ...
Setting up libexif-doc (0.6.24-1ubuntu0.22.04.1) ...
Setting up libasound2:arm64 (1.2.6.1-1ubuntu1.2) ...
Setting up libraw1394-tools (2.1.2-2build2) ...
Setting up libcurl4:arm64 (7.81.0-1ubuntu1.25) ...
Setting up xorg-sgml-doctools (1:1.11-1.1) ...
Setting up libdrm2-xlnx:arm64 (2.4.110-1xilinx1) ...
Setting up libcdt5:arm64 (2.42.2-6ubuntu0.1) ...
Setting up libcgraph6:arm64 (2.42.2-6ubuntu0.1) ...
Setting up libtiff5:arm64 (4.3.0-6ubuntu0.13) ...
Setting up curl (7.81.0-1ubuntu1.25) ...
Setting up libjack-dev (1:0.125.0-3build2) ...
Setting up libtbb-dev:arm64 (2021.5.0-7ubuntu2) ...
Setting up libjpeg8-dev:arm64 (8c-2ubuntu10) ...
Setting up libasound2-dev:arm64 (1.2.6.1-1ubuntu1.2) ...
Setting up libdeflate-dev:arm64 (1.10-2) ...
Setting up libbrotli-dev:arm64 (1.0.9-2build6) ...
Setting up libdrm-xlnx-nouveau2:arm64 (2.4.110-1xilinx1) ...
Setting up libilmbase-dev:arm64 (2.5.7-2) ...
Setting up libtiffxx5:arm64 (4.3.0-6ubuntu0.13) ...
Setting up libblkid-dev:arm64 (2.37.2-4ubuntu3.5) ...
Setting up libgts-bin (0.7.6+darcs121130-5) ...
Setting up libportaudio2:arm64 (19.6.0-1.1) ...
Setting up libexif-dev:arm64 (0.6.24-1ubuntu0.22.04.1) ...
Setting up libpcre2-dev:arm64 (10.39-3ubuntu0.1) ...
Setting up libdrm-xlnx-etnaviv1:arm64 (2.4.110-1xilinx1) ...
Setting up libdc1394-dev:arm64 (2.2.6-4) ...
Setting up libpng-tools (1.6.37-3ubuntu0.5) ...
Setting up libselinux1-dev:arm64 (3.3-1build2) ...
Setting up libpcre3-dev:arm64 (2:8.39-13ubuntu0.22.04.1) ...
Setting up libdrm-xlnx-tegra0:arm64 (2.4.110-1xilinx1) ...
Setting up libpng-dev:arm64 (1.6.37-3ubuntu0.5) ...
Setting up libjpeg-dev:arm64 (8c-2ubuntu10) ...
Setting up libdrm-xlnx-amdgpu1:arm64 (2.4.110-1xilinx1) ...
Setting up python3.10-minimal (3.10.12-1~22.04.16) ...
Setting up libportaudiocpp0:arm64 (19.6.0-1.1) ...
Setting up portaudio19-dev:arm64 (19.6.0-1.1) ...
Setting up libpython3.10-stdlib:arm64 (3.10.12-1~22.04.16) ...
Setting up libdrm-xlnx-radeon1:arm64 (2.4.110-1xilinx1) ...
Setting up libgphoto2-6:arm64 (2.5.27-1ubuntu0.1) ...
Setting up libopenexr-dev (2.5.7-1) ...
Setting up libfreetype6:arm64 (2.11.1+dfsg-1ubuntu0.3) ...
Setting up libtiff-dev:arm64 (4.3.0-6ubuntu0.13) ...
Setting up libcurl4-openssl-dev:arm64 (7.81.0-1ubuntu1.25) ...
Setting up libgvpr2:arm64 (2.42.2-6ubuntu0.1) ...
Setting up libopencv-core-dev:arm64 (4.5.4+dfsg-9ubuntu4) ...
Setting up libdrm-xlnx-freedreno1:arm64 (2.4.110-1xilinx1) ...
Setting up libmount-dev:arm64 (2.37.2-4ubuntu3.5) ...
Setting up libpython3-stdlib:arm64 (3.10.6-1~22.04.1) ...
Setting up libopencv-flann-dev:arm64 (4.5.4+dfsg-9ubuntu4) ...
Setting up libpython3.10:arm64 (3.10.12-1~22.04.16) ...
Setting up libopencv-ml-dev:arm64 (4.5.4+dfsg-9ubuntu4) ...
Setting up python3.10 (3.10.12-1~22.04.16) ...
Setting up libgphoto2-dev:arm64 (2.5.27-1ubuntu0.1) ...
Setting up python3 (3.10.6-1~22.04.1) ...
running python rtupdate hooks for python3.10...
running python post-rtupdate hooks for python3.10...
Setting up libcairo2:arm64 (1.16.0-5ubuntu2.1) ...
Setting up libfreetype-dev:arm64 (2.11.1+dfsg-1ubuntu0.3) ...
Setting up libdrm-xlnx-dev:arm64 (2.4.110-1xilinx1) ...
Setting up libopencv-imgproc-dev:arm64 (4.5.4+dfsg-9ubuntu4) ...
Setting up libopencv-dnn-dev:arm64 (4.5.4+dfsg-9ubuntu4) ...
Setting up libgvc6 (2.42.2-6ubuntu0.1) ...
Setting up libopencv-viz-dev:arm64 (4.5.4+dfsg-9ubuntu4) ...
Setting up libpython3.10-dev:arm64 (3.10.12-1~22.04.16) ...
Setting up python3-pip (22.0.2+dfsg-1ubuntu0.7) ...
Setting up gnome-shell (42.9-0ubuntu2.3) ...
Setting up libopencv-video-dev:arm64 (4.5.4+dfsg-9ubuntu4) ...
Setting up python3.10-dev (3.10.12-1~22.04.16) ...
Setting up libcairo-gobject2:arm64 (1.16.0-5ubuntu2.1) ...
Setting up python3-opencv:arm64 (4.5.4+dfsg-9ubuntu4) ...
Setting up libcairo-script-interpreter2:arm64 (1.16.0-5ubuntu2.1) ...
Setting up libopencv-shape-dev:arm64 (4.5.4+dfsg-9ubuntu4) ...
Setting up graphviz (2.42.2-6ubuntu0.1) ...
Setting up libglib2.0-dev-bin (2.72.4-0ubuntu2.9) ...
Setting up libpython3-dev:arm64 (3.10.6-1~22.04.1) ...
Setting up python3.10-venv (3.10.12-1~22.04.16) ...
Setting up libfontconfig-dev:arm64 (2.13.1-4.2ubuntu5) ...
Setting up python3-ply (3.11-5) ...
Setting up libopencv-photo-dev:arm64 (4.5.4+dfsg-9ubuntu4) ...
Setting up libopencv-imgcodecs-dev:arm64 (4.5.4+dfsg-9ubuntu4) ...
Setting up python3-pycparser (2.21-1) ...
Setting up libfreetype6-dev:arm64 (2.11.1+dfsg-1ubuntu0.3) ...
Setting up libglib2.0-dev:arm64 (2.72.4-0ubuntu2.9) ...
Setting up python3-dev (3.10.6-1~22.04.1) ...
Setting up libopencv-videoio-dev:arm64 (4.5.4+dfsg-9ubuntu4) ...
Setting up libfontconfig1-dev:arm64 (2.13.1-4.2ubuntu5) ...
Setting up libopencv-superres-dev:arm64 (4.5.4+dfsg-9ubuntu4) ...
Setting up python3-cffi (1.15.0-1build2) ...
Setting up libopencv-highgui-dev:arm64 (4.5.4+dfsg-9ubuntu4) ...
Setting up libopencv-features2d-dev:arm64 (4.5.4+dfsg-9ubuntu4) ...
Setting up libopencv-calib3d-dev:arm64 (4.5.4+dfsg-9ubuntu4) ...
Setting up libopencv-objdetect-dev:arm64 (4.5.4+dfsg-9ubuntu4) ...
Setting up libopencv-videostab-dev:arm64 (4.5.4+dfsg-9ubuntu4) ...
Setting up libopencv-stitching-dev:arm64 (4.5.4+dfsg-9ubuntu4) ...
Setting up libopencv-contrib-dev:arm64 (4.5.4+dfsg-9ubuntu4) ...
Setting up libopencv-dev (4.5.4+dfsg-9ubuntu4) ...
Processing triggers for install-info (6.8-4build1) ...
Processing triggers for mailcap (3.70+nmu1ubuntu1) ...
Processing triggers for desktop-file-utils (0.26-1ubuntu3) ...
Processing triggers for hicolor-icon-theme (0.17-2) ...
Processing triggers for gnome-menus (3.36.0-1ubuntu3) ...
Processing triggers for libc-bin (2.35-0ubuntu3.6) ...
Processing triggers for man-db (2.10.2-1) ...
Processing triggers for udev (249.11-0ubuntu3.12) ...
Processing triggers for sgml-base (1.30) ...
Setting up x11proto-dev (2021.5-1) ...
Setting up libxau-dev:arm64 (1:1.0.9-1build5) ...
Setting up libice-dev:arm64 (2:1.0.10-1build2) ...
Setting up libsm-dev:arm64 (2:1.2.3-1build2) ...
Setting up libxdmcp-dev:arm64 (1:1.1.3-0ubuntu5) ...
Setting up libxcb1-dev:arm64 (1.14-3ubuntu3) ...
Setting up libx11-dev:arm64 (2:1.7.5-1ubuntu0.3) ...
Setting up libxcb-shm0-dev:arm64 (1.14-3ubuntu3) ...
Setting up libxcb-render0-dev:arm64 (1.14-3ubuntu3) ...
Setting up libxext-dev:arm64 (2:1.3.4-1build1) ...
Setting up libxrender-dev:arm64 (1:0.9.10-1build4) ...
Setting up libcairo2-dev:arm64 (1.16.0-5ubuntu2.1) ...

Running kernel seems to be up-to-date.

Failed to check for processor microcode upgrades.

Restarting services...
 /etc/needrestart/restart.d/systemd-manager
 systemctl restart accounts-daemon.service avahi-daemon.service colord.service cups-browsed.service cups.service irqbalance.service kerneloops.service multipathd.service packagekit.service polkit.service power-profiles-daemon.service rpcbind.service rsyslog.service rtkit-daemon.service ssh.service switcheroo-control.service systemd-journald.service systemd-oomd.service systemd-resolved.service systemd-timesyncd.service systemd-udevd.service ubuntu-advantage-desktop-daemon.service udisks2.service upower.service

Service restarts being deferred:
 systemctl restart ModemManager.service
 systemctl restart NetworkManager.service
 /etc/needrestart/restart.d/dbus.service
 systemctl restart gdm.service
 systemctl restart gdm3.service
 systemctl restart systemd-logind.service
 systemctl restart user@1000.service
 systemctl restart wpa_supplicant.service

No containers need to be restarted.

No user sessions are running outdated binaries.

No VM guests are running outdated hypervisor (qemu) binaries on this host.
/home/ubuntu/pynq/sdbuild/packages/python_packages_jammy /home/ubuntu
+ set -e
+ target=
+ target_dir=root/.cache/pip
+++ dirname ./pre.sh
++ cd .
++ pwd
+ script_dir=/home/ubuntu/pynq/sdbuild/packages/python_packages_jammy
+ '[' -d /home/ubuntu/pynq/sdbuild/packages/python_packages_jammy/pre-built/root/.cache/pip ']'
+ sudo cp /home/ubuntu/pynq/sdbuild/packages/python_packages_jammy/requirements.txt /root/
++ set -e
++ cd /root
++ export PYNQ_VENV=/usr/local/share/pynq-venv
++ PYNQ_VENV=/usr/local/share/pynq-venv
++ python3 -m venv --system-site-packages /usr/local/share/pynq-venv
++ echo 'source /usr/local/share/pynq-venv/bin/activate'
++ source /etc/profile.d/pynq_venv.sh
+++ source /usr/local/share/pynq-venv/bin/activate
++++ deactivate nondestructive
++++ '[' -n '' ']'
++++ '[' -n '' ']'
++++ '[' -n /usr/bin/bash -o -n '' ']'
++++ hash -r
++++ '[' -n '' ']'
++++ unset VIRTUAL_ENV
++++ unset VIRTUAL_ENV_PROMPT
++++ '[' '!' nondestructive = nondestructive ']'
++++ VIRTUAL_ENV=/usr/local/share/pynq-venv
++++ export VIRTUAL_ENV
++++ _OLD_VIRTUAL_PATH=/usr/local/sbin:/usr/local/bin:/usr/sbin:/usr/bin:/sbin:/bin:/snap/bin
++++ PATH=/usr/local/share/pynq-venv/bin:/usr/local/sbin:/usr/local/bin:/usr/sbin:/usr/bin:/sbin:/bin:/snap/bin
++++ export PATH
++++ '[' -n '' ']'
++++ '[' -z '' ']'
++++ _OLD_VIRTUAL_PS1=
++++ PS1='(pynq-venv) '
++++ export PS1
++++ VIRTUAL_ENV_PROMPT='(pynq-venv) '
++++ export VIRTUAL_ENV_PROMPT
++++ '[' -n /usr/bin/bash -o -n '' ']'
++++ hash -r
++ python3 -m pip install pip==22.0.2
Requirement already satisfied: pip==22.0.2 in /usr/local/share/pynq-venv/lib/python3.10/site-packages (22.0.2)
++ python3 -m pip install -r requirements.txt
Collecting alabaster==0.7.12
  Downloading alabaster-0.7.12-py2.py3-none-any.whl (14 kB)
Collecting anyio==3.6.1
  Downloading anyio-3.6.1-py3-none-any.whl (80 kB)
     ━━━━━━━━━━━━━━━━━━━━━━━━━━━━━━━━━━━━━━━ 80.6/80.6 KB 179.9 kB/s eta 0:00:00
Collecting argon2-cffi==21.3.0
  Downloading argon2_cffi-21.3.0-py3-none-any.whl (14 kB)
Collecting argon2-cffi-bindings==21.2.0
  Downloading argon2_cffi_bindings-21.2.0-cp36-abi3-manylinux_2_17_aarch64.manylinux2014_aarch64.whl (80 kB)
     ━━━━━━━━━━━━━━━━━━━━━━━━━━━━━━━━━━━━━━━━ 80.6/80.6 KB 3.2 MB/s eta 0:00:00
Collecting asttokens==2.0.5
  Downloading asttokens-2.0.5-py2.py3-none-any.whl (20 kB)
Collecting async-generator==1.10
  Downloading async_generator-1.10-py3-none-any.whl (18 kB)
Collecting backcall==0.2.0
  Downloading backcall-0.2.0-py2.py3-none-any.whl (11 kB)
Collecting bleach==5.0.1
  Downloading bleach-5.0.1-py3-none-any.whl (160 kB)
     ━━━━━━━━━━━━━━━━━━━━━━━━━━━━━━━━━━━━━━━ 160.9/160.9 KB 4.4 MB/s eta 0:00:00
Collecting CppHeaderParser==2.7.4
  Downloading CppHeaderParser-2.7.4.tar.gz (54 kB)
     ━━━━━━━━━━━━━━━━━━━━━━━━━━━━━━━━━━━━━━━━ 54.4/54.4 KB 2.4 MB/s eta 0:00:00
  Preparing metadata (setup.py): started
  Preparing metadata (setup.py): finished with status 'done'
Collecting Cython==0.29.32
  Downloading Cython-0.29.32-cp310-cp310-manylinux_2_17_aarch64.manylinux2014_aarch64.manylinux_2_24_aarch64.whl (1.8 MB)
     ━━━━━━━━━━━━━━━━━━━━━━━━━━━━━━━━━━━━━━━━ 1.8/1.8 MB 6.5 MB/s eta 0:00:00
Collecting dash==2.6.0
  Downloading dash-2.6.0-py3-none-any.whl (9.8 MB)
     ━━━━━━━━━━━━━━━━━━━━━━━━━━━━━━━━━━━━━━━━ 9.8/9.8 MB 7.3 MB/s eta 0:00:00
Collecting dash-bootstrap-components==1.2.1
  Downloading dash_bootstrap_components-1.2.1-py3-none-any.whl (216 kB)
     ━━━━━━━━━━━━━━━━━━━━━━━━━━━━━━━━━━━━━━━ 216.1/216.1 KB 5.3 MB/s eta 0:00:00
Collecting dash-core-components==2.0.0
  Downloading dash_core_components-2.0.0-py3-none-any.whl (3.8 kB)
Collecting dash-html-components==2.0.0
  Downloading dash_html_components-2.0.0-py3-none-any.whl (4.1 kB)
Collecting dash-renderer==1.9.1
  Downloading dash_renderer-1.9.1.tar.gz (1.0 MB)
     ━━━━━━━━━━━━━━━━━━━━━━━━━━━━━━━━━━━━━━━━ 1.0/1.0 MB 6.2 MB/s eta 0:00:00
  Preparing metadata (setup.py): started
  Preparing metadata (setup.py): finished with status 'done'
Collecting dash-table==5.0.0
  Downloading dash_table-5.0.0-py3-none-any.whl (3.9 kB)
Collecting debugpy==1.6.2
  Downloading debugpy-1.6.2-py2.py3-none-any.whl (4.4 MB)
     ━━━━━━━━━━━━━━━━━━━━━━━━━━━━━━━━━━━━━━━━ 4.4/4.4 MB 7.3 MB/s eta 0:00:00
Collecting deepdiff==5.8.1
  Downloading deepdiff-5.8.1-py3-none-any.whl (69 kB)
     ━━━━━━━━━━━━━━━━━━━━━━━━━━━━━━━━━━━━━━━━ 69.5/69.5 KB 2.8 MB/s eta 0:00:00
Collecting deltasigma==0.2.2
  Downloading deltasigma-0.2.2.tar.gz (142 kB)
     ━━━━━━━━━━━━━━━━━━━━━━━━━━━━━━━━━━━━━━━ 142.5/142.5 KB 4.6 MB/s eta 0:00:00
  Preparing metadata (setup.py): started
  Preparing metadata (setup.py): finished with status 'done'
Collecting docutils==0.17.1
  Downloading docutils-0.17.1-py2.py3-none-any.whl (575 kB)
     ━━━━━━━━━━━━━━━━━━━━━━━━━━━━━━━━━━━━━━━ 575.5/575.5 KB 6.4 MB/s eta 0:00:00
Collecting entrypoints==0.4
  Downloading entrypoints-0.4-py3-none-any.whl (5.3 kB)
Collecting executing==0.9.1
  Downloading executing-0.9.1-py2.py3-none-any.whl (16 kB)
Collecting fastjsonschema==2.16.1
  Downloading fastjsonschema-2.16.1-py3-none-any.whl (22 kB)
Collecting Flask==2.1.3
  Downloading Flask-2.1.3-py3-none-any.whl (95 kB)
     ━━━━━━━━━━━━━━━━━━━━━━━━━━━━━━━━━━━━━━━━ 95.6/95.6 KB 3.7 MB/s eta 0:00:00
Collecting Flask-Compress==1.12
  Downloading Flask_Compress-1.12-py3-none-any.whl (7.9 kB)
Collecting gTTS==2.2.4
  Downloading gTTS-2.2.4-py3-none-any.whl (26 kB)
Collecting imagesize==1.4.1
  Downloading imagesize-1.4.1-py2.py3-none-any.whl (8.8 kB)
Collecting imutils==0.5.4
  Downloading imutils-0.5.4.tar.gz (17 kB)
  Preparing metadata (setup.py): started
  Preparing metadata (setup.py): finished with status 'done'
Collecting ipykernel==6.15.1
  Downloading ipykernel-6.15.1-py3-none-any.whl (132 kB)
     ━━━━━━━━━━━━━━━━━━━━━━━━━━━━━━━━━━━━━━━ 132.9/132.9 KB 4.0 MB/s eta 0:00:00
Collecting ipython==8.4.0
  Downloading ipython-8.4.0-py3-none-any.whl (750 kB)
     ━━━━━━━━━━━━━━━━━━━━━━━━━━━━━━━━━━━━━━━ 750.8/750.8 KB 6.5 MB/s eta 0:00:00
Collecting ipython-genutils==0.2.0
  Downloading ipython_genutils-0.2.0-py2.py3-none-any.whl (26 kB)
Collecting ipywidgets==7.7.1
  Downloading ipywidgets-7.7.1-py2.py3-none-any.whl (123 kB)
     ━━━━━━━━━━━━━━━━━━━━━━━━━━━━━━━━━━━━━━━ 123.4/123.4 KB 4.1 MB/s eta 0:00:00
Collecting itsdangerous==2.1.2
  Downloading itsdangerous-2.1.2-py3-none-any.whl (15 kB)
Collecting jedi==0.18.1
  Downloading jedi-0.18.1-py2.py3-none-any.whl (1.6 MB)
     ━━━━━━━━━━━━━━━━━━━━━━━━━━━━━━━━━━━━━━━━ 1.6/1.6 MB 7.0 MB/s eta 0:00:00
Collecting json5==0.9.8
  Downloading json5-0.9.8.tar.gz (22 kB)
  Preparing metadata (setup.py): started
  Preparing metadata (setup.py): finished with status 'done'
Collecting jsonschema==4.9.0
  Downloading jsonschema-4.9.0-py3-none-any.whl (79 kB)
     ━━━━━━━━━━━━━━━━━━━━━━━━━━━━━━━━━━━━━━━━ 79.5/79.5 KB 3.1 MB/s eta 0:00:00
Collecting jupyter==1.0.0
  Downloading jupyter-1.0.0-py2.py3-none-any.whl (2.7 kB)
Collecting jupyter-client==7.3.4
  Downloading jupyter_client-7.3.4-py3-none-any.whl (132 kB)
     ━━━━━━━━━━━━━━━━━━━━━━━━━━━━━━━━━━━━━━━ 132.1/132.1 KB 4.2 MB/s eta 0:00:00
Collecting jupyter-console==6.4.4
  Downloading jupyter_console-6.4.4-py3-none-any.whl (22 kB)
Collecting jupyter-contrib-core==0.4.0
  Downloading jupyter_contrib_core-0.4.0-py2.py3-none-any.whl (17 kB)
Collecting jupyter-contrib-nbextensions==0.5.1
  Downloading jupyter_contrib_nbextensions-0.5.1-py2.py3-none-any.whl (20.9 MB)
     ━━━━━━━━━━━━━━━━━━━━━━━━━━━━━━━━━━━━━━━━ 20.9/20.9 MB 5.0 MB/s eta 0:00:00
Collecting jupyter-core==4.11.1
  Downloading jupyter_core-4.11.1-py3-none-any.whl (88 kB)
     ━━━━━━━━━━━━━━━━━━━━━━━━━━━━━━━━━━━━━━━━ 88.4/88.4 KB 3.3 MB/s eta 0:00:00
Collecting jupyter-highlight-selected-word==0.2.0
  Downloading jupyter_highlight_selected_word-0.2.0-py2.py3-none-any.whl (11 kB)
Collecting jupyter-latex-envs==1.4.6
  Downloading jupyter_latex_envs-1.4.6.tar.gz (861 kB)
     ━━━━━━━━━━━━━━━━━━━━━━━━━━━━━━━━━━━━━━━ 861.7/861.7 KB 7.1 MB/s eta 0:00:00
  Preparing metadata (setup.py): started
  Preparing metadata (setup.py): finished with status 'done'
Collecting jupyter-nbextensions-configurator==0.5.0
  Downloading jupyter_nbextensions_configurator-0.5.0-py2.py3-none-any.whl (467 kB)
     ━━━━━━━━━━━━━━━━━━━━━━━━━━━━━━━━━━━━━━━ 467.2/467.2 KB 6.3 MB/s eta 0:00:00
Collecting jupyter-server==1.18.1
  Downloading jupyter_server-1.18.1-py3-none-any.whl (344 kB)
     ━━━━━━━━━━━━━━━━━━━━━━━━━━━━━━━━━━━━━━━ 344.9/344.9 KB 6.4 MB/s eta 0:00:00
Collecting jupyterlab==3.4.4
  Downloading jupyterlab-3.4.4-py3-none-any.whl (8.8 MB)
     ━━━━━━━━━━━━━━━━━━━━━━━━━━━━━━━━━━━━━━━━ 8.8/8.8 MB 7.2 MB/s eta 0:00:00
Collecting jupyterlab-pygments==0.2.2
  Downloading jupyterlab_pygments-0.2.2-py2.py3-none-any.whl (21 kB)
Collecting jupyterlab-server==2.15.0
  Downloading jupyterlab_server-2.15.0-py3-none-any.whl (54 kB)
     ━━━━━━━━━━━━━━━━━━━━━━━━━━━━━━━━━━━━━━━━ 54.1/54.1 KB 2.3 MB/s eta 0:00:00
Collecting jupyterlab-widgets==1.1.1
  Downloading jupyterlab_widgets-1.1.1-py3-none-any.whl (245 kB)
     ━━━━━━━━━━━━━━━━━━━━━━━━━━━━━━━━━━━━━━━ 245.3/245.3 KB 5.3 MB/s eta 0:00:00
Collecting jupyterplot==0.0.3
  Downloading jupyterplot-0.0.3-py3-none-any.whl (10 kB)
Collecting lrcurve==1.1.0
  Downloading lrcurve-1.1.0.tar.gz (67 kB)
     ━━━━━━━━━━━━━━━━━━━━━━━━━━━━━━━━━━━━━━━━ 67.2/67.2 KB 2.7 MB/s eta 0:00:00
  Preparing metadata (setup.py): started
  Preparing metadata (setup.py): finished with status 'done'
Collecting MarkupSafe==2.1.1
  Downloading MarkupSafe-2.1.1-cp310-cp310-manylinux_2_17_aarch64.manylinux2014_aarch64.whl (26 kB)
Collecting matplotlib-inline==0.1.3
  Downloading matplotlib_inline-0.1.3-py3-none-any.whl (8.2 kB)
Collecting mistune==0.8.4
  Downloading mistune-0.8.4-py2.py3-none-any.whl (16 kB)
Collecting nbclassic==0.4.3
  Downloading nbclassic-0.4.3-py3-none-any.whl (9.7 MB)
     ━━━━━━━━━━━━━━━━━━━━━━━━━━━━━━━━━━━━━━━━ 9.7/9.7 MB 7.4 MB/s eta 0:00:00
Collecting nbclient==0.5.13
  Downloading nbclient-0.5.13-py3-none-any.whl (70 kB)
     ━━━━━━━━━━━━━━━━━━━━━━━━━━━━━━━━━━━━━━━━ 70.6/70.6 KB 2.8 MB/s eta 0:00:00
Collecting nbconvert==6.5.0
  Downloading nbconvert-6.5.0-py3-none-any.whl (561 kB)
     ━━━━━━━━━━━━━━━━━━━━━━━━━━━━━━━━━━━━━━━ 561.6/561.6 KB 6.7 MB/s eta 0:00:00
Collecting nbformat==5.4.0
  Downloading nbformat-5.4.0-py3-none-any.whl (73 kB)
     ━━━━━━━━━━━━━━━━━━━━━━━━━━━━━━━━━━━━━━━━ 73.3/73.3 KB 3.3 MB/s eta 0:00:00
Collecting nbsphinx==0.8.9
  Downloading nbsphinx-0.8.9-py3-none-any.whl (25 kB)
Collecting nbwavedrom==1.0.1
  Downloading nbwavedrom-1.0.1-py3-none-any.whl (3.0 kB)
Collecting nest-asyncio==1.5.5
  Downloading nest_asyncio-1.5.5-py3-none-any.whl (5.2 kB)
Collecting notebook==6.4.12
  Downloading notebook-6.4.12-py3-none-any.whl (9.9 MB)
     ━━━━━━━━━━━━━━━━━━━━━━━━━━━━━━━━━━━━━━━━ 9.9/9.9 MB 8.0 MB/s eta 0:00:00
Collecting notebook-shim==0.1.0
  Downloading notebook_shim-0.1.0-py3-none-any.whl (13 kB)
Collecting ordered-set==4.1.0
  Downloading ordered_set-4.1.0-py3-none-any.whl (7.6 kB)
Collecting pandocfilters==1.5.0
  Downloading pandocfilters-1.5.0-py2.py3-none-any.whl (8.7 kB)
Collecting parsec==3.13
  Downloading parsec-3.13-py2.py3-none-any.whl (13 kB)
Collecting parso==0.8.3
  Downloading parso-0.8.3-py2.py3-none-any.whl (100 kB)
     ━━━━━━━━━━━━━━━━━━━━━━━━━━━━━━━━━━━━━━━ 100.8/100.8 KB 3.9 MB/s eta 0:00:00
Collecting patsy==0.5.2
  Downloading patsy-0.5.2-py2.py3-none-any.whl (233 kB)
     ━━━━━━━━━━━━━━━━━━━━━━━━━━━━━━━━━━━━━━━ 233.7/233.7 KB 3.8 MB/s eta 0:00:00
Collecting pbr==5.9.0
  Downloading pbr-5.9.0-py2.py3-none-any.whl (112 kB)
     ━━━━━━━━━━━━━━━━━━━━━━━━━━━━━━━━━━━━━━━ 112.3/112.3 KB 3.8 MB/s eta 0:00:00
Requirement already satisfied: pexpect==4.8.0 in /usr/lib/python3/dist-packages (from -r requirements.txt (line 71)) (4.8.0)
Collecting pickleshare==0.7.5
  Downloading pickleshare-0.7.5-py2.py3-none-any.whl (6.9 kB)
Collecting plotly==5.9.0
  Downloading plotly-5.9.0-py2.py3-none-any.whl (15.2 MB)
     ━━━━━━━━━━━━━━━━━━━━━━━━━━━━━━━━━━━━━━━━ 15.2/15.2 MB 6.0 MB/s eta 0:00:00
Collecting prometheus-client==0.14.1
  Downloading prometheus_client-0.14.1-py3-none-any.whl (59 kB)
     ━━━━━━━━━━━━━━━━━━━━━━━━━━━━━━━━━━━━━━━━ 59.5/59.5 KB 2.0 MB/s eta 0:00:00
Collecting prompt-toolkit==3.0.30
  Downloading prompt_toolkit-3.0.30-py3-none-any.whl (381 kB)
     ━━━━━━━━━━━━━━━━━━━━━━━━━━━━━━━━━━━━━━━ 381.7/381.7 KB 5.6 MB/s eta 0:00:00
Requirement already satisfied: ptyprocess==0.7.0 in /usr/lib/python3/dist-packages (from -r requirements.txt (line 76)) (0.7.0)
Collecting pure-eval==0.2.2
  Downloading pure_eval-0.2.2-py3-none-any.whl (11 kB)
Collecting PyAudio==0.2.12
  Downloading PyAudio-0.2.12.tar.gz (42 kB)
     ━━━━━━━━━━━━━━━━━━━━━━━━━━━━━━━━━━━━━━━━ 42.9/42.9 KB 1.5 MB/s eta 0:00:00
  Installing build dependencies: started
  Installing build dependencies: finished with status 'done'
  Getting requirements to build wheel: started
  Getting requirements to build wheel: finished with status 'done'
  Preparing metadata (pyproject.toml): started
  Preparing metadata (pyproject.toml): finished with status 'done'
Collecting pybind11==2.10.0
  Downloading pybind11-2.10.0-py3-none-any.whl (213 kB)
     ━━━━━━━━━━━━━━━━━━━━━━━━━━━━━━━━━━━━━ 213.3/213.3 KB 626.4 kB/s eta 0:00:00
Collecting pycairo==1.21.0
  Downloading pycairo-1.21.0.tar.gz (340 kB)
     ━━━━━━━━━━━━━━━━━━━━━━━━━━━━━━━━━━━━━━━ 340.7/340.7 KB 6.1 MB/s eta 0:00:00
  Installing build dependencies: started
  Installing build dependencies: finished with status 'done'
  Getting requirements to build wheel: started
  Getting requirements to build wheel: finished with status 'done'
  Preparing metadata (pyproject.toml): started
  Preparing metadata (pyproject.toml): finished with status 'done'
Collecting pycparser==2.19
  Downloading pycparser-2.19.tar.gz (158 kB)
     ━━━━━━━━━━━━━━━━━━━━━━━━━━━━━━━━━━━━━━━ 158.3/158.3 KB 4.7 MB/s eta 0:00:00
  Preparing metadata (setup.py): started
  Preparing metadata (setup.py): finished with status 'done'
Collecting pycurl==7.45.1
  Downloading pycurl-7.45.1.tar.gz (233 kB)
     ━━━━━━━━━━━━━━━━━━━━━━━━━━━━━━━━━━━━━━━ 233.9/233.9 KB 4.5 MB/s eta 0:00:00
  Preparing metadata (setup.py): started
  Preparing metadata (setup.py): finished with status 'done'
Collecting pydantic==1.9.1
  Downloading pydantic-1.9.1-py3-none-any.whl (142 kB)
     ━━━━━━━━━━━━━━━━━━━━━━━━━━━━━━━━━━━━━━━ 142.9/142.9 KB 2.1 MB/s eta 0:00:00
Collecting pyeda==0.28.0
  Downloading pyeda-0.28.0.zip (535 kB)
     ━━━━━━━━━━━━━━━━━━━━━━━━━━━━━━━━━━━━━━━ 535.1/535.1 KB 5.5 MB/s eta 0:00:00
  Preparing metadata (setup.py): started
  Preparing metadata (setup.py): finished with status 'done'
Requirement already satisfied: pyrsistent==0.18.1 in /usr/lib/python3/dist-packages (from -r requirements.txt (line 85)) (0.18.1)
Collecting python-dateutil==2.8.2
  Downloading python_dateutil-2.8.2-py2.py3-none-any.whl (247 kB)
     ━━━━━━━━━━━━━━━━━━━━━━━━━━━━━━━━━━━━━━━ 247.7/247.7 KB 5.6 MB/s eta 0:00:00
Collecting pyzmq==23.2.0
  Downloading pyzmq-23.2.0-cp310-cp310-manylinux_2_17_aarch64.manylinux2014_aarch64.whl (1.8 MB)
     ━━━━━━━━━━━━━━━━━━━━━━━━━━━━━━━━━━━━━━━━ 1.8/1.8 MB 7.7 MB/s eta 0:00:00
Collecting qtconsole==5.3.1
  Downloading qtconsole-5.3.1-py3-none-any.whl (120 kB)
     ━━━━━━━━━━━━━━━━━━━━━━━━━━━━━━━━━━━━━━━ 120.8/120.8 KB 4.0 MB/s eta 0:00:00
Collecting QtPy==2.1.0
  Downloading QtPy-2.1.0-py3-none-any.whl (68 kB)
     ━━━━━━━━━━━━━━━━━━━━━━━━━━━━━━━━━━━━━━━━ 68.2/68.2 KB 2.8 MB/s eta 0:00:00
Collecting rise==5.7.1
  Downloading rise-5.7.1-py2.py3-none-any.whl (4.3 MB)
     ━━━━━━━━━━━━━━━━━━━━━━━━━━━━━━━━━━━━━━━━ 4.3/4.3 MB 7.9 MB/s eta 0:00:00
Collecting roman==3.3
  Downloading roman-3.3-py2.py3-none-any.whl (3.9 kB)
Collecting Send2Trash==1.8.0
  Downloading Send2Trash-1.8.0-py3-none-any.whl (18 kB)
Collecting setproctitle==1.3.0
  Downloading setproctitle-1.3.0-cp310-cp310-manylinux_2_17_aarch64.manylinux2014_aarch64.whl (31 kB)
Collecting simple-term-menu==1.5.0
  Downloading simple_term_menu-1.5.0-py3-none-any.whl (26 kB)
Collecting simplegeneric==0.8.1
  Downloading simplegeneric-0.8.1.zip (12 kB)
  Preparing metadata (setup.py): started
  Preparing metadata (setup.py): finished with status 'done'
Collecting sniffio==1.2.0
  Downloading sniffio-1.2.0-py3-none-any.whl (10 kB)
Collecting snowballstemmer==2.2.0
  Downloading snowballstemmer-2.2.0-py2.py3-none-any.whl (93 kB)
     ━━━━━━━━━━━━━━━━━━━━━━━━━━━━━━━━━━━━━━━━ 93.0/93.0 KB 3.4 MB/s eta 0:00:00
Collecting SpeechRecognition==3.8.1
  Downloading SpeechRecognition-3.8.1-py2.py3-none-any.whl (32.8 MB)
     ━━━━━━━━━━━━━━━━━━━━━━━━━━━━━━━━━━━━━━━━ 32.8/32.8 MB 3.9 MB/s eta 0:00:00
Collecting Sphinx==5.1.1
  Downloading Sphinx-5.1.1-py3-none-any.whl (3.2 MB)
     ━━━━━━━━━━━━━━━━━━━━━━━━━━━━━━━━━━━━━━━━ 3.2/3.2 MB 7.8 MB/s eta 0:00:00
Collecting sphinx-rtd-theme==1.0.0
  Downloading sphinx_rtd_theme-1.0.0-py2.py3-none-any.whl (2.8 MB)
     ━━━━━━━━━━━━━━━━━━━━━━━━━━━━━━━━━━━━━━━━ 2.8/2.8 MB 6.8 MB/s eta 0:00:00
Collecting sphinxcontrib-applehelp==1.0.2
  Downloading sphinxcontrib_applehelp-1.0.2-py2.py3-none-any.whl (121 kB)
     ━━━━━━━━━━━━━━━━━━━━━━━━━━━━━━━━━━━━━ 121.2/121.2 KB 245.4 kB/s eta 0:00:00
Collecting sphinxcontrib-devhelp==1.0.2
  Downloading sphinxcontrib_devhelp-1.0.2-py2.py3-none-any.whl (84 kB)
     ━━━━━━━━━━━━━━━━━━━━━━━━━━━━━━━━━━━━━━━━ 84.7/84.7 KB 3.4 MB/s eta 0:00:00
Collecting sphinxcontrib-htmlhelp==2.0.0
  Downloading sphinxcontrib_htmlhelp-2.0.0-py2.py3-none-any.whl (100 kB)
     ━━━━━━━━━━━━━━━━━━━━━━━━━━━━━━━━━━━━━━━ 100.5/100.5 KB 3.8 MB/s eta 0:00:00
Collecting sphinxcontrib-jsmath==1.0.1
  Downloading sphinxcontrib_jsmath-1.0.1-py2.py3-none-any.whl (5.1 kB)
Collecting sphinxcontrib-qthelp==1.0.3
  Downloading sphinxcontrib_qthelp-1.0.3-py2.py3-none-any.whl (90 kB)
     ━━━━━━━━━━━━━━━━━━━━━━━━━━━━━━━━━━━━━━━━ 90.6/90.6 KB 3.1 MB/s eta 0:00:00
Collecting sphinxcontrib-serializinghtml==1.1.5
  Downloading sphinxcontrib_serializinghtml-1.1.5-py2.py3-none-any.whl (94 kB)
     ━━━━━━━━━━━━━━━━━━━━━━━━━━━━━━━━━━━━━━━━ 94.0/94.0 KB 3.9 MB/s eta 0:00:00
Collecting stack-data==0.3.0
  Downloading stack_data-0.3.0-py3-none-any.whl (23 kB)
Collecting tenacity==8.0.1
  Downloading tenacity-8.0.1-py3-none-any.whl (24 kB)
Collecting terminado==0.15.0
  Downloading terminado-0.15.0-py3-none-any.whl (16 kB)
Collecting testpath==0.6.0
  Downloading testpath-0.6.0-py3-none-any.whl (83 kB)
     ━━━━━━━━━━━━━━━━━━━━━━━━━━━━━━━━━━━━━━━━ 83.9/83.9 KB 3.2 MB/s eta 0:00:00
Collecting testresources==2.0.1
  Downloading testresources-2.0.1-py2.py3-none-any.whl (36 kB)
Collecting tinycss2==1.1.1
  Downloading tinycss2-1.1.1-py3-none-any.whl (21 kB)
Collecting tqdm==4.64.0
  Downloading tqdm-4.64.0-py2.py3-none-any.whl (78 kB)
     ━━━━━━━━━━━━━━━━━━━━━━━━━━━━━━━━━━━━━━━━ 78.4/78.4 KB 3.0 MB/s eta 0:00:00
Collecting traitlets==5.3.0
  Downloading traitlets-5.3.0-py3-none-any.whl (106 kB)
     ━━━━━━━━━━━━━━━━━━━━━━━━━━━━━━━━━━━━━━━ 106.8/106.8 KB 3.5 MB/s eta 0:00:00
Collecting typing_extensions==4.3.0
  Downloading typing_extensions-4.3.0-py3-none-any.whl (25 kB)
Collecting voila==0.3.6
  Downloading voila-0.3.6-py3-none-any.whl (1.7 MB)
     ━━━━━━━━━━━━━━━━━━━━━━━━━━━━━━━━━━━━━━━━ 1.7/1.7 MB 7.6 MB/s eta 0:00:00
Collecting voila-gridstack==0.3.0
  Downloading voila_gridstack-0.3.0-py2.py3-none-any.whl (226 kB)
     ━━━━━━━━━━━━━━━━━━━━━━━━━━━━━━━━━━━━━━━ 226.9/226.9 KB 2.2 MB/s eta 0:00:00
Collecting wcwidth==0.2.5
  Downloading wcwidth-0.2.5-py2.py3-none-any.whl (30 kB)
Collecting websocket-client==1.3.3
  Downloading websocket_client-1.3.3-py3-none-any.whl (54 kB)
     ━━━━━━━━━━━━━━━━━━━━━━━━━━━━━━━━━━━━━━━━ 54.3/54.3 KB 2.4 MB/s eta 0:00:00
Collecting websockets==10.3
  Downloading websockets-10.3-cp310-cp310-manylinux_2_17_aarch64.manylinux2014_aarch64.whl (106 kB)
     ━━━━━━━━━━━━━━━━━━━━━━━━━━━━━━━━━━━━━━━ 106.8/106.8 KB 4.0 MB/s eta 0:00:00
Collecting Werkzeug==2.2.1
  Downloading Werkzeug-2.2.1-py3-none-any.whl (232 kB)
     ━━━━━━━━━━━━━━━━━━━━━━━━━━━━━━━━━━━━━━━ 232.4/232.4 KB 5.3 MB/s eta 0:00:00
Collecting widgetsnbextension==3.6.1
  Downloading widgetsnbextension-3.6.1-py2.py3-none-any.whl (1.6 MB)
     ━━━━━━━━━━━━━━━━━━━━━━━━━━━━━━━━━━━━━━━━ 1.6/1.6 MB 7.3 MB/s eta 0:00:00
Collecting wurlitzer==3.0.2
  Downloading wurlitzer-3.0.2-py3-none-any.whl (7.3 kB)
Requirement already satisfied: idna>=2.8 in /usr/lib/python3/dist-packages (from anyio==3.6.1->-r requirements.txt (line 2)) (3.3)
Requirement already satisfied: cffi>=1.0.1 in /usr/lib/python3/dist-packages (from argon2-cffi-bindings==21.2.0->-r requirements.txt (line 4)) (1.15.0)
Requirement already satisfied: six in /usr/lib/python3/dist-packages (from asttokens==2.0.5->-r requirements.txt (line 5)) (1.16.0)
Collecting webencodings
  Downloading webencodings-0.5.1-py2.py3-none-any.whl (11 kB)
Requirement already satisfied: ply in /usr/lib/python3/dist-packages (from CppHeaderParser==2.7.4->-r requirements.txt (line 9)) (3.11)
Collecting matplotlib>=1.1.1
  Downloading matplotlib-3.10.9-cp310-cp310-manylinux_2_27_aarch64.manylinux_2_28_aarch64.whl (9.6 MB)
     ━━━━━━━━━━━━━━━━━━━━━━━━━━━━━━━━━━━━━━━━ 9.6/9.6 MB 8.0 MB/s eta 0:00:00
Requirement already satisfied: numpy in /usr/lib/python3/dist-packages (from deltasigma==0.2.2->-r requirements.txt (line 19)) (1.21.5)
Collecting scipy>=0.11.0
  Downloading scipy-1.15.3-cp310-cp310-manylinux_2_17_aarch64.manylinux2014_aarch64.whl (35.5 MB)
     ━━━━━━━━━━━━━━━━━━━━━━━━━━━━━━━━━━━━━━━━ 35.5/35.5 MB 3.6 MB/s eta 0:00:00
Requirement already satisfied: click>=8.0 in /usr/lib/python3/dist-packages (from Flask==2.1.3->-r requirements.txt (line 24)) (8.0.3)
Requirement already satisfied: Jinja2>=3.0 in /usr/lib/python3/dist-packages (from Flask==2.1.3->-r requirements.txt (line 24)) (3.0.3)
Collecting brotli
  Downloading brotli-1.2.0-cp310-cp310-manylinux2014_aarch64.manylinux_2_17_aarch64.manylinux_2_28_aarch64.whl (1.5 MB)
     ━━━━━━━━━━━━━━━━━━━━━━━━━━━━━━━━━━━━━━━━ 1.5/1.5 MB 7.5 MB/s eta 0:00:00
Requirement already satisfied: requests in /usr/lib/python3/dist-packages (from gTTS==2.2.4->-r requirements.txt (line 26)) (2.25.1)
Collecting packaging
  Using cached packaging-26.3-py3-none-any.whl (129 kB)
Collecting psutil
  Downloading psutil-7.2.2-cp36-abi3-manylinux2014_aarch64.manylinux_2_17_aarch64.manylinux_2_28_aarch64.whl (156 kB)
     ━━━━━━━━━━━━━━━━━━━━━━━━━━━━━━━━━━━━━━━ 157.0/157.0 KB 4.8 MB/s eta 0:00:00
Collecting tornado>=6.1
  Downloading tornado-6.5.8-cp39-abi3-manylinux2014_aarch64.manylinux_2_17_aarch64.manylinux_2_28_aarch64.whl (451 kB)
     ━━━━━━━━━━━━━━━━━━━━━━━━━━━━━━━━━━━━━━━ 451.7/451.7 KB 6.4 MB/s eta 0:00:00
Collecting pygments>=2.4.0
  Downloading pygments-2.20.0-py3-none-any.whl (1.2 MB)
     ━━━━━━━━━━━━━━━━━━━━━━━━━━━━━━━━━━━━━━━━ 1.2/1.2 MB 7.4 MB/s eta 0:00:00
Requirement already satisfied: setuptools>=18.5 in /usr/local/share/pynq-venv/lib/python3.10/site-packages (from ipython==8.4.0->-r requirements.txt (line 30)) (59.6.0)
Collecting decorator
  Downloading decorator-5.3.1-py3-none-any.whl (10 kB)
Requirement already satisfied: attrs>=17.4.0 in /usr/lib/python3/dist-packages (from jsonschema==4.9.0->-r requirements.txt (line 36)) (21.2.0)
Collecting lxml
  Downloading lxml-6.1.1-cp310-cp310-manylinux_2_26_aarch64.manylinux_2_28_aarch64.whl (5.1 MB)
     ━━━━━━━━━━━━━━━━━━━━━━━━━━━━━━━━━━━━━━━━ 5.1/5.1 MB 7.9 MB/s eta 0:00:00
Requirement already satisfied: pyyaml in /usr/lib/python3/dist-packages (from jupyter-contrib-nbextensions==0.5.1->-r requirements.txt (line 41)) (5.4.1)
Requirement already satisfied: babel in /usr/lib/python3/dist-packages (from jupyterlab-server==2.15.0->-r requirements.txt (line 49)) (2.8.0)
Collecting defusedxml
  Downloading defusedxml-0.7.1-py2.py3-none-any.whl (25 kB)
Collecting beautifulsoup4
  Downloading beautifulsoup4-4.15.0-py3-none-any.whl (109 kB)
     ━━━━━━━━━━━━━━━━━━━━━━━━━━━━━━━━━━━━━━━ 109.9/109.9 KB 4.0 MB/s eta 0:00:00
Collecting numpy
  Downloading numpy-2.2.6-cp310-cp310-manylinux_2_17_aarch64.manylinux2014_aarch64.whl (14.3 MB)
     ━━━━━━━━━━━━━━━━━━━━━━━━━━━━━━━━━━━━━━━━ 14.3/14.3 MB 6.8 MB/s eta 0:00:00
Collecting cycler>=0.10
  Downloading cycler-0.12.1-py3-none-any.whl (8.3 kB)
Requirement already satisfied: pillow>=8 in /usr/lib/python3/dist-packages (from matplotlib>=1.1.1->deltasigma==0.2.2->-r requirements.txt (line 19)) (9.0.1)
Collecting pyparsing>=3
  Downloading pyparsing-3.3.2-py3-none-any.whl (122 kB)
     ━━━━━━━━━━━━━━━━━━━━━━━━━━━━━━━━━━━━━━━ 122.8/122.8 KB 4.4 MB/s eta 0:00:00
Collecting kiwisolver>=1.3.1
  Downloading kiwisolver-1.5.0-cp310-cp310-manylinux_2_24_aarch64.manylinux_2_28_aarch64.whl (1.2 MB)
     ━━━━━━━━━━━━━━━━━━━━━━━━━━━━━━━━━━━━━━━━ 1.2/1.2 MB 7.7 MB/s eta 0:00:00
Collecting fonttools>=4.22.0
  Downloading fonttools-4.63.0-cp310-cp310-manylinux2014_aarch64.manylinux_2_17_aarch64.manylinux_2_28_aarch64.whl (4.9 MB)
     ━━━━━━━━━━━━━━━━━━━━━━━━━━━━━━━━━━━━━━━━ 4.9/4.9 MB 7.0 MB/s eta 0:00:00
Collecting contourpy>=1.0.1
  Downloading contourpy-1.3.2-cp310-cp310-manylinux_2_17_aarch64.manylinux2014_aarch64.whl (312 kB)
     ━━━━━━━━━━━━━━━━━━━━━━━━━━━━━━━━━━━━━━━ 312.1/312.1 KB 6.0 MB/s eta 0:00:00
Collecting soupsieve>=1.6.1
  Downloading soupsieve-2.9.2-py3-none-any.whl (37 kB)
Building wheels for collected packages: CppHeaderParser, dash-renderer, deltasigma, imutils, json5, jupyter-latex-envs, lrcurve, PyAudio, pycairo, pycparser, pycurl, pyeda, simplegeneric
  Building wheel for CppHeaderParser (setup.py): started
  Building wheel for CppHeaderParser (setup.py): finished with status 'done'
  Created wheel for CppHeaderParser: filename=CppHeaderParser-2.7.4-py3-none-any.whl size=44978 sha256=9cd462fdf7740229dcf9bf1c2937e94fea6af38ba2b23875361d3f5df3f24448
  Stored in directory: /root/.cache/pip/wheels/00/b8/9c/4c1bd8c1a6686beb9789a3373aaf027857ed099ce52fe656ca
  Building wheel for dash-renderer (setup.py): started
  Building wheel for dash-renderer (setup.py): finished with status 'done'
  Created wheel for dash-renderer: filename=dash_renderer-1.9.1-py3-none-any.whl size=1014875 sha256=4cbe190baf28bf6cfa7e5b1217330392fa763dd4cbefbec4326ccc45d7e51c13
  Stored in directory: /root/.cache/pip/wheels/bd/b7/17/d60d18a7b3420135dfe0ce04d361b396f32b66b75a40471bb6
  Building wheel for deltasigma (setup.py): started
  Building wheel for deltasigma (setup.py): finished with status 'done'
  Created wheel for deltasigma: filename=deltasigma-0.2.2-py3-none-any.whl size=261483 sha256=b8b73b75567aa4320c10934671b61bc67e32230aa0e2fa7e6b79c1c37d4cbe6a
  Stored in directory: /root/.cache/pip/wheels/e8/a5/2c/07d2b15e3299deb65fb48119166fac20cb6b41f4382d542c08
  Building wheel for imutils (setup.py): started
  Building wheel for imutils (setup.py): finished with status 'done'
  Created wheel for imutils: filename=imutils-0.5.4-py3-none-any.whl size=25858 sha256=f034fe7d73305430d623d767efa248f839f0a02852406ae8a3cfa76030918cf6
  Stored in directory: /root/.cache/pip/wheels/85/cf/3a/e265e975a1e7c7e54eb3692d6aa4e2e7d6a3945d29da46f2d7
  Building wheel for json5 (setup.py): started
  Building wheel for json5 (setup.py): finished with status 'done'
  Created wheel for json5: filename=json5-0.9.8-py2.py3-none-any.whl size=18604 sha256=11a79b78b70b87cdce12d52c58e354be3a449c16141305c5dde14a95fb63784c
  Stored in directory: /root/.cache/pip/wheels/71/1a/c7/4fdc7a3d57e8dfa411ad739c67e72c1c8007c0acc95d5b030b
  Building wheel for jupyter-latex-envs (setup.py): started
  Building wheel for jupyter-latex-envs (setup.py): finished with status 'done'
  Created wheel for jupyter-latex-envs: filename=jupyter_latex_envs-1.4.6-py2.py3-none-any.whl size=963415 sha256=c50df17b3e9c77cc4ef7618c14bfd19fd9eb2b6a19784c3953f421a11f8ec36d
  Stored in directory: /root/.cache/pip/wheels/14/85/98/70847c103a91d78f705656e8569efa57abdb15299817e93f0b
  Building wheel for lrcurve (setup.py): started
  Building wheel for lrcurve (setup.py): finished with status 'done'
  Created wheel for lrcurve: filename=lrcurve-1.1.0-py3-none-any.whl size=69143 sha256=057e134107d44721ae410aa0360b3d028b13c59c289b4bf307e1af2655db66f3
  Stored in directory: /root/.cache/pip/wheels/db/3b/df/2b8b6f4b333df04960460f43842d59bfcf455afa6c01fcc2e8
  Building wheel for PyAudio (pyproject.toml): started
  Building wheel for PyAudio (pyproject.toml): finished with status 'done'
  Created wheel for PyAudio: filename=PyAudio-0.2.12-cp310-cp310-linux_aarch64.whl size=51691 sha256=0afc4038260c5f9ded125feb9d300cfa6bc959bff9ced61fc7c38415f98e49f3
  Stored in directory: /root/.cache/pip/wheels/eb/71/06/030b8fdda053802be6a3c6b13b39bb7cb1bd196d9459b6e0f9
  Building wheel for pycairo (pyproject.toml): started
  Building wheel for pycairo (pyproject.toml): finished with status 'done'
  Created wheel for pycairo: filename=pycairo-1.21.0-cp310-cp310-linux_aarch64.whl size=320265 sha256=d3096cb1191d12325907b0b7ba8b23cdbbf91dd44dfaf1bcc54b9bbdfabec17c
  Stored in directory: /root/.cache/pip/wheels/d4/cf/25/129fbd30fd8a5625b72581c5d49031a39e61604bf3f0217119
  Building wheel for pycparser (setup.py): started
  Building wheel for pycparser (setup.py): finished with status 'done'
  Created wheel for pycparser: filename=pycparser-2.19-py2.py3-none-any.whl size=111051 sha256=dce70cae7f214a96419f861caeaa965a8bd37a60a8a4efd0af18f5545c7318f0
  Stored in directory: /root/.cache/pip/wheels/2e/6f/70/59a963f3a0b0142bd29f95ed4c4eaebf035a354cdc27040962
  Building wheel for pycurl (setup.py): started
  Building wheel for pycurl (setup.py): finished with status 'done'
  Created wheel for pycurl: filename=pycurl-7.45.1-cp310-cp310-linux_aarch64.whl size=307567 sha256=c8dc6c11492bdd699f3a40241cf2b14401d9622eb91793485b09abf2ee76db63
  Stored in directory: /root/.cache/pip/wheels/6f/4b/92/d2e925cd0530205f61a994351294964c71e696987febc47e91
  Building wheel for pyeda (setup.py): started
  Building wheel for pyeda (setup.py): finished with status 'done'
  Created wheel for pyeda: filename=pyeda-0.28.0-cp310-cp310-linux_aarch64.whl size=614492 sha256=b159d14756883eed1227228436234db1a3c854f914f427e83c8076c765eb64d4
  Stored in directory: /root/.cache/pip/wheels/a2/87/fa/83c615deff379923e659daafd4fc35ffa9101ecbb823da1eda
  Building wheel for simplegeneric (setup.py): started
  Building wheel for simplegeneric (setup.py): finished with status 'done'
  Created wheel for simplegeneric: filename=simplegeneric-0.8.1-py3-none-any.whl size=5078 sha256=6a340ce755de92098a1ee210db3f4ab863b13cfddbb2d85d0635d65678b25671
  Stored in directory: /root/.cache/pip/wheels/6a/88/e8/d4f4d830f0edaf91815bd9714e65b3c57ebc95c4ddfc6416a6
Successfully built CppHeaderParser dash-renderer deltasigma imutils json5 jupyter-latex-envs lrcurve PyAudio pycairo pycparser pycurl pyeda simplegeneric
Installing collected packages: webencodings, wcwidth, SpeechRecognition, snowballstemmer, simplegeneric, Send2Trash, pyeda, PyAudio, pure-eval, pickleshare, parsec, mistune, jupyter-highlight-selected-word, json5, ipython-genutils, imutils, fastjsonschema, executing, dash-table, dash-renderer, dash-html-components, dash-core-components, brotli, backcall, alabaster, wurlitzer, websockets, websocket-client, typing_extensions, traitlets, tqdm, tornado, tinycss2, testpath, tenacity, sphinxcontrib-serializinghtml, sphinxcontrib-qthelp, sphinxcontrib-jsmath, sphinxcontrib-htmlhelp, sphinxcontrib-devhelp, sphinxcontrib-applehelp, soupsieve, sniffio, simple-term-menu, setproctitle, roman, pyzmq, python-dateutil, pyparsing, pygments, pycurl, pycparser, pycairo, pybind11, psutil, prompt-toolkit, prometheus-client, pbr, parso, pandocfilters, packaging, ordered-set, numpy, nest-asyncio, nbwavedrom, MarkupSafe, lxml, kiwisolver, jupyterlab-widgets, jupyterlab-pygments, jsonschema, itsdangerous, imagesize, gTTS, fonttools, entrypoints, docutils, defusedxml, decorator, debugpy, Cython, cycler, CppHeaderParser, bleach, async-generator, asttokens, argon2-cffi-bindings, Werkzeug, testresources, terminado, stack-data, Sphinx, scipy, QtPy, pydantic, plotly, patsy, matplotlib-inline, jupyter-core, jedi, deepdiff, contourpy, beautifulsoup4, argon2-cffi, anyio, sphinx-rtd-theme, nbformat, matplotlib, jupyter-client, ipython, Flask, nbclient, lrcurve, ipykernel, Flask-Compress, deltasigma, qtconsole, nbconvert, jupyterplot, jupyter-console, dash, notebook, nbsphinx, jupyter-server, dash-bootstrap-components, widgetsnbextension, rise, notebook-shim, jupyterlab-server, jupyter-latex-envs, jupyter-contrib-core, voila, nbclassic, jupyter-nbextensions-configurator, ipywidgets, voila-gridstack, jupyterlab, jupyter-contrib-nbextensions, jupyter
  Attempting uninstall: python-dateutil
    Found existing installation: python-dateutil 2.8.1
    Not uninstalling python-dateutil at /usr/lib/python3/dist-packages, outside environment /usr/local/share/pynq-venv
    Can't uninstall 'python-dateutil'. No files were found to uninstall.
  Attempting uninstall: pyparsing
    Found existing installation: pyparsing 2.4.7
    Not uninstalling pyparsing at /usr/lib/python3/dist-packages, outside environment /usr/local/share/pynq-venv
    Can't uninstall 'pyparsing'. No files were found to uninstall.
  Attempting uninstall: pycparser
    Found existing installation: pycparser 2.21
    Not uninstalling pycparser at /usr/lib/python3/dist-packages, outside environment /usr/local/share/pynq-venv
    Can't uninstall 'pycparser'. No files were found to uninstall.
  Attempting uninstall: pycairo
    Found existing installation: pycairo 1.20.1
    Not uninstalling pycairo at /usr/lib/python3/dist-packages, outside environment /usr/local/share/pynq-venv
    Can't uninstall 'pycairo'. No files were found to uninstall.
  Attempting uninstall: pybind11
    Found existing installation: pybind11 2.9.1
    Not uninstalling pybind11 at /usr/lib/python3/dist-packages, outside environment /usr/local/share/pynq-venv
    Can't uninstall 'pybind11'. No files were found to uninstall.
  Attempting uninstall: numpy
    Found existing installation: numpy 1.21.5
    Not uninstalling numpy at /usr/lib/python3/dist-packages, outside environment /usr/local/share/pynq-venv
    Can't uninstall 'numpy'. No files were found to uninstall.
  Attempting uninstall: MarkupSafe
    Found existing installation: MarkupSafe 2.0.1
    Not uninstalling markupsafe at /usr/lib/python3/dist-packages, outside environment /usr/local/share/pynq-venv
    Can't uninstall 'MarkupSafe'. No files were found to uninstall.
  Attempting uninstall: jsonschema
    Found existing installation: jsonschema 3.2.0
    Not uninstalling jsonschema at /usr/lib/python3/dist-packages, outside environment /usr/local/share/pynq-venv
    Can't uninstall 'jsonschema'. No files were found to uninstall.
Successfully installed CppHeaderParser-2.7.4 Cython-0.29.32 Flask-2.1.3 Flask-Compress-1.12 MarkupSafe-2.1.1 PyAudio-0.2.12 QtPy-2.1.0 Send2Trash-1.8.0 SpeechRecognition-3.8.1 Sphinx-5.1.1 Werkzeug-2.2.1 alabaster-0.7.12 anyio-3.6.1 argon2-cffi-21.3.0 argon2-cffi-bindings-21.2.0 asttokens-2.0.5 async-generator-1.10 backcall-0.2.0 beautifulsoup4-4.15.0 bleach-5.0.1 brotli-1.2.0 contourpy-1.3.2 cycler-0.12.1 dash-2.6.0 dash-bootstrap-components-1.2.1 dash-core-components-2.0.0 dash-html-components-2.0.0 dash-renderer-1.9.1 dash-table-5.0.0 debugpy-1.6.2 decorator-5.3.1 deepdiff-5.8.1 defusedxml-0.7.1 deltasigma-0.2.2 docutils-0.17.1 entrypoints-0.4 executing-0.9.1 fastjsonschema-2.16.1 fonttools-4.63.0 gTTS-2.2.4 imagesize-1.4.1 imutils-0.5.4 ipykernel-6.15.1 ipython-8.4.0 ipython-genutils-0.2.0 ipywidgets-7.7.1 itsdangerous-2.1.2 jedi-0.18.1 json5-0.9.8 jsonschema-4.9.0 jupyter-1.0.0 jupyter-client-7.3.4 jupyter-console-6.4.4 jupyter-contrib-core-0.4.0 jupyter-contrib-nbextensions-0.5.1 jupyter-core-4.11.1 jupyter-highlight-selected-word-0.2.0 jupyter-latex-envs-1.4.6 jupyter-nbextensions-configurator-0.5.0 jupyter-server-1.18.1 jupyterlab-3.4.4 jupyterlab-pygments-0.2.2 jupyterlab-server-2.15.0 jupyterlab-widgets-1.1.1 jupyterplot-0.0.3 kiwisolver-1.5.0 lrcurve-1.1.0 lxml-6.1.1 matplotlib-3.10.9 matplotlib-inline-0.1.3 mistune-0.8.4 nbclassic-0.4.3 nbclient-0.5.13 nbconvert-6.5.0 nbformat-5.4.0 nbsphinx-0.8.9 nbwavedrom-1.0.1 nest-asyncio-1.5.5 notebook-6.4.12 notebook-shim-0.1.0 numpy-2.2.6 ordered-set-4.1.0 packaging-26.3 pandocfilters-1.5.0 parsec-3.13 parso-0.8.3 patsy-0.5.2 pbr-5.9.0 pickleshare-0.7.5 plotly-5.9.0 prometheus-client-0.14.1 prompt-toolkit-3.0.30 psutil-7.2.2 pure-eval-0.2.2 pybind11-2.10.0 pycairo-1.21.0 pycparser-2.19 pycurl-7.45.1 pydantic-1.9.1 pyeda-0.28.0 pygments-2.20.0 pyparsing-3.3.2 python-dateutil-2.8.2 pyzmq-23.2.0 qtconsole-5.3.1 rise-5.7.1 roman-3.3 scipy-1.15.3 setproctitle-1.3.0 simple-term-menu-1.5.0 simplegeneric-0.8.1 sniffio-1.2.0 snowballstemmer-2.2.0 soupsieve-2.9.2 sphinx-rtd-theme-1.0.0 sphinxcontrib-applehelp-1.0.2 sphinxcontrib-devhelp-1.0.2 sphinxcontrib-htmlhelp-2.0.0 sphinxcontrib-jsmath-1.0.1 sphinxcontrib-qthelp-1.0.3 sphinxcontrib-serializinghtml-1.1.5 stack-data-0.3.0 tenacity-8.0.1 terminado-0.15.0 testpath-0.6.0 testresources-2.0.1 tinycss2-1.1.1 tornado-6.5.8 tqdm-4.64.0 traitlets-5.3.0 typing_extensions-4.3.0 voila-0.3.6 voila-gridstack-0.3.0 wcwidth-0.2.5 webencodings-0.5.1 websocket-client-1.3.3 websockets-10.3 widgetsnbextension-3.6.1 wurlitzer-3.0.2
++ rm requirements.txt
/home/ubuntu
Collecting numpy
  Downloading numpy-1.26.4-cp310-cp310-manylinux_2_17_aarch64.manylinux2014_aarch64.whl (14.2 MB)
     ━━━━━━━━━━━━━━━━━━━━━━━━━━━━━━━━━━━━━━━━ 14.2/14.2 MB 6.3 MB/s eta 0:00:00
Installing collected packages: numpy
  Attempting uninstall: numpy
    Found existing installation: numpy 2.2.6
    Uninstalling numpy-2.2.6:
      Successfully uninstalled numpy-2.2.6
Successfully installed numpy-1.26.4
Collecting pynqmetadata
  Downloading pynqmetadata-0.1.2-py3-none-any.whl (276 kB)
     ━━━━━━━━━━━━━━━━━━━━━━━━━━━━━━━━━━━━━━━ 276.7/276.7 KB 1.9 MB/s eta 0:00:00
Requirement already satisfied: pydantic in /usr/local/share/pynq-venv/lib/python3.10/site-packages (from pynqmetadata) (1.9.1)
Requirement already satisfied: jsonschema>=3.2.0 in /usr/local/share/pynq-venv/lib/python3.10/site-packages (from pynqmetadata) (4.9.0)
Requirement already satisfied: pyrsistent!=0.17.0,!=0.17.1,!=0.17.2,>=0.14.0 in /usr/lib/python3/dist-packages (from jsonschema>=3.2.0->pynqmetadata) (0.18.1)
Requirement already satisfied: attrs>=17.4.0 in /usr/lib/python3/dist-packages (from jsonschema>=3.2.0->pynqmetadata) (21.2.0)
Collecting typing-extensions>=3.7.4.3
  Downloading typing_extensions-4.16.0-py3-none-any.whl (45 kB)
     ━━━━━━━━━━━━━━━━━━━━━━━━━━━━━━━━━━━━━━━━ 45.6/45.6 KB 1.9 MB/s eta 0:00:00
Installing collected packages: typing-extensions, pynqmetadata
  Attempting uninstall: typing-extensions
    Found existing installation: typing_extensions 4.3.0
    Uninstalling typing_extensions-4.3.0:
      Successfully uninstalled typing_extensions-4.3.0
Successfully installed pynqmetadata-0.1.2 typing-extensions-4.16.0
Collecting pynqutils
  Downloading pynqutils-0.1.1-py3-none-any.whl (30 kB)
Collecting python-magic>=0.4.25
  Downloading python_magic-0.4.27-py2.py3-none-any.whl (13 kB)
Requirement already satisfied: cffi in /usr/lib/python3/dist-packages (from pynqutils) (1.15.0)
Requirement already satisfied: pynqmetadata>=0.0.1 in /usr/local/share/pynq-venv/lib/python3.10/site-packages (from pynqutils) (0.1.2)
Requirement already satisfied: numpy in /usr/local/share/pynq-venv/lib/python3.10/site-packages (from pynqutils) (1.26.4)
Requirement already satisfied: setuptools>=24.2.0 in /usr/local/share/pynq-venv/lib/python3.10/site-packages (from pynqutils) (59.6.0)
Requirement already satisfied: tqdm in /usr/local/share/pynq-venv/lib/python3.10/site-packages (from pynqutils) (4.64.0)
Requirement already satisfied: jsonschema>=3.2.0 in /usr/local/share/pynq-venv/lib/python3.10/site-packages (from pynqmetadata>=0.0.1->pynqutils) (4.9.0)
Requirement already satisfied: pydantic in /usr/local/share/pynq-venv/lib/python3.10/site-packages (from pynqmetadata>=0.0.1->pynqutils) (1.9.1)
Requirement already satisfied: pyrsistent!=0.17.0,!=0.17.1,!=0.17.2,>=0.14.0 in /usr/lib/python3/dist-packages (from jsonschema>=3.2.0->pynqmetadata>=0.0.1->pynqutils) (0.18.1)
Requirement already satisfied: attrs>=17.4.0 in /usr/lib/python3/dist-packages (from jsonschema>=3.2.0->pynqmetadata>=0.0.1->pynqutils) (21.2.0)
Requirement already satisfied: typing-extensions>=3.7.4.3 in /usr/local/share/pynq-venv/lib/python3.10/site-packages (from pydantic->pynqmetadata>=0.0.1->pynqutils) (4.16.0)
Installing collected packages: python-magic, pynqutils
  Attempting uninstall: python-magic
    Found existing installation: python-magic 0.4.24
    Not uninstalling python-magic at /usr/lib/python3/dist-packages, outside environment /usr/local/share/pynq-venv
    Can't uninstall 'python-magic'. No files were found to uninstall.
Successfully installed pynqutils-0.1.1 python-magic-0.4.27
/home/ubuntu/pynq/sdbuild/packages/jupyter /home/ubuntu
++ set -e
++ export HOME=/root
++ HOME=/root
++ export PYNQ_PYTHON=python3
++ PYNQ_PYTHON=python3
++ '[' -z /root/jupyter_notebooks ']'
++ '[' == arm ']'
./qemu.sh: line 13: [: ==: unary operator expected
++ export NODE_OPTIONS=--max-old-space-size=4096
++ NODE_OPTIONS=--max-old-space-size=4096
++ source /etc/profile.d/pynq_venv.sh
+++ source /usr/local/share/pynq-venv/bin/activate
++++ deactivate nondestructive
++++ '[' -n '' ']'
++++ '[' -n '' ']'
++++ '[' -n /usr/bin/bash -o -n '' ']'
++++ hash -r
++++ '[' -n '' ']'
++++ unset VIRTUAL_ENV
++++ unset VIRTUAL_ENV_PROMPT
++++ '[' '!' nondestructive = nondestructive ']'
++++ VIRTUAL_ENV=/usr/local/share/pynq-venv
++++ export VIRTUAL_ENV
++++ _OLD_VIRTUAL_PATH=/usr/local/share/pynq-venv/bin:/usr/local/sbin:/usr/local/bin:/usr/sbin:/usr/bin:/sbin:/bin:/snap/bin
++++ PATH=/usr/local/share/pynq-venv/bin:/usr/local/share/pynq-venv/bin:/usr/local/sbin:/usr/local/bin:/usr/sbin:/usr/bin:/sbin:/bin:/snap/bin
++++ export PATH
++++ '[' -n '' ']'
++++ '[' -z '' ']'
++++ _OLD_VIRTUAL_PS1=
++++ PS1='(pynq-venv) '
++++ export PS1
++++ VIRTUAL_ENV_PROMPT='(pynq-venv) '
++++ export VIRTUAL_ENV_PROMPT
++++ '[' -n /usr/bin/bash -o -n '' ']'
++++ hash -r
+++ export PYNQ_JUPYTER_NOTEBOOKS=/root/jupyter_notebooks
+++ PYNQ_JUPYTER_NOTEBOOKS=/root/jupyter_notebooks
+++ export BOARD=KV260
+++ BOARD=KV260
+++ export XILINX_XRT=/usr
+++ XILINX_XRT=/usr
++ jupyter notebook --generate-config --allow-root
Writing default config to: /root/.jupyter/jupyter_notebook_config.py
++ cat -
++ mkdir -p /root/jupyter_notebooks
++ systemctl enable jupyter
Created symlink /etc/systemd/system/basic.target.wants/jupyter.service → /lib/systemd/system/jupyter.service.
/home/ubuntu
/home/ubuntu/pynq/sdbuild/packages/libsds /home/ubuntu
make: Nothing to be done for 'all'.
install libcma.so.64 /usr/lib/libcma.so
install libxlnk_cma.h /usr/include
/home/ubuntu
Collecting pynq
  Downloading pynq-3.0.1.tar.gz (63.0 MB)
     ━━━━━━━━━━━━━━━━━━━━━━━━━━━━━━━━━━━━━━━━ 63.0/63.0 MB 2.4 MB/s eta 0:00:00
  Preparing metadata (setup.py): started
  Preparing metadata (setup.py): finished with status 'done'
Requirement already satisfied: cffi in /usr/lib/python3/dist-packages (from pynq) (1.15.0)
Requirement already satisfied: nest_asyncio in /usr/local/share/pynq-venv/lib/python3.10/site-packages (from pynq) (1.5.5)
Requirement already satisfied: numpy in /usr/local/share/pynq-venv/lib/python3.10/site-packages (from pynq) (1.26.4)
Requirement already satisfied: pynqmetadata>=0.0.1 in /usr/local/share/pynq-venv/lib/python3.10/site-packages (from pynq) (0.1.2)
Requirement already satisfied: pynqutils>=0.0.1 in /usr/local/share/pynq-venv/lib/python3.10/site-packages (from pynq) (0.1.1)
Requirement already satisfied: setuptools>=24.2.0 in /usr/local/share/pynq-venv/lib/python3.10/site-packages (from pynq) (59.6.0)
Requirement already satisfied: pydantic in /usr/local/share/pynq-venv/lib/python3.10/site-packages (from pynqmetadata>=0.0.1->pynq) (1.9.1)
Requirement already satisfied: jsonschema>=3.2.0 in /usr/local/share/pynq-venv/lib/python3.10/site-packages (from pynqmetadata>=0.0.1->pynq) (4.9.0)
Requirement already satisfied: python-magic>=0.4.25 in /usr/local/share/pynq-venv/lib/python3.10/site-packages (from pynqutils>=0.0.1->pynq) (0.4.27)
Requirement already satisfied: tqdm in /usr/local/share/pynq-venv/lib/python3.10/site-packages (from pynqutils>=0.0.1->pynq) (4.64.0)
Requirement already satisfied: attrs>=17.4.0 in /usr/lib/python3/dist-packages (from jsonschema>=3.2.0->pynqmetadata>=0.0.1->pynq) (21.2.0)
Requirement already satisfied: pyrsistent!=0.17.0,!=0.17.1,!=0.17.2,>=0.14.0 in /usr/lib/python3/dist-packages (from jsonschema>=3.2.0->pynqmetadata>=0.0.1->pynq) (0.18.1)
Requirement already satisfied: typing-extensions>=3.7.4.3 in /usr/local/share/pynq-venv/lib/python3.10/site-packages (from pydantic->pynqmetadata>=0.0.1->pynq) (4.16.0)
Building wheels for collected packages: pynq
  Building wheel for pynq (setup.py): started
  Building wheel for pynq (setup.py): still running...
  Building wheel for pynq (setup.py): finished with status 'done'
  Created wheel for pynq: filename=pynq-3.0.1-cp310-cp310-linux_aarch64.whl size=11480229 sha256=1400bb1bf033e944b0ac480c4835b3b4e6f2b7a529173e69b6eada8c7b97433a
  Stored in directory: /root/.cache/pip/wheels/b5/0a/21/2fa46e689b734d3c054450440af457f52b1033e2d8438caca8
Successfully built pynq
Installing collected packages: pynq
Successfully installed pynq-3.0.1
/tmp /home/ubuntu
/home/ubuntu
/home/ubuntu/Kria-PYNQ/install.sh: line 197: pushd: dts/: No such file or directory
